family,model,source,target,label,in_distribution,n_source,n_target,n_target_ill,n_flagged,n_flagged_ill,prevalence_source,prevalence_target,defined,sens_source,spec_source,sens_target,spec_target,ppv_observed,ppv_observed_low,ppv_observed_high,ppv_recomputed,gap,gap_low,gap_high,gap_draws_kept,recomputed_inside_interval,gap_from_sensitivity,gap_from_specificity,false_alerts_observed,false_alerts_recomputed,prevalence_estimated,ppv_recipe_estimated_prevalence,ppv_mean_probability,ppv_mean_probability_prior_corrected,likelihood_ratio_healthy_source,likelihood_ratio_healthy_target,likelihood_ratio_ill_source,likelihood_ratio_ill_target,summarised
infarction,ptbxl_baseline,ptbxl,sph,MI,False,2198,25770,260,4647,253,0.2502274795268426,0.010089251067132324,True,0.9018181818181819,0.8064320388349514,0.9730769230769231,0.8277538220305762,0.05444372713578653,0.04828058101992703,0.06134290611351179,0.04533159004953394,-0.009112137086252595,-0.013638417137889939,-0.004100350454645446,2000.0,False,0.0034073741188921924,0.005327178207028209,17.367588932806324,21.059671829452654,0.033270227183669177,0.13818207406359023,0.4966460092717508,0.16557720556199526,0.9891895211405209,1.6918003530809522,59.23461049847342,156.97377548792954,True
infarction,ptbxl_baseline,ptbxl,acs,MI,False,2198,17955,2679,8702,2245,0.2502274795268426,0.1492063492063492,True,0.9018181818181819,0.8064320388349514,0.8379992534527809,0.5773108143493061,0.2579866697310963,0.24890216730855627,0.26728474926658624,0.4496573780504533,0.191670708319357,0.16741452030973714,0.2186593227240529,2000.0,False,-0.018087963889112435,-0.17737305143155307,2.8761692650334076,1.22391547167674,0.42468033203678257,0.7747265536327256,0.6456793879221511,0.7676041095684428,0.9891895211405209,16.260211286206996,59.23461049847342,112.67163085804485,True
rotation,resnet_ptbxl,ptbxl,ptbxl,NSR,True,2000,8000,6614,6239,5952,0.822,0.82675,True,0.9008515815085159,0.7893258426966292,0.8999092833383732,0.7929292929292929,0.953999038307421,0.9485156305345604,0.9589237201790083,0.9532825937250012,-0.0007164445824198173,-0.011165101104765335,0.009148599756097026,2000.0,True,-4.6630358854438114e-05,0.0007623507299513443,0.048219086021505375,0.04900688062754612,0.8247973598553289,0.9526744238033586,0.8913662800767479,0.9547612090890347,0.9206297709136514,0.9111668432152343,8.449683100152015,8.182638694698262,True
rotation,resnet_ptbxl,ptbxl,ptbxl,AF,True,2000,8000,550,599,484,0.0755,0.06875,True,0.9072847682119205,0.9853975121687398,0.88,0.9845637583892617,0.8080133555926544,0.7745487767226393,0.8375524558665304,0.8210111858985311,0.012997830305876645,-0.051109810760901604,0.07447808244123927,2000.0,True,-0.004531156411255899,-0.008305582705952164,0.23760330578512398,0.21801020153651132,0.06977305393893765,0.8233314911941905,0.8507219484334,0.8047057046137834,1.2757152794215352,1.672344980138506,217.5108827509964,163.09224506515255,True
rotation,resnet_ptbxl,ptbxl,ptbxl,LBBB,True,2000,8000,216,260,190,0.023,0.027,True,0.9347826086956522,0.9907881269191402,0.8796296296296297,0.9910071942446043,0.7307692307692307,0.673782339902651,0.7810362490195382,0.7379370107324151,0.007167779963184406,-0.09431803506929805,0.10690414886365843,2000.0,True,-0.011929329435825253,0.004627747822108952,0.3684210526315789,0.35512921219045895,0.02522584216936878,0.7242184356484854,0.5424202485296589,0.6979865103456995,1.6711256075740877,1.893714064621052,11613.010079592443,2847.13462295793,True
rotation,resnet_ptbxl,ptbxl,ptbxl,RBBB,True,2000,8000,208,229,177,0.023,0.026,True,0.9347826086956522,0.9933469805527124,0.8509615384615384,0.9933264887063655,0.7729257641921398,0.7144239629970677,0.8224220120844561,0.7895023678869437,0.01657660369480396,-0.08528559953477483,0.11708036443759376,2000.0,True,-0.016037297687414243,-0.00051154219886973,0.2937853107344633,0.2666206469734102,0.025035553300634096,0.7829836529456426,0.8654326557071969,0.7723658039691244,0.9157725021798511,13.464363221577738,202.3386346696568,192.81102710909641,True
rotation,resnet_ptbxl,ptbxl,ptbxl,IAVB,True,2000,8000,385,1156,357,0.037,0.048125,True,0.918918918918919,0.8909657320872274,0.9272727272727272,0.895075508864084,0.3088235294117647,0.2828603962877194,0.3360530365452322,0.2987837504884161,-0.010039778923348619,-0.04313132408330054,0.0252067257026944,2000.0,True,0.001899495296398157,0.008111426873082472,2.238095238095238,2.3469022273310345,0.05169163586327803,0.31478386186934443,0.2693316978128517,0.31876304832644275,1.0492228919118272,0.9925319875954626,23.990338237060676,32.255287017624575,True
rotation,resnet_ptbxl,ptbxl,sph,NSR,False,2000,8000,0,7228,0,0.822,0.0,False,,,,,,,,,,,,,,,,,,,,,,,,,,False
rotation,resnet_ptbxl,ptbxl,sph,AF,False,2000,8000,216,232,198,0.0755,0.027,True,0.9072847682119205,0.9853975121687398,0.9166666666666666,0.9956320657759506,0.853448275862069,0.8021896275078828,0.8931927739582062,0.6329090836406516,-0.22053919222141738,-0.31458555311692604,-0.12203196241093074,2000.0,False,0.00238687138043181,0.21924780169022395,0.1717171717171717,0.5800057636205023,0.019904081006222825,0.5578741421415032,0.8775174123202932,0.6420606335342642,1.2757152794215352,0.7459340579760224,217.5108827509964,207.84194678079288,True
rotation,resnet_ptbxl,ptbxl,sph,LBBB,False,2000,8000,23,25,22,0.023,0.002875,True,0.9347826086956522,0.9907881269191402,0.9565217391304348,0.9996239187664535,0.88,0.7004420607907267,0.9583318284955964,0.22635602946168262,-0.6536439705383174,-0.7869608267103725,-0.4847499598778864,2000.0,False,0.004051208417120977,0.6511949909464686,0.13636363636363635,3.4178191426055173,0.0013294052186652318,0.11900645567706687,0.6301039764285088,0.41245937381032843,1.6711256075740877,0.039737424567840886,11613.010079592443,3304.6673711052667,True
rotation,resnet_ptbxl,ptbxl,sph,RBBB,False,2000,8000,219,160,154,0.023,0.027375,True,0.9347826086956522,0.9933469805527124,0.7031963470319634,0.9992288908880607,0.9625,0.9206101926328578,0.9827020768335,0.7981666060549707,-0.16433339394502933,-0.2620774022088054,-0.07308503738736395,2000.0,False,-0.04974780231730269,0.17335923733716796,0.03896103896103896,0.25287125822341017,0.014024636645454776,0.6665066895684343,0.8609086722135544,0.6558705294208851,0.9157725021798511,0.5345801485750726,202.3386346696568,172.24116983935906,True
rotation,resnet_ptbxl,ptbxl,sph,IAVB,False,2000,8000,67,341,66,0.037,0.008375,True,0.918918918918919,0.8909657320872274,0.9850746268656716,0.965334677927644,0.1935483870967742,0.15512400507405405,0.2388003776995587,0.06644916117291579,-0.12709922592385842,-0.15996565617922293,-0.0971276984950188,2000.0,False,0.004444725542762443,0.11647864738727066,4.166666666666667,14.049098925384074,0.0,0.0,0.20887821520572183,0.0,1.0492228919118272,0.27576005612270044,23.990338237060676,34.26071055992634,True
rotation,resnet_ptbxl,ptbxl,chapman_ningbo,NSR,False,2000,7981,1459,4642,1398,0.822,0.1828091717829846,True,0.9008515815085159,0.7893258426966292,0.9581905414667581,0.5026065624041705,0.3011632916846187,0.28813485561235075,0.3145205478571015,0.4889013354242414,0.18773804373962272,0.14015030308050896,0.24183058894527307,2000.0,False,0.015424602571660673,-0.2005635306853299,2.3204577968526467,1.0454024719164563,0.5220765553795734,0.8236669215356286,0.8754126577991599,0.8199187933766097,0.9206297709136514,2.579966083349139,8.449683100152015,13.828837607656158,True
rotation,resnet_ptbxl,ptbxl,chapman_ningbo,AF,False,2000,7981,307,1571,279,0.0755,0.03846635759929833,True,0.9072847682119205,0.9853975121687398,0.9087947882736156,0.8316393015376596,0.17759388924252067,0.15948895239551442,0.197271695270838,0.7131063403833853,0.5355124511408647,0.4633466523621186,0.6135022877481122,2000.0,False,0.00034009418924851875,-0.5357552012357536,4.630824372759856,0.4023153958529844,0.2216721425343115,0.9465114807681341,0.8143829548154038,0.9131688599602048,1.2757152794215352,21.631903193082834,217.5108827509964,124.88142788381971,True
rotation,resnet_ptbxl,ptbxl,chapman_ningbo,LBBB,False,2000,7981,74,103,44,0.023,0.009272021049993735,True,0.9347826086956522,0.9907881269191402,0.5945945945945946,0.9925382572404199,0.42718446601941745,0.3359680595227062,0.5236370023552522,0.4870984057188047,0.05991393969938724,-0.07136567730108459,0.20857207566546818,2000.0,True,-0.11050950154801403,0.05258951829747771,1.3409090909090908,1.0529732560391225,0.005891455152941302,0.3755399299418287,0.43624797586387803,0.4107868717552279,1.6711256075740877,1.2037115829536906,11613.010079592443,3229.6323090377678,True
rotation,resnet_ptbxl,ptbxl,chapman_ningbo,RBBB,False,2000,7981,308,291,236,0.023,0.03859165518105501,True,0.9347826086956522,0.9933469805527124,0.7662337662337663,0.9928320083409358,0.8109965635738832,0.762072555718614,0.8518166874155205,0.8493970735114424,0.03840050993755928,-0.0430328295454143,0.11835466714653764,2000.0,True,-0.027236697111664765,-0.009787589550493636,0.2330508474576271,0.1773056809178291,0.03376499856435053,0.8307934201308311,0.8645366264372757,0.8127517440990323,0.9157725021798511,10.313071006230068,202.3386346696568,222.34641717293485,True
rotation,resnet_ptbxl,ptbxl,chapman_ningbo,IAVB,False,2000,7981,217,1122,195,0.037,0.027189575241197843,True,0.918918918918919,0.8909657320872274,0.8986175115207373,0.8806027820710973,0.17379679144385027,0.1527471482968049,0.19707249614339756,0.1906457185939502,0.016848927150099918,-0.008140305356755998,0.04282392252050021,2000.0,True,-0.0034233218960274814,-0.013617621562014182,4.753846153846154,4.24533153629254,0.013652423948711221,0.1044662323133381,0.17667301173808314,0.08483882291135013,1.0492228919118272,0.7922372415811323,23.990338237060676,19.023530973196962,True
rotation,resnet_ptbxl,ptbxl,georgia,NSR,False,2000,4123,686,2896,675,0.822,0.166383701188455,True,0.9008515815085159,0.7893258426966292,0.9839650145772595,0.3537969159150422,0.23308011049723756,0.218041414381067,0.24882599131885486,0.46047046955804816,0.2273903590608106,0.17894628906164906,0.27994383659131195,2000.0,False,0.02198699166767082,-0.2427925451093852,3.29037037037037,1.171691924044083,0.7143969236406051,0.9145001943360543,0.8749211920600241,0.9065362326923487,0.9206297709136514,3.992068421736385,8.449683100152015,14.256332836012007,True
rotation,resnet_ptbxl,ptbxl,georgia,AF,False,2000,4123,245,351,186,0.0755,0.059422750424448216,True,0.9072847682119205,0.9853975121687398,0.7591836734693878,0.9574522949974213,0.5299145299145299,0.477659201535076,0.5815221581340926,0.7969674990042347,0.2670529690897048,0.19472497028706204,0.3389331458646315,2000.0,False,-0.030363245961570917,-0.22301059065950146,0.8870967741935484,0.25475631220776607,0.08582585478605101,0.8536554230229776,0.8047311098826917,0.7864564777465901,1.2757152794215352,7.483172206646224,217.5108827509964,121.11097208839442,True
rotation,resnet_ptbxl,ptbxl,georgia,LBBB,False,2000,4123,92,117,70,0.023,0.022313849138976473,True,0.9347826086956522,0.9907881269191402,0.7608695652173914,0.9883403621930043,0.5982905982905983,0.507701980493569,0.6826300481368339,0.6984314344851658,0.10014083619456748,-0.023876647544693878,0.22478799616742506,2000.0,False,-0.04503835726077332,-0.05181489313178156,0.6714285714285714,0.43177977196448664,0.022402973256406312,0.6992895252175256,0.5768629429686782,0.7043595171377867,1.6711256075740877,5.639495438309792,11613.010079592443,1960.3234656288112,True
rotation,resnet_ptbxl,ptbxl,georgia,RBBB,False,2000,4123,239,169,140,0.023,0.05796749939364541,True,0.9347826086956522,0.9933469805527124,0.5857740585774058,0.9925334706488157,0.8284023668639053,0.7644233061673041,0.8777837242370822,0.8963290749954589,0.06792670813155355,-0.006413011415066055,0.14551178328904998,2000.0,False,-0.05214357390304092,-0.011220126584468693,0.20714285714285716,0.11566167816777151,0.042082890839749296,0.8605809105726253,0.8618013961075326,0.8380630503488368,0.9157725021798511,2.2224376833746113,202.3386346696568,181.2525537205434,True
rotation,resnet_ptbxl,ptbxl,georgia,IAVB,False,2000,4123,296,714,273,0.037,0.07179238418627214,True,0.918918918918919,0.8909657320872274,0.9222972972972973,0.8847661353540632,0.38235294117647056,0.3474272199603353,0.4185378160017853,0.39461802338457086,0.012265082208100297,-0.030344123422769185,0.05364400428523871,2000.0,True,0.0008770167367407877,-0.013131347367740576,1.6153846153846154,1.5340961150815466,0.07963806885082877,0.4217145132890441,0.28693407292918666,0.41360197846959096,1.0492228919118272,1.1504301961054255,23.990338237060676,32.1011359517297,True
rotation,resnet_ptbxl,ptbxl,cpsc,NSR,False,2000,4115,374,2920,369,0.822,0.09088699878493317,True,0.9008515815085159,0.7893258426966292,0.9866310160427807,0.31809676557070304,0.12636986301369862,0.11480714144551506,0.13891436475404106,0.29946965696629435,0.17309979395259573,0.1344602900702478,0.22082523609061736,2000.0,False,0.019422217801571717,-0.18280483679298237,6.913279132791328,2.3392364693313525,0.7222808652099306,0.9174982852279355,0.8872632154863175,0.9195852860331942,0.9206297709136514,5.320702073076329,8.449683100152015,17.052382147150606,True
rotation,resnet_ptbxl,ptbxl,cpsc,AF,False,2000,4115,541,527,443,0.0755,0.13147023086269743,True,0.9072847682119205,0.9853975121687398,0.8188539741219963,0.9764969222160045,0.8406072106261859,0.8069065698998129,0.8693782116196008,0.9038924962442828,0.06328528561809688,0.020054300242922467,0.10447303926060854,2000.0,False,-0.009285105502642166,-0.05001984500754586,0.18961625282167044,0.10632625467635634,0.13478776302702972,0.9063610266889341,0.8532313844736885,0.8876423933270039,1.2757152794215352,2.032168384008599,217.5108827509964,168.61108403854206,True
rotation,resnet_ptbxl,ptbxl,cpsc,LBBB,False,2000,4115,95,69,50,0.023,0.023086269744835967,True,0.9347826086956522,0.9907881269191402,0.5263157894736842,0.995273631840796,0.7246376811594203,0.609527027856669,0.8160547836815831,0.7057145256903886,-0.01892315546903167,-0.15921454268173865,0.11629599494738542,2000.0,True,-0.13121140914328833,0.11804026358164077,0.38,0.4170035667350292,0.0130138128997269,0.5722840307938146,0.6365532066835009,0.7003612586417055,1.6711256075740877,1.1160738786930249,11613.010079592443,5695.037323322902,True
rotation,resnet_ptbxl,ptbxl,cpsc,RBBB,False,2000,4115,788,469,440,0.023,0.19149453219927096,True,0.9347826086956522,0.9933469805527124,0.5583756345177665,0.9912834385332131,0.9381663113006397,0.9126074921034907,0.9566056285587036,0.970827293033924,0.032660981733284355,0.0055130410456213415,0.058568348310590726,2000.0,False,-0.01872371954478569,-0.008705650691939737,0.0659090909090909,0.030049327182498687,0.12966434963319562,0.9544060178063587,0.868989208486797,0.9490568686814985,0.9157725021798511,2.032397738990536,202.3386346696568,147.0528091743011,True
rotation,resnet_ptbxl,ptbxl,cpsc,IAVB,False,2000,4115,310,637,264,0.037,0.07533414337788578,True,0.918918918918919,0.8909657320872274,0.8516129032258064,0.9019710906701708,0.41444270015698587,0.3768113219751545,0.4530998073694002,0.4071008679654161,-0.007341832191569753,-0.050510507156994545,0.037361901571676404,2000.0,True,-0.018222431482135648,0.025913387817008526,1.4128787878787878,1.4563936819828927,0.05875895852374023,0.3447448867553191,0.2654183611063231,0.33513675952863187,1.0492228919118272,0.8834111146778394,23.990338237060676,25.24023970940602,True
rotation,resnet_sph,sph,ptbxl,NSR,False,2000,8000,6614,8000,6614,0.0,0.82675,False,,,,,,,,,,,,,,,,,,,,,,,,,,False
rotation,resnet_sph,sph,ptbxl,AF,False,2000,8000,550,1744,388,0.028,0.06875,True,0.9285714285714286,0.8667695473251029,0.7054545454545454,0.817986577181208,0.22247706422018348,0.20357919473889996,0.24259483030503615,0.3397330452444561,0.11725598102427259,0.08384940169452029,0.15059032539639594,2000.0,False,-0.05868907138925994,-0.0661430858046459,3.4948453608247423,1.9434875823764703,0.07029950576372063,0.34512656898429295,0.6336412680668568,0.2827721896747365,1.2332862652551622,2.7538937105359893,57.05002716680752,21.406732886936314,True
rotation,resnet_sph,sph,ptbxl,LBBB,False,2000,8000,216,1073,209,0.006,0.027,True,1.0,0.9859154929577465,0.9675925925925926,0.8890030832476875,0.19478098788443615,0.1721908749973589,0.2195487403055984,0.6633217993079588,0.4685408114235226,0.39028387133332904,0.5583648821815773,2000.0,False,-0.00739641363850696,-0.46332179930795886,4.133971291866029,0.5075639019300984,0.11888096466045411,0.9054762430798976,0.07357885894380364,0.6842146120614775,0.858624184746112,106717.77289434671,15731.475448132229,925990.2703124804,True
rotation,resnet_sph,sph,ptbxl,RBBB,False,2000,8000,208,1913,203,0.0265,0.026,True,0.9245283018867925,0.9563430919363123,0.9759615384615384,0.7805441478439425,0.10611604809200209,0.09309531767776452,0.12071550999122929,0.3611462319614557,0.2550301838694536,0.20177314247253228,0.3153377182128587,2000.0,False,0.01258256476989128,-0.26005718393622307,8.423645320197044,1.7689614662980278,0.14416379325753292,0.7810495646376329,0.3078967858664789,0.49821318162816525,1.0221645739831604,7.742521087458944,314.64733788793234,293.88641639742724,True
rotation,resnet_sph,sph,ptbxl,IAVB,False,2000,8000,385,3299,364,0.007,0.048125,True,1.0,0.8464249748237663,0.9454545454545454,0.6145764937623113,0.11033646559563504,0.10009501472452342,0.1214843338288897,0.2476722321467615,0.13733576655112648,0.1173487750503088,0.16043694291687852,2000.0,False,-0.01030267550230593,-0.13170837672507474,8.063186813186814,3.037594329135115,0.3156688071127356,0.7502259376341853,0.34508179246512066,0.6815702096106285,0.999668583604167,4.070512602596583,14.015264209931797,31.501374802108298,True
rotation,resnet_sph,sph,sph,NSR,True,2000,8000,0,8000,0,0.0,0.0,False,,,,,,,,,,,,,,,,,,,,,,,,,,False
rotation,resnet_sph,sph,sph,AF,True,2000,8000,216,1159,204,0.028,0.027,True,0.9285714285714286,0.8667695473251029,0.9444444444444444,0.8773124357656732,0.17601380500431407,0.15516918484856002,0.19899900867144643,0.16205994525040368,-0.013953859753910391,-0.03531609599881361,0.00807705082872457,2000.0,True,0.0023148951728353684,0.011509099130854822,4.681372549019608,5.17055620039159,0.029372666896341965,0.17417661729392708,0.6282687292878643,0.18091456696376343,1.2332862652551622,1.7029405345856428,57.05002716680752,58.063621943012535,True
rotation,resnet_sph,sph,sph,LBBB,True,2000,8000,23,154,23,0.006,0.002875,True,1.0,0.9859154929577465,1.0,0.9835777861351386,0.14935064935064934,0.10162818388836428,0.2141409378182045,0.16992715920915732,0.02057650985850798,-0.026536329517811125,0.09431688621742983,2000.0,True,0.0,-0.020576509858507563,5.695652173913044,4.884874464176356,0.0036588427388793902,0.20680989314905743,0.045001096321971384,0.17564377350690494,0.858624184746112,26.47340420358198,15731.475448132229,27201.68994112557,True
rotation,resnet_sph,sph,sph,RBBB,True,2000,8000,219,478,199,0.0265,0.027375,True,0.9245283018867925,0.9563430919363123,0.908675799086758,0.9641434262948207,0.41631799163179917,0.37296548748470604,0.4610047976879318,0.3734495723802075,-0.04286841925159168,-0.10018358572117603,0.01971741483164959,2000.0,True,-0.004037899652865329,0.04707711466423192,1.4020100502512562,1.6777377026473175,0.025750794469514657,0.3588682796906214,0.4239473214614591,0.3864961806724453,1.0221645739831604,0.5069638403417219,314.64733788793234,316.91225748715385,True
rotation,resnet_sph,sph,sph,IAVB,True,2000,8000,67,1264,67,0.007,0.008375,True,1.0,0.8464249748237663,1.0,0.8491113071977814,0.05300632911392405,0.041953986140401495,0.06676738265669548,0.05212747495031589,-0.0008788541636081601,-0.00641596702784669,0.005311358331744385,2000.0,True,0.0,0.0008788541636081532,17.865671641791046,18.18374141377704,0.0031257112041285615,0.020008302997076996,0.29476904660416176,0.018300360217060097,0.999668583604167,0.8749723119802333,14.015264209931797,25.554216761168654,True
rotation,resnet_sph,sph,chapman_ningbo,NSR,False,2000,7981,1459,7981,1459,0.0,0.1828091717829846,False,,,,,,,,,,,,,,,,,,,,,,,,,,False
rotation,resnet_sph,sph,chapman_ningbo,AF,False,2000,7981,307,2841,269,0.028,0.03846635759929833,True,0.9285714285714286,0.8667695473251029,0.8762214983713354,0.6648423247328642,0.09468497008095741,0.08445967352240527,0.10600488018432752,0.218030875752731,0.12334590567177359,0.09772325807811627,0.14979339655595156,2000.0,False,-0.009731499771353569,-0.11825338131537007,9.561338289962825,3.586506367722436,0.28978276652755486,0.7398381726957973,0.7886607451407014,0.7335735899036645,1.2332862652551622,20.371192880153856,57.05002716680752,33.01097609490762,True
rotation,resnet_sph,sph,chapman_ningbo,LBBB,False,2000,7981,74,721,59,0.006,0.009272021049993735,True,1.0,0.9859154929577465,0.7972972972972973,0.9162767168331858,0.08183079056865465,0.06396953271078704,0.10412441023078853,0.3992097864903886,0.3173789959217339,0.22905298002137087,0.43089523567432464,2000.0,False,-0.0528969558025576,-0.298666308229519,11.220338983050848,1.5049486105824115,0.05948871011302949,0.8178789508787732,0.06906225415135264,0.5247795421187477,0.858624184746112,58318.17247039123,15731.475448132229,683104.2549971606,True
rotation,resnet_sph,sph,chapman_ningbo,RBBB,False,2000,7981,308,1495,271,0.0265,0.03859165518105501,True,0.9245283018867925,0.9563430919363123,0.8798701298701299,0.840479603805552,0.18127090301003346,0.1625675563007393,0.20160802451764068,0.45947880493294646,0.278207901922913,0.22080928671104014,0.3402865877192894,2000.0,False,-0.012268924287910932,-0.27074387421412294,4.516605166051661,1.1763789521171362,0.08183815260101751,0.6536884372593742,0.2857116638467862,0.37224076714407994,1.0221645739831604,4.708657086621715,314.64733788793234,282.52244166161694,True
rotation,resnet_sph,sph,chapman_ningbo,IAVB,False,2000,7981,217,3043,192,0.007,0.027189575241197843,True,1.0,0.8464249748237663,0.8847926267281107,0.6327923750643998,0.06309562931317779,0.05499574978708296,0.07229720721856693,0.15397097944895677,0.09087535013577898,0.07519995423848162,0.10961363442639574,2000.0,False,-0.01527838066496126,-0.08324086210866995,14.848958333333334,5.494730393863033,0.24919927184352858,0.6836676828840361,0.3256908540335134,0.5875596755700885,0.999668583604167,3.182448191546866,14.015264209931797,19.951782555411462,True
rotation,resnet_sph,sph,georgia,NSR,False,2000,4123,686,4123,686,0.0,0.166383701188455,False,,,,,,,,,,,,,,,,,,,,,,,,,,False
rotation,resnet_sph,sph,georgia,AF,False,2000,4123,245,1399,171,0.028,0.059422750424448216,True,0.9285714285714286,0.8667695473251029,0.6979591836734694,0.6833419288292935,0.1222301644031451,0.1060929462197011,0.14043630813483413,0.3057106635827858,0.1834804991796407,0.1507169644550278,0.2173790416160124,2000.0,False,-0.05704404578809891,-0.14940698786997236,7.181286549707602,2.2710667932890147,0.20975665654157588,0.649120179727018,0.6873626120393833,0.5404398126762221,1.2332862652551622,9.159832130518382,57.05002716680752,13.169135740112313,True
rotation,resnet_sph,sph,georgia,LBBB,False,2000,4123,92,498,76,0.006,0.022313849138976473,True,1.0,0.9859154929577465,0.8260869565217391,0.8953113371371868,0.15261044176706828,0.1236945579883538,0.18684466925467805,0.6183849285240939,0.4657744867570256,0.3795684687244549,0.5648863979039828,2000.0,False,-0.04598649848272296,-0.4393966016758448,5.552631578947368,0.6171157379056942,0.096582393014332,0.8835917187694647,0.04699727965530053,0.58521860652384,0.858624184746112,41328.43424518653,15731.475448132229,102383.87724000866,True
rotation,resnet_sph,sph,georgia,RBBB,False,2000,4123,239,1282,209,0.0265,0.05796749939364541,True,0.9245283018867925,0.9563430919363123,0.8744769874476988,0.7237384140061792,0.16302652106084242,0.1438180075682989,0.18424845500134387,0.5658072360927838,0.4027807150319414,0.34515333031378287,0.4615556931590395,2000.0,False,-0.013720101071761137,-0.39504316493501185,5.133971291866029,0.7673863750940348,0.22382251591662788,0.8592886565395301,0.32748397229335235,0.6017117817777892,1.0221645739831604,8.362769448858804,314.64733788793234,274.31605596701473,True
rotation,resnet_sph,sph,georgia,IAVB,False,2000,4123,296,2029,287,0.007,0.07179238418627214,True,1.0,0.8464249748237663,0.9695945945945946,0.544813169584531,0.14144898965007394,0.12696256077907814,0.1572905256155271,0.3349433163294666,0.19349432667939268,0.16852170900240546,0.2211704391484444,2000.0,False,-0.00684268180885117,-0.1897028845335883,6.069686411149826,1.9855798018562374,0.42063412624698593,0.8254035750002174,0.34823571951181326,0.762692812069586,0.999668583604167,4.88503284400775,14.015264209931797,32.15606210133265,True
rotation,resnet_sph,sph,cpsc,NSR,False,2000,4115,374,4115,374,0.0,0.09088699878493317,False,,,,,,,,,,,,,,,,,,,,,,,,,,False
rotation,resnet_sph,sph,cpsc,AF,False,2000,4115,541,1362,486,0.028,0.13147023086269743,True,0.9285714285714286,0.8667695473251029,0.8983364140480592,0.7548964745383324,0.3568281938325991,0.3318213999767813,0.3826403353283272,0.5133831861215653,0.1565549922889662,0.11731816930167527,0.19324694787962876,2000.0,False,-0.008272651223546035,-0.14892238910648525,1.8024691358024691,0.947862779758446,0.21985977125526285,0.6626404381739907,0.7109166161648153,0.5831931703387355,1.2332862652551622,4.340447057157147,57.05002716680752,54.20154802483937,True
rotation,resnet_sph,sph,cpsc,LBBB,False,2000,4115,95,485,70,0.006,0.023086269744835967,True,1.0,0.9859154929577465,0.7368421052631579,0.8967661691542289,0.14432989690721648,0.11584704906058182,0.17840266365344312,0.6265675801207621,0.4822376832135456,0.3944808411690271,0.5801756659584545,2000.0,False,-0.07373109513744691,-0.4402930703168404,5.928571428571429,0.5959970348406218,0.08415125578110369,0.8670869950592711,0.050566405057907104,0.5767594537830241,0.858624184746112,2075.5218461141208,15731.475448132229,79314.69377860053,True
rotation,resnet_sph,sph,cpsc,RBBB,False,2000,4115,788,954,584,0.0265,0.19149453219927096,True,0.9245283018867925,0.9563430919363123,0.7411167512690355,0.8887886985272017,0.6121593291404612,0.5808487707369056,0.64257024921602,0.8337712104910316,0.22161188135057042,0.17851884723433578,0.26199995996376985,2000.0,False,-0.03294464022939003,-0.17058547314088912,0.6335616438356164,0.19936978803942085,0.19994341325312637,0.8410784251949891,0.5741629218585024,0.7613775764766446,1.0221645739831604,4.812806484692981,314.64733788793234,275.7389387243441,True
rotation,resnet_sph,sph,cpsc,IAVB,False,2000,4115,310,1476,287,0.007,0.07533414337788578,True,1.0,0.8464249748237663,0.9258064516129032,0.6875164257555848,0.19444444444444445,0.1750575963811425,0.2154176503937275,0.34661929922840234,0.1521748547839579,0.12687036579757668,0.1804712392388773,2000.0,False,-0.017246462250568806,-0.1398147628708306,4.142857142857143,1.8850095832115135,0.23156720339206155,0.6624168260604364,0.3328388736237517,0.5826073630478273,0.999668583604167,2.76830300552123,14.015264209931797,16.61021890719839,True
rotation,resnet_chapman_ningbo,chapman_ningbo,ptbxl,NSR,False,1994,8000,6614,4244,4116,0.19107321965897692,0.82675,True,0.9028871391076115,0.9634221946683199,0.6223162987602057,0.9076479076479076,0.9698397737983034,0.9642541876312609,0.9745755777119982,0.9915819436824377,0.021742169884134244,0.016369714722180233,0.02720408783617407,2000.0,False,-0.003749096743598468,-0.012566597621535336,0.031098153547133137,0.008489521588402587,0.5905022410830998,0.9726736695350332,0.9030552152526704,0.9529877315336437,1.3933409211984995,4.055546266535335,87.24304642811649,44.71165016413202,True
rotation,resnet_chapman_ningbo,chapman_ningbo,ptbxl,AF,False,1994,8000,550,804,487,0.03510531594784353,0.06875,True,0.9142857142857143,0.7967775467775468,0.8854545454545455,0.9574496644295302,0.6057213930348259,0.5715154444540712,0.6389218859698588,0.24932620062562744,-0.3563951924091984,-0.39071082991405665,-0.32183585139802046,2000.0,False,-0.005948774807341517,0.36402107241845666,0.6509240246406571,3.010809924872425,0.0,0.0,0.17855583403759928,0.0,1.022168093953941,0.23556458248668316,4.711157069786608,4.358970720552194,True
rotation,resnet_chapman_ningbo,chapman_ningbo,ptbxl,LBBB,False,1994,8000,216,5838,216,0.007522567703109328,0.027,True,1.0,0.13137948458817586,1.0,0.2777492291880781,0.03699897225077081,0.03245346345064306,0.04215339842552269,0.030957346960058398,-0.006041625290712414,-0.007125345043562985,-0.005069032100909605,2000.0,False,0.0,0.006041625290712414,26.02777777777778,31.30250968502611,0.0258842173711034,0.029683014868557817,0.017051019186431076,0.035270882194522964,1.1932630686051364,0.9394793808058501,75.32135921546136,55.22471483659446,True
rotation,resnet_chapman_ningbo,chapman_ningbo,ptbxl,RBBB,False,1994,8000,208,345,199,0.03159478435305918,0.026,True,0.9206349206349206,0.9875712066286898,0.9567307692307693,0.9812628336755647,0.5768115942028985,0.5241125243354512,0.6278189581757552,0.6641253686737052,0.08731377447080668,-0.008320371935981303,0.19325380152598495,2000.0,False,0.008523801518688368,-0.09672813417083648,0.7336683417085427,0.5057398002986316,0.03160177127018185,0.7073643401227693,0.6474159293632576,0.6627434141452964,2.6450900971056064,2.1349865828289607,1025.8967000159578,824.8427888162935,True
rotation,resnet_chapman_ningbo,chapman_ningbo,ptbxl,IAVB,False,1994,8000,385,1176,336,0.022567703109327986,0.048125,True,0.9333333333333333,0.9173935351462288,0.8727272727272727,0.8896913985554826,0.2857142857142857,0.26062519327921824,0.31219876859124257,0.3635573008584256,0.07784301514413988,0.033936158911807394,0.12171276278890582,2000.0,False,-0.015388173551459161,-0.0639464059167913,2.5,1.7505980422860885,0.05699431632264185,0.4057781150892584,0.34530927339365997,0.35630266849643705,0.9542931583379871,1.702641507592218,89.14049273408942,41.947207963098435,True
rotation,resnet_chapman_ningbo,chapman_ningbo,sph,NSR,False,1994,8000,0,5883,0,0.19107321965897692,0.0,False,,,,,,,,,,,,,,,,,,,,,,,,,,False
rotation,resnet_chapman_ningbo,chapman_ningbo,sph,AF,False,1994,8000,216,270,205,0.03510531594784353,0.027,True,0.9142857142857143,0.7967775467775468,0.9490740740740741,0.9916495375128469,0.7592592592592593,0.7048548788936289,0.8063898413284805,0.11098635644483071,-0.6482729028144286,-0.6954673701849566,-0.5996776684183551,2000.0,False,0.0037385214189281646,0.6413811193361649,0.3170731707317073,8.010116486678989,0.0,0.0,0.19337492433411105,0.0,1.022168093953941,0.065515158558505,4.711157069786608,4.73646854721223,True
rotation,resnet_chapman_ningbo,chapman_ningbo,sph,LBBB,False,1994,8000,23,4829,23,0.007522567703109328,0.002875,True,1.0,0.13137948458817586,1.0,0.39751786385859345,0.004762890867674467,0.0031759358817744104,0.0071371396133311955,0.0033084071934978824,-0.0014544836741765843,-0.0020580429863886794,-0.0008860798330580289,2000.0,True,0.0,0.0014544836741765843,208.95652173913044,301.2602544104401,0.0,0.0,0.00262113472150614,0.0,1.1932630686051364,0.17362101218779297,75.32135921546136,40.74822405168656,True
rotation,resnet_chapman_ningbo,chapman_ningbo,sph,RBBB,False,1994,8000,219,208,196,0.03159478435305918,0.027375,True,0.9206349206349206,0.9875712066286898,0.8949771689497716,0.9984577817761213,0.9423076923076923,0.901881069546641,0.9666930095043367,0.6758312765685542,-0.26647641573913805,-0.36107963346710226,-0.16577678207094512,2000.0,False,-0.00622298245298869,0.2679939574929706,0.061224489795918366,0.47965925027526163,0.0211430463280639,0.6153774348838117,0.8205171260767832,0.7842846973647569,2.6450900971056064,0.09810310209880742,1025.8967000159578,616.8657546205665,True
rotation,resnet_chapman_ningbo,chapman_ningbo,sph,IAVB,False,1994,8000,67,377,65,0.022567703109327986,0.008375,True,0.9333333333333333,0.9173935351462288,0.9701492537313433,0.9606706164124543,0.1724137931034483,0.13763696086370197,0.21379919641587797,0.08711192704860587,-0.08530186605484241,-0.11407748879116274,-0.05944414307746435,2000.0,False,0.0031261101877175235,0.07985140509806565,4.8,10.479484312659386,0.0015769203100649575,0.017532191431793964,0.3387399460003768,0.03207121683483553,0.9542931583379871,0.6128542878211958,89.14049273408942,62.499995861017496,True
rotation,resnet_chapman_ningbo,chapman_ningbo,chapman_ningbo,NSR,True,1994,7981,1459,1529,1273,0.19107321965897692,0.1828091717829846,True,0.9028871391076115,0.9634221946683199,0.8725154215215901,0.9607482367371972,0.8325703073904512,0.8130275524261695,0.8504461513595033,0.8466709816622838,0.014100674271832592,-0.022851410378583657,0.051602339612103164,2000.0,True,-0.004494935673260092,-0.009385017616320157,0.20109976433621368,0.1810963428044772,0.17936108738111556,0.8436279847692051,0.9131194640406601,0.8246171799638797,1.3933409211984995,1.3347867128506978,87.24304642811649,91.19730805010765,True
rotation,resnet_chapman_ningbo,chapman_ningbo,chapman_ningbo,AF,True,1994,7981,307,1760,291,0.03510531594784353,0.03846635759929833,True,0.9142857142857143,0.7967775467775468,0.9478827361563518,0.8085744070888715,0.1653409090909091,0.1487178821586998,0.1834216397302959,0.15252877609022575,-0.012812133000683346,-0.029343254077469287,0.004333129913417365,2000.0,True,0.004723546530320449,0.00789187088310822,5.048109965635739,5.556139933939202,0.018828500748624855,0.0794726603581492,0.1910454982595349,0.07725198473456418,1.022168093953941,0.9382742681494067,4.711157069786608,4.584879771922842,True
rotation,resnet_chapman_ningbo,chapman_ningbo,chapman_ningbo,LBBB,True,1994,7981,74,7007,74,0.007522567703109328,0.009272021049993735,True,1.0,0.13137948458817586,1.0,0.123181990641204,0.010560867703724847,0.008421259909281638,0.013236833446923802,0.010659472133180586,9.860442945573873e-05,-9.852310812924901e-05,0.0003144461848191722,2000.0,True,0.0,-9.860442945574047e-05,93.6891891891892,92.81327588326073,0.012461688249357825,0.014319537629951187,0.010296347549060334,0.014159618105820638,1.1932630686051364,1.0357040769867156,75.32135921546136,116.45555441274219,True
rotation,resnet_chapman_ningbo,chapman_ningbo,chapman_ningbo,RBBB,True,1994,7981,308,403,285,0.03159478435305918,0.03859165518105501,True,0.9206349206349206,0.9875712066286898,0.9253246753246753,0.9846213997132803,0.707196029776675,0.6609789264939993,0.7495003803202095,0.7483223188687498,0.04112628909207483,-0.042130997557360536,0.13115012108064286,2000.0,True,0.0009557486804376847,-0.042179540783525704,0.41403508771929826,0.33632256420163337,0.04391245173356846,0.7728362679153405,0.7238402773369631,0.7660301490134849,2.6450900971056064,2.5126670982515513,1025.8967000159578,1506.5241648830547,True
rotation,resnet_chapman_ningbo,chapman_ningbo,chapman_ningbo,IAVB,True,1994,7981,217,915,199,0.022567703109327986,0.027189575241197843,True,0.9333333333333333,0.9173935351462288,0.9170506912442397,0.9077794951056156,0.2174863387978142,0.19196722571182084,0.24536769748205173,0.23999970491816294,0.022513366120348738,-0.011698759063237505,0.05765958987520027,2000.0,True,-0.003195470111052534,-0.0195032613124147,3.5979899497487438,3.1666717896215255,0.03270154790816193,0.2763958905836829,0.3211989495394334,0.2555976384278465,0.9542931583379871,1.038329306505057,89.14049273408942,70.07424294280305,True
rotation,resnet_chapman_ningbo,chapman_ningbo,georgia,NSR,False,1994,4123,686,1814,567,0.19107321965897692,0.166383701188455,True,0.9028871391076115,0.9634221946683199,0.826530612244898,0.6371835903404132,0.3125689084895259,0.29165257691536883,0.33427739805552725,0.8312734250869971,0.5187045165974712,0.48140642905629977,0.5585451577340498,2000.0,False,-0.012758433419181814,-0.4994115396180487,2.199294532627866,0.20297361833183217,0.48646398924418177,0.9589874016042896,0.8882571372728232,0.9224846413246178,1.3933409211984995,21.016858441472483,87.24304642811649,61.843048663493775,True
rotation,resnet_chapman_ningbo,chapman_ningbo,georgia,AF,False,1994,4123,245,500,194,0.03510531594784353,0.059422750424448216,True,0.9142857142857143,0.7967775467775468,0.7918367346938775,0.9210933470861269,0.388,0.3462960293500537,0.4314118229133341,0.22132273116161358,-0.16667726883838643,-0.20252089072741317,-0.13102500612764145,2000.0,False,-0.023786169623811554,0.20131877827234876,1.577319587628866,3.518288721413722,0.0,0.0,0.1693356097638607,0.0,1.022168093953941,0.41297177987018024,4.711157069786608,3.786015196526353,True
rotation,resnet_chapman_ningbo,chapman_ningbo,georgia,LBBB,False,1994,4123,92,3156,91,0.007522567703109328,0.022313849138976473,True,1.0,0.13137948458817586,0.9891304347826086,0.23964276854378566,0.028833967046894803,0.023544075842666323,0.03526946314104373,0.025602427216071418,-0.0032315398308233843,-0.004272857499704247,-0.0021396151203249216,2000.0,True,-0.0002712379052765834,0.003539162901128455,33.68131868131868,38.05879671331591,0.008266335534706765,0.009504741119590328,0.010566616536237087,0.010749399839492376,1.1932630686051364,0.8224773624979466,75.32135921546136,23.81752687404764,True
rotation,resnet_chapman_ningbo,chapman_ningbo,georgia,RBBB,False,1994,4123,239,292,190,0.03159478435305918,0.05796749939364541,True,0.9206349206349206,0.9875712066286898,0.7949790794979079,0.9737384140061792,0.6506849315068494,0.5943664756739501,0.7030901429852209,0.8200801283573319,0.16939519685048254,0.09321394748556061,0.2449161073763298,2000.0,False,-0.022676921270269323,-0.13681908734786796,0.5368421052631579,0.21939303907175262,0.0602871798430859,0.8261513495585666,0.6790549645123825,0.7702647301001464,2.6450900971056064,6.104691077180605,1025.8967000159578,667.4170909211246,True
rotation,resnet_chapman_ningbo,chapman_ningbo,georgia,IAVB,False,1994,4123,296,693,269,0.022567703109327986,0.07179238418627214,True,0.9333333333333333,0.9173935351462288,0.9087837837837838,0.8892082571204599,0.38816738816738816,0.35259543634782653,0.42497233313834093,0.4663502986714887,0.07818291050410053,0.02665299058374818,0.12603881401457137,2000.0,False,-0.0066272824004046105,-0.07183392395709409,1.5762081784386617,1.1443108385450618,0.07660449217023796,0.48382378165690343,0.35723587148654856,0.41749480274549755,0.9542931583379871,1.3483508547672998,89.14049273408942,42.4325317379706,True
rotation,resnet_chapman_ningbo,chapman_ningbo,cpsc,NSR,False,1994,4115,374,2227,325,0.19107321965897692,0.09088699878493317,True,0.9028871391076115,0.9634221946683199,0.8689839572192514,0.491579791499599,0.14593623709025594,0.1318831501992434,0.16120870365501438,0.7116278953175786,0.5656916582273227,0.5156474748171594,0.6211269107140921,2000.0,False,-0.007917280828435791,-0.5608564361429216,5.852307692307693,0.40522878119291444,0.6119225312271186,0.9749510810738999,0.8912681464288178,0.951258437469337,1.3933409211984995,26.497874311542898,87.24304642811649,64.7460771955308,True
rotation,resnet_chapman_ningbo,chapman_ningbo,cpsc,AF,False,1994,4115,541,608,455,0.03510531594784353,0.13147023086269743,True,0.9142857142857143,0.7967775467775468,0.8410351201478743,0.9571908226077225,0.7483552631578947,0.7123750329784645,0.7812168863760948,0.4051192482546319,-0.3432360149032628,-0.3831408270893139,-0.30331095949503106,2000.0,False,-0.019955924961538807,0.3586342259589827,0.3362637362637363,1.4684090037890873,0.0,0.0,0.19285214162970843,0.0,1.022168093953941,0.27520107363728297,4.711157069786608,4.171685356705107,True
rotation,resnet_chapman_ningbo,chapman_ningbo,cpsc,LBBB,False,1994,4115,95,3123,95,0.007522567703109328,0.023086269744835967,True,1.0,0.13137948458817586,1.0,0.24676616915422886,0.030419468459814282,0.024949252436405254,0.03704348412331867,0.02648560200665363,-0.0039338664531606525,-0.005017921359789859,-0.0029774948726640563,2000.0,True,0.0,0.003933866453160656,31.873684210526317,36.75636286268982,0.009869827172944677,0.011345708625713796,0.01114998165935275,0.012939265142299103,1.1932630686051364,0.7924587055216797,75.32135921546136,37.62078392079959,True
rotation,resnet_chapman_ningbo,chapman_ningbo,cpsc,RBBB,False,1994,4115,788,600,546,0.03159478435305918,0.19149453219927096,True,0.9206349206349206,0.9875712066286898,0.6928934010152284,0.9837691614066727,0.91,0.8844172269988464,0.9303661781699191,0.9460745865180592,0.03607458651805917,0.004733095992192496,0.06538244689247384,2000.0,False,-0.016476482523433922,-0.015353289731515729,0.0989010989010989,0.056999114288027064,0.1483190573139565,0.9280558309975173,0.8343030622974038,0.942053730304483,2.6450900971056064,7.710422630172752,1025.8967000159578,599.30883263843,True
rotation,resnet_chapman_ningbo,chapman_ningbo,cpsc,IAVB,False,1994,4115,310,519,265,0.022567703109327986,0.07533414337788578,True,0.9333333333333333,0.9173935351462288,0.8548387096774194,0.933245729303548,0.5105973025048169,0.4676708807094611,0.5533680017556197,0.4793057012698795,-0.03129160123493746,-0.08678566529192874,0.020998247674869568,2000.0,True,-0.02187095293272312,0.05320963615343355,0.9584905660377359,1.0863511478177401,0.06047411689003385,0.4210448991283507,0.4266256742566996,0.4409832984551662,0.9542931583379871,0.7606903810263719,89.14049273408942,51.328742623718036,True
rotation,resnet_georgia,georgia,ptbxl,NSR,False,1997,8000,6614,3866,3780,0.171256885327992,0.82675,True,0.9035087719298246,0.8096676737160121,0.5715149682491685,0.937950937950938,0.9777547853078117,0.9726098006573823,0.9819512683962631,0.9577216036295199,-0.020033181678291823,-0.026481518152502936,-0.013824783079208439,2000.0,False,-0.02295741272299634,0.02809120767392448,0.02275132275132275,0.0441447662976963,0.4181075793221142,0.7732873521281018,0.49474802297581927,0.7640096161995966,1.052093826526467,0.3086721733672478,10.1396437678874,5.246129031625408,True
rotation,resnet_georgia,georgia,ptbxl,AF,False,1997,8000,550,3039,545,0.05558337506259389,0.06875,True,0.9099099099099099,0.6749734888653235,0.990909090909091,0.665234899328859,0.17933530766699574,0.1661032334158618,0.1933770331783206,0.17127581372617223,-0.008059493940823503,-0.021337690887494033,0.004819018460617643,2000.0,True,0.012445623629048441,-0.004149838950009699,4.576146788990826,4.838535974488221,0.06083527475524381,0.1535035583652051,0.15670914078415096,0.14814754904624253,1.0658386366791786,0.9128009120554028,28.311498316359707,27.398692919539382,True
rotation,resnet_georgia,georgia,ptbxl,LBBB,False,1997,8000,216,570,214,0.024536805207811718,0.027,True,0.9183673469387755,0.9604722792607803,0.9907407407407407,0.9542651593011305,0.37543859649122807,0.33664415685898685,0.4159007354326484,0.3919907240024716,0.01655212751124352,-0.04216991051520188,0.08320603287442316,2000.0,True,0.01821946256762985,-0.0341641888824597,1.6635514018691588,1.551080775048378,0.03731029750976139,0.4738073676822741,0.3556565482586034,0.475561377119649,2.4050390428665804,6.716339682942565,1625.9062557471598,5866.920952237954,True
rotation,resnet_georgia,georgia,ptbxl,RBBB,False,1997,8000,208,688,206,0.05758637956935403,0.026,True,0.9130434782608695,0.9187035069075452,0.9903846153846154,0.938141683778234,0.29941860465116277,0.266385959318868,0.3346787116673623,0.23065185390693502,-0.06876675074422775,-0.10236808572838457,-0.03215070034808709,2000.0,False,0.014743331007247784,0.05199341592611775,2.3398058252427183,3.335538531606543,0.023794361627522922,0.2149159108772559,0.4480119555603799,0.25189452647394256,1.2754755396199011,2101.9294309687307,127.22316156516506,155.17068360209333,True
rotation,resnet_georgia,georgia,ptbxl,IAVB,False,1997,8000,385,906,318,0.0786179268903355,0.048125,True,0.910828025477707,0.9211956521739131,0.825974025974026,0.9227839789888378,0.3509933774834437,0.3206034436690964,0.3826415586525555,0.36882846557433946,0.017835088090895734,-0.02448356767964645,0.06386678058168561,2000.0,True,-0.022459122150011446,0.004752496758819613,1.849056603773585,1.7112874773447888,0.04151364380187676,0.33360003670976246,0.3329017289377601,0.3245428600267126,1.266705172112506,1.3081018727358178,70.36489299504169,58.98789854629355,True
rotation,resnet_georgia,georgia,sph,NSR,False,1997,8000,0,5767,0,0.171256885327992,0.0,False,,,,,,,,,,,,,,,,,,,,,,,,,,False
rotation,resnet_georgia,georgia,sph,AF,False,1997,8000,216,1830,215,0.05558337506259389,0.027,True,0.9099099099099099,0.6749734888653235,0.9953703703703703,0.7925231243576567,0.11748633879781421,0.10352842197737633,0.1330468047053538,0.07208404898846392,-0.045402289809350294,-0.054630377592004266,-0.036846026802223285,2000.0,False,0.006239995328392589,0.03640954314604902,7.511627906976744,12.872694639559393,0.0040798885854001436,0.011338381983376054,0.11115110723932828,0.016441956399144867,1.0658386366791786,0.41462430926337074,28.311498316359707,30.383556287121237,True
rotation,resnet_georgia,georgia,sph,LBBB,False,1997,8000,23,74,23,0.024536805207811718,0.002875,True,0.9183673469387755,0.9604722792607803,1.0,0.9936066190297104,0.3108108108108108,0.2169084080408367,0.4233861030821202,0.06278313530229948,-0.24802767550851132,-0.34509881571870615,-0.16742939106109803,2000.0,False,0.005201320711284027,0.23008613464676517,2.217391304347826,14.927844240097617,0.0017935217659128884,0.04007187331498848,0.26907063535464976,0.18237639023498878,2.4050390428665804,0.24805451075108395,1625.9062557471598,1128.746692013595,True
rotation,resnet_georgia,georgia,sph,RBBB,False,1997,8000,219,299,206,0.05758637956935403,0.027375,True,0.9130434782608695,0.9187035069075452,0.9406392694063926,0.9880478087649402,0.6889632107023411,0.6343744017306411,0.7387581291983717,0.2401809357621603,-0.44878227494018086,-0.5016171822084515,-0.39551079214170276,2000.0,False,0.005475942233765518,0.4423658140152219,0.45145631067961167,3.1635277871939524,0.01264162798297214,0.12571848427601084,0.6357418920682825,0.31865371339819665,1.2754755396199011,2574.726430593674,127.22316156516506,89.13510464414995,True
rotation,resnet_georgia,georgia,sph,IAVB,False,1997,8000,67,233,65,0.0786179268903355,0.008375,True,0.910828025477707,0.9211956521739131,0.9701492537313433,0.9788226396067061,0.27896995708154504,0.2253243520256198,0.3397855720861956,0.08893503874926012,-0.19003491833228492,-0.2351928349890744,-0.14675785937647565,2000.0,False,0.005246717866496456,0.17752211841068055,2.5846153846153848,10.244162189205987,9.376652405527824e-05,0.0010826903993891048,0.295890708354026,0.0030484746422482483,1.266705172112506,0.3188227108097194,70.36489299504169,83.63351620204122,True
rotation,resnet_georgia,georgia,chapman_ningbo,NSR,False,1997,7981,1459,1835,1166,0.171256885327992,0.1828091717829846,True,0.9035087719298246,0.8096676737160121,0.7991775188485264,0.8974241030358786,0.6354223433242506,0.6131386550842207,0.6571402194843031,0.515016577866939,-0.12040576545731163,-0.15308615097894154,-0.08672621184063002,2000.0,False,-0.030666049775697535,0.14833210207461744,0.5737564322469982,0.9416850699092691,0.08523419837307641,0.3066663171415581,0.44650061192239665,0.32986687457127695,1.052093826526467,0.44358591812352105,10.1396437678874,7.991048714135624,True
rotation,resnet_georgia,georgia,chapman_ningbo,AF,False,1997,7981,307,3418,307,0.05558337506259389,0.03846635759929833,True,0.9099099099099099,0.6749734888653235,1.0,0.5946051602814699,0.08981860737273259,0.08068803331087276,0.09987014457549473,0.10071487109670818,0.010896263723975591,0.002457463672918186,0.01922051497728127,2000.0,False,0.00887892534799807,-0.018321320789529333,10.133550488599349,8.929020303662828,0.20232276280720973,0.4152263756838054,0.27635772254578483,0.43783344176921063,1.0658386366791786,4.746274016542834,28.311498316359707,25.43230862327742,True
rotation,resnet_georgia,georgia,chapman_ningbo,LBBB,False,1997,7981,74,279,53,0.024536805207811718,0.009272021049993735,True,0.9183673469387755,0.9604722792607803,0.7162162162162162,0.9714177311243202,0.18996415770609318,0.14826583660947534,0.2400840866255322,0.17860266386372597,-0.011361493842367204,-0.05462890970167733,0.037483336676948815,2000.0,True,-0.03361394766069914,0.05258311786357167,4.264150943396227,4.599020632542195,0.011070358779837957,0.20640110481235746,0.2654230517141628,0.287791391572368,2.4050390428665804,8.944650766716983,1625.9062557471598,5170.921445281562,True
rotation,resnet_georgia,georgia,chapman_ningbo,RBBB,False,1997,7981,308,733,295,0.05758637956935403,0.03859165518105501,True,0.9130434782608695,0.9187035069075452,0.9577922077922078,0.9429167209696337,0.4024556616643929,0.3675522426765257,0.43837615849016526,0.3107356007468514,-0.09172006091754148,-0.13208949152684468,-0.04894647883299306,2000.0,False,0.010339557755056239,0.08026911452336971,1.4847457627118643,2.2181700377958147,0.03290103435060959,0.2764547132770115,0.47315259094859535,0.32181098632007765,1.2754755396199011,1.8546116048636474,127.22316156516506,218.88924750109237,True
rotation,resnet_georgia,georgia,chapman_ningbo,IAVB,False,1997,7981,217,932,178,0.0786179268903355,0.027189575241197843,True,0.910828025477707,0.9211956521739131,0.8202764976958525,0.9028851107676455,0.19098712446351931,0.16703952659924973,0.21747160552579034,0.24416670052107284,0.053179576057553524,0.020822246451019405,0.08807865980973759,2000.0,False,-0.018803733480544316,-0.036475062132488495,4.235955056179775,3.0955625720702846,0.018526265623691134,0.17909664191727326,0.2150946471144649,0.1369467609410922,1.266705172112506,0.7612379312004673,70.36489299504169,55.08397097523673,True
rotation,resnet_georgia,georgia,georgia,NSR,True,1997,4123,686,1308,624,0.171256885327992,0.166383701188455,True,0.9035087719298246,0.8096676737160121,0.9096209912536443,0.8009892347977887,0.47706422018348627,0.4501029194330427,0.5041598463939057,0.4865126576343332,0.009448437450846947,-0.023910758284863682,0.042484741285871014,2000.0,True,0.001684470534431215,-0.011130174487812283,1.0961538461538463,1.0554449803269208,0.1880442057817397,0.5236686379297615,0.4699244356005017,0.5311899247220218,1.052093826526467,1.1859919596618684,10.1396437678874,10.648136659340368,True
rotation,resnet_georgia,georgia,georgia,AF,True,1997,4123,245,1503,231,0.05558337506259389,0.059422750424448216,True,0.9099099099099099,0.6749734888653235,0.9428571428571428,0.6719958741619392,0.1536926147704591,0.1363442953598762,0.17280664822066327,0.150283687930473,-0.0034089268399860873,-0.01553751609693931,0.01053113015273567,2000.0,True,0.00459885238408006,-0.0011608280499159074,5.5064935064935066,5.6540821147710885,0.05157869731584343,0.1321305067463125,0.15229034129002256,0.13132154947582822,1.0658386366791786,0.9222979064425834,28.311498316359707,33.073885285836504,True
rotation,resnet_georgia,georgia,georgia,LBBB,True,1997,4123,92,262,81,0.024536805207811718,0.022313849138976473,True,0.9183673469387755,0.9604722792607803,0.8804347826086957,0.9550979905730588,0.30916030534351147,0.25629532861770754,0.3675406206596833,0.34651670730412537,0.037356401960613905,-0.025010844663105613,0.10348422136000401,2000.0,True,-0.0094888865106188,-0.028275489685553656,2.234567901234568,1.8858637373647202,0.02440418918882547,0.36756010950610984,0.26227825984380115,0.34759361716522125,2.4050390428665804,3.693190179233943,1625.9062557471598,1830.4435651094232,True
rotation,resnet_georgia,georgia,georgia,RBBB,True,1997,4123,239,500,222,0.05758637956935403,0.05796749939364541,True,0.9130434782608695,0.9187035069075452,0.9288702928870293,0.9284243048403708,0.444,0.4010408191814197,0.4878131069502743,0.4086674857531647,-0.03533251424683531,-0.08676014688291882,0.0149943788919214,2000.0,True,0.004159472438872325,0.03109418952940779,1.2522522522522523,1.4469771510131841,0.05361742028664769,0.38886342674495245,0.5097145317047834,0.39693625997360515,1.2754755396199011,0.9915581708578529,127.22316156516506,128.17308294335558,True
rotation,resnet_georgia,georgia,georgia,IAVB,True,1997,4123,296,521,262,0.0786179268903355,0.07179238418627214,True,0.910828025477707,0.9211956521739131,0.8851351351351351,0.932322968382545,0.5028790786948176,0.46008232997089077,0.545633681882938,0.4720065294921812,-0.030872549202636435,-0.08238771081674899,0.01952243149830877,2000.0,True,-0.007124828037497144,0.038024678711117754,0.9885496183206107,1.118614759579433,0.05906062041559229,0.420449505835246,0.3803277585634,0.4225256202596999,1.266705172112506,0.7672915971318455,70.36489299504169,61.74016755177182,True
rotation,resnet_georgia,georgia,cpsc,NSR,False,1997,4115,374,1468,346,0.171256885327992,0.09088699878493317,True,0.9035087719298246,0.8096676737160121,0.9251336898395722,0.7000801924619086,0.2356948228882834,0.21469034976575546,0.2580789520164037,0.32183792055073873,0.08614309766245534,0.06108315333137221,0.11196781202461989,2000.0,False,0.005183943536135105,-0.09037724639343533,3.2427745664739884,2.107154055335586,0.22728903525881416,0.5826913745504727,0.4655854884504622,0.5761999082634764,1.052093826526467,2.063376460176706,10.1396437678874,11.933987981585739,True
rotation,resnet_georgia,georgia,cpsc,AF,False,1997,4115,541,1947,529,0.05558337506259389,0.13147023086269743,True,0.9099099099099099,0.6749734888653235,0.977818853974122,0.6032456631225518,0.2717000513610683,0.2524049416212889,0.29189426527714835,0.29763557159402626,0.025935520232957976,0.005032925285733603,0.045497517373171904,2000.0,False,0.015262806229665749,-0.0399424113735008,2.6805293005671076,2.3598134612888138,0.10397468670977902,0.24519930794178424,0.1616747404162164,0.20488007506944084,1.0658386366791786,0.7390642672862289,28.311498316359707,21.791115228083985,True
rotation,resnet_georgia,georgia,cpsc,LBBB,False,1997,4115,95,183,73,0.024536805207811718,0.023086269744835967,True,0.9183673469387755,0.9604722792607803,0.7684210526315789,0.972636815920398,0.3989071038251366,0.3307417157565627,0.47122943008260715,0.35444321298514236,-0.04446389083999425,-0.11946914257328192,0.03341833306253249,2000.0,True,-0.03965430599357206,0.08787442798743872,1.5068493150684932,1.8213264166576615,0.01770510898008249,0.2951621178081486,0.30982681978341253,0.3655511669852608,2.4050390428665804,9.708851798698442,1625.9062557471598,1929.7069280924945,True
rotation,resnet_georgia,georgia,cpsc,RBBB,False,1997,4115,788,801,608,0.05758637956935403,0.19149453219927096,True,0.9130434782608695,0.9187035069075452,0.7715736040609137,0.9419897805831079,0.7590511860174781,0.7282434240735499,0.7873860771801316,0.7267811810161287,-0.03227000500134947,-0.07367879355427143,0.01034431042394902,2000.0,False,-0.034671462618778404,0.061706930672059235,0.31743421052631576,0.37592995817789066,0.15308262445449144,0.6699713065579269,0.679553077536427,0.7151653723585798,1.2754755396199011,1.8470040979857518,127.22316156516506,96.09286662026572,True
rotation,resnet_georgia,georgia,cpsc,IAVB,False,1997,4115,310,486,243,0.0786179268903355,0.07533414337788578,True,0.910828025477707,0.9211956521739131,0.7838709677419354,0.9361366622864652,0.5,0.4557217624967014,0.5442782375032986,0.4849762639165305,-0.015023736083469519,-0.06773538289089698,0.039733518237814985,2000.0,True,-0.03733924315755377,0.05248084741820125,1.0,1.0619565830382796,0.04869743575102649,0.37172588215053953,0.3573049782188954,0.3707181918841618,1.266705172112506,0.6422138553134106,70.36489299504169,65.39526675457553,True
rotation,resnet_cpsc,cpsc,ptbxl,NSR,False,2000,8000,6614,3253,3182,0.086,0.82675,True,0.9069767441860465,0.8041575492341356,0.4811006954944058,0.9487734487734488,0.978173993237012,0.9725602234858383,0.9826597463331707,0.956709766250458,-0.021464226986554036,-0.028262210766938738,-0.015234305901076054,2000.0,False,-0.03530902452924156,0.03159287092439711,0.022313010685103708,0.04524907686393271,0.22561219125270637,0.5743327661417184,0.49450241061327754,0.4931781114494402,0.9946067220534198,0.19279471513900637,13.403019771425171,2.817102022301521,True
rotation,resnet_cpsc,cpsc,ptbxl,AF,False,2000,8000,550,759,506,0.131,0.06875,True,0.9045801526717557,0.9649021864211738,0.92,0.9660402684563758,0.6666666666666666,0.6323646521117753,0.6992901066517591,0.6554947684441206,-0.01117189822254605,-0.06971903416099187,0.054993368422666306,2000.0,True,0.0038069068215333957,0.007405209179508598,0.5,0.5255651885271265,0.05921165924563983,0.6186288300128224,0.8663664651403943,0.5268249930276602,1.4874017590231463,0.7000298508586826,53.97524636900859,34.95370386269947,True
rotation,resnet_cpsc,cpsc,ptbxl,LBBB,False,2000,8000,216,1860,214,0.032,0.027,True,0.921875,0.8207644628099173,0.9907407407407407,0.788540596094553,0.11505376344086021,0.10133931124085634,0.130354997723562,0.12489851141434749,0.009844747973487278,-0.004265692441197603,0.025099479163843513,2000.0,True,0.008089349989436084,-0.016978993766491632,7.691588785046729,7.006500547332598,0.045211156504632116,0.1958498864832492,0.10127033854031094,0.17928756449351263,1.8615338427893044,1.1017425499395304,170.03746881969522,376.3621848260092,True
rotation,resnet_cpsc,cpsc,ptbxl,RBBB,False,2000,8000,208,663,204,0.201,0.026,True,0.9029850746268657,0.9749687108886108,0.9807692307692307,0.9410934291581109,0.3076923076923077,0.2737522500564055,0.34384801065478926,0.490567282347647,0.1828749746553393,0.11650081837781126,0.2751338303411643,2000.0,False,0.020654787932999352,-0.20019185257631994,2.25,1.0384563667075877,0.04549170211119753,0.6322573224896018,0.5886165517442726,0.4818004592362954,3.4384516853215352,4.707339165152124,766.7527309181389,564.0494887916834,True
rotation,resnet_cpsc,cpsc,ptbxl,IAVB,False,2000,8000,385,1128,305,0.083,0.048125,True,0.9096385542168675,0.955288985823337,0.7922077922077922,0.8919238345370978,0.2703900709219858,0.24528169891022947,0.297057030632579,0.5070484137983708,0.23665834287638504,0.18197804852740485,0.2970682729421327,2000.0,False,-0.03452771773484642,-0.208542100673541,2.698360655737705,0.9721982611263086,0.07624270124849264,0.6267501098358245,0.5947500428726488,0.46145790109454765,1.119981559905847,2.2328174816370026,131.85382446135281,66.48612974647071,True
rotation,resnet_cpsc,cpsc,sph,NSR,False,2000,8000,0,5632,0,0.086,0.0,False,,,,,,,,,,,,,,,,,,,,,,,,,,False
rotation,resnet_cpsc,cpsc,sph,AF,False,2000,8000,216,274,209,0.131,0.027,True,0.9045801526717557,0.9649021864211738,0.9675925925925926,0.9916495375128469,0.7627737226277372,0.7089905288296875,0.8092906542997563,0.4169722436471457,-0.34580147898059155,-0.4165627962435456,-0.26320815502140954,2000.0,False,0.01645662711004997,0.3334015360720072,0.31100478468899523,1.3982411664941174,0.011738571979051062,0.23438129489770387,0.9115333586496158,0.3213017502730831,1.4874017590231463,0.3472579295323085,53.97524636900859,61.79577781285483,True
rotation,resnet_cpsc,cpsc,sph,LBBB,False,2000,8000,23,432,23,0.032,0.002875,True,0.921875,0.8207644628099173,1.0,0.9487275918265012,0.05324074074074074,0.03573595169922987,0.07862090401512974,0.014613119492557716,-0.038627621248183024,-0.05499509109635549,-0.023686250939612637,2000.0,False,0.0012187937163593236,0.03467319147973012,17.782608695652176,67.43165831288027,0.00021424018522197717,0.001100939639581013,0.05152464504903441,0.0037553768216401517,1.8615338427893044,0.15017647214245236,170.03746881969522,339.57008702955136,True
rotation,resnet_cpsc,cpsc,sph,RBBB,False,2000,8000,219,434,213,0.201,0.027375,True,0.9029850746268657,0.9749687108886108,0.9726027397260274,0.9715974810435677,0.49078341013824883,0.4440383328420641,0.5376902133272556,0.5038026776944377,0.013019267556188818,-0.060984036538705017,0.11236718190283028,2000.0,True,0.018552581707601434,-0.031559169060074665,1.0375586854460095,0.9849040989149168,0.03648778011091808,0.5773664479520678,0.6900761484893786,0.5884869703774875,3.4384516853215352,511.94701286035666,766.7527309181389,876.9433666939595,True
rotation,resnet_cpsc,cpsc,sph,IAVB,False,2000,8000,67,380,62,0.083,0.008375,True,0.9096385542168675,0.955288985823337,0.9253731343283582,0.9599142821126938,0.1631578947368421,0.12940997463458215,0.20364799990905202,0.14663179308469215,-0.01652610165214996,-0.04572649382366796,0.019546845270305768,2000.0,True,0.0021589906486600974,0.014198029663896994,5.129032258064516,5.8198033929955155,0.009187870721792852,0.15871594439295122,0.622994504319994,0.17998869085912184,1.119981559905847,1.2380672640358314,131.85382446135281,110.62237633649102,True
rotation,resnet_cpsc,cpsc,chapman_ningbo,NSR,False,2000,7981,1459,2846,1052,0.086,0.1828091717829846,True,0.9069767441860465,0.8041575492341356,0.7210418094585332,0.7249310027598896,0.3696416022487702,0.3520940729281534,0.3875405661485585,0.5088431998059473,0.1392015975571771,0.11197993895829668,0.16773073774231756,2000.0,False,-0.057202356316666536,-0.08434509099011955,1.7053231939163498,0.9652419456157818,0.15786325794600709,0.46470706389118766,0.4852439305906721,0.3971199826151242,0.9946067220534198,1.1879129061959628,13.403019771425171,6.717842596910327,True
rotation,resnet_cpsc,cpsc,chapman_ningbo,AF,False,2000,7981,307,1839,295,0.131,0.03846635759929833,True,0.9045801526717557,0.9649021864211738,0.9609120521172638,0.7988011467292155,0.1604132680804785,0.14435071442990444,0.17789157938126055,0.5076460428642983,0.34723277478381975,0.28961008206774264,0.4180188769048044,2000.0,False,0.015087903287100968,-0.35520317306059523,5.233898305084746,0.969876479993198,0.22286334360828808,0.8808259105954133,0.8965929387995184,0.8304100704082544,1.4874017590231463,9.18829339985542,53.97524636900859,45.48867304464768,True
rotation,resnet_cpsc,cpsc,chapman_ningbo,LBBB,False,2000,7981,74,1455,63,0.032,0.009272021049993735,True,0.921875,0.8207644628099173,0.8513513513513513,0.8239534589604148,0.04329896907216495,0.0339884587181612,0.055014673209317765,0.04592512589103451,0.00262615681886956,-0.004099399542188158,0.010006872652081066,2000.0,True,-0.003363752514854129,0.0007930456158030813,22.095238095238095,20.774572863941128,0.0030625459766036134,0.015554438073333928,0.039878462009848806,0.015454653669860534,1.8615338427893044,0.8716850572531951,170.03746881969522,97.10387696537148,True
rotation,resnet_cpsc,cpsc,chapman_ningbo,RBBB,False,2000,7981,308,690,299,0.201,0.03859165518105501,True,0.9029850746268657,0.9749687108886108,0.9707792207792207,0.9490420956601069,0.43333333333333335,0.3968289129539725,0.4705759547857411,0.5915112306978532,0.15817789736451981,0.08761407363222584,0.24509442172832957,2000.0,False,0.017369366507272166,-0.17586134557372018,1.3076923076923077,0.6905849764174722,0.05220461620561041,0.6652127597913335,0.5966175464400346,0.5109748061647936,3.4384516853215352,2.589959777222922,766.7527309181389,612.3256549232389,True
rotation,resnet_cpsc,cpsc,chapman_ningbo,IAVB,False,2000,7981,217,731,177,0.083,0.027189575241197843,True,0.9096385542168675,0.955288985823337,0.815668202764977,0.9286450283359093,0.2421340629274966,0.21248032338423833,0.27448384354637256,0.3625003850022639,0.1203663220747673,0.06931441096703113,0.17819055484343221,2000.0,False,-0.024801974780743474,-0.09979905173306858,3.1299435028248586,1.7586177597956338,0.027337372531086375,0.3637892614439662,0.5449476455696304,0.25532181829902806,1.119981559905847,1.1243196374636455,131.85382446135281,52.93291843464901,True
rotation,resnet_cpsc,cpsc,georgia,NSR,False,2000,4123,686,1295,542,0.086,0.166383701188455,True,0.9069767441860465,0.8041575492341356,0.7900874635568513,0.780913587430899,0.41853281853281854,0.39194412303240306,0.44560340937268256,0.4803425490561406,0.06180973052332206,0.030352926195738567,0.09230744315942074,2000.0,False,-0.03429258196595342,-0.027904823928039613,1.3892988929889298,1.0818476355362887,0.14274208592818355,0.43538998178486277,0.5147621254087875,0.40218939886956867,0.9946067220534198,1.178505244479252,13.403019771425171,7.912487632636132,True
rotation,resnet_cpsc,cpsc,georgia,AF,False,2000,4123,245,428,200,0.131,0.059422750424448216,True,0.9045801526717557,0.9649021864211738,0.8163265306122449,0.9412068076328004,0.4672897196261682,0.4205227584924451,0.514638631346167,0.6195209623347571,0.15223124270858884,0.08469797931138588,0.2236462264337207,2000.0,False,-0.024476470947153106,-0.12661343183841156,1.14,0.6141503852127151,0.05593984873862054,0.6043011392113342,0.809141363704873,0.4426892618616054,1.4874017590231463,1.4116254049237398,53.97524636900859,27.874258976193417,True
rotation,resnet_cpsc,cpsc,georgia,LBBB,False,2000,4123,92,933,86,0.032,0.022313849138976473,True,0.921875,0.8207644628099173,0.9347826086956522,0.7898784420739271,0.09217577706323687,0.07524914956433425,0.11244691914087142,0.10505555505792234,0.012879777994685468,-0.00042235293139551917,0.027847167214891312,2000.0,True,0.0013144694684640995,-0.014036707382021868,9.848837209302326,8.518773180996002,0.015268915134786145,0.07386091168280651,0.053615952386008726,0.06193235541925664,1.8615338427893044,0.7628566228741954,170.03746881969522,69.25762088551936,True
rotation,resnet_cpsc,cpsc,georgia,RBBB,False,2000,4123,239,674,218,0.201,0.05796749939364541,True,0.9029850746268657,0.9749687108886108,0.9121338912133892,0.88259526261586,0.32344213649851633,0.28921293583134505,0.35967251237645365,0.6894227820815874,0.36598064558307103,0.3015530054983153,0.44044123233244253,2000.0,False,0.002154351428033441,-0.36818265455862087,2.091743119266055,0.4504887653707656,0.1265789411344539,0.8394346789966273,0.6044024579249079,0.6668200447527277,3.4384516853215352,6.914547904696255,766.7527309181389,567.2312909819162,True
rotation,resnet_cpsc,cpsc,georgia,IAVB,False,2000,4123,296,589,240,0.083,0.07179238418627214,True,0.9096385542168675,0.955288985823337,0.8108108108108109,0.9088058531486805,0.4074702886247878,0.36851209293202825,0.4476276213571385,0.6114355310924382,0.2039652424676504,0.14541020029725546,0.2641482348539305,2000.0,False,-0.02764882226693488,-0.1759293438177621,1.4541666666666666,0.6354954024561221,0.0783080133753997,0.6335011187382381,0.606342528489733,0.47447350008995237,1.119981559905847,1.6272781225384103,131.85382446135281,53.93101135023421,True
rotation,resnet_cpsc,cpsc,cpsc,NSR,True,2000,4115,374,1100,339,0.086,0.09088699878493317,True,0.9069767441860465,0.8041575492341356,0.9064171122994652,0.7965784549585673,0.30818181818181817,0.2816019900425848,0.3360967323347662,0.3164691251483849,0.00828730696656671,-0.019302464722021715,0.03524008915252352,2000.0,True,-0.00013349979424470693,-0.008155696413894575,2.2448377581120944,2.1598659096084765,0.09779773611686962,0.33422641237705214,0.5220616893470287,0.33056190736499796,0.9946067220534198,1.0385268634711888,13.403019771425171,12.64997164241061,True
rotation,resnet_cpsc,cpsc,cpsc,AF,True,2000,4115,541,582,481,0.131,0.13147023086269743,True,0.9045801526717557,0.9649021864211738,0.88909426987061,0.9717403469501958,0.8264604810996563,0.79357841675151,0.8550612352883858,0.7959726320841458,-0.030487849015510493,-0.08035113182618207,0.018233950868887076,2000.0,True,-0.002818604349590026,0.032950492580482105,0.20997920997921,0.25632460174118843,0.12206728046274071,0.7818251794780963,0.909618154168129,0.7595591710946931,1.4874017590231463,0.7636695574282938,53.97524636900859,56.95535669774311,True
rotation,resnet_cpsc,cpsc,cpsc,LBBB,True,2000,4115,95,791,85,0.032,0.023086269744835967,True,0.921875,0.8207644628099173,0.8947368421052632,0.8243781094527363,0.10745891276864729,0.08774267840997411,0.13096943944887862,0.10837468729850677,0.0009157745298594838,-0.013732365044701648,0.01597488270234772,2000.0,True,-0.0028536869778912066,0.0019838549055137683,8.305882352941177,8.227246923865204,0.019062910722530323,0.09087027302566682,0.07470379151226117,0.09135723944089785,1.8615338427893044,1.0641986942132087,170.03746881969522,146.41601354045062,True
rotation,resnet_cpsc,cpsc,cpsc,RBBB,True,2000,4115,788,839,712,0.201,0.19149453219927096,True,0.9029850746268657,0.9749687108886108,0.9035532994923858,0.9618274721971747,0.8486293206197855,0.8227916006635403,0.8712891115246493,0.8952241879180084,0.04659486729822293,0.01133097559344882,0.08478521848200876,2000.0,False,5.8991293483856566e-05,-0.04667569460152465,0.17837078651685392,0.11703862953665839,0.20278566695690448,0.9017308060074309,0.7891661885313255,0.8797607151460908,3.4384516853215352,4.472733362348584,766.7527309181389,766.7579747350018,True
rotation,resnet_cpsc,cpsc,cpsc,IAVB,True,2000,4115,310,423,273,0.083,0.07533414337788578,True,0.9096385542168675,0.955288985823337,0.8806451612903226,0.9605781865965834,0.6453900709219859,0.5986788861481201,0.6894843122905522,0.6237107245399701,-0.02167934638201574,-0.08294382340649953,0.04251680819735067,2000.0,True,-0.007632308608719329,0.029057369170809477,0.5494505494505495,0.6033073677506015,0.06386628319844018,0.5812387614717086,0.7156886548931153,0.5688022553957289,1.119981559905847,0.7936424999633458,131.85382446135281,105.32034747588452,True
echonext,resnet,inpatient,inpatient,lvef_lte_45_flag,True,1903,2203,537,1077,471,0.24540199684708355,0.24375851112119837,True,0.9036402569593148,0.6204735376044568,0.8770949720670391,0.6362545018007203,0.4373259052924791,0.40797462992349437,0.4671226853226302,0.4342146627744539,-0.0031112425180251924,-0.028551074912940077,0.022082851444988616,2000.0,True,-0.007310098941000431,0.010461328560198102,1.286624203821656,1.3030083636752599,0.22189483434164498,0.4044032964265177,0.4895967060947374,0.41146485138928157,0.9297166302460609,1.092669441409628,16.503705344303192,14.558055210279226,True
echonext,resnet,inpatient,inpatient,lvwt_gte_13_flag,True,1903,2203,483,1595,432,0.2207041513399895,0.21924648206990469,True,0.9023809523809524,0.30950775455158464,0.8944099378881988,0.32383720930232557,0.270846394984326,0.2496070773633854,0.29318686510844316,0.2684637487440791,-0.0023826462402469217,-0.014764155873450669,0.011080737288194259,2000.0,True,-0.001738906783260774,0.004138434074822062,2.6921296296296298,2.7248976991425358,0.18386890909731557,0.22745815130743613,0.28092036217824795,0.22653343703564435,1.0005046257050156,1.0165920690719892,1.7892655418320644,1.7380115149997253,True
echonext,resnet,inpatient,inpatient,aortic_stenosis_moderate_or_greater_flag,True,1903,2203,141,1241,133,0.06778770362585392,0.06400363141171131,True,0.9069767441860465,0.4487034949267193,0.9432624113475178,0.4626576139670223,0.10717163577759871,0.09115752697091804,0.12561020430012235,0.10112126004350301,-0.006050375734095698,-0.014610835963353132,0.002193190014889737,2000.0,True,0.0036218387526319173,0.0023542682480875987,8.330827067669173,8.889117279292146,0.051119154199727845,0.08141462353047972,0.06760163291895538,0.08263764444950726,1.0068048186966345,0.9432216706075689,3.047294993329708,3.6369834798956133,True
echonext,resnet,inpatient,inpatient,aortic_regurgitation_moderate_or_greater_flag,True,1903,2203,33,1017,24,0.016815554387808723,0.014979573309123922,True,0.9375,0.5120256547300909,0.7272727272727273,0.5423963133640552,0.02359882005899705,0.015908849681177777,0.0348742159680004,0.028387146804317667,0.004788326745320617,-0.0010460294153585039,0.011200485386251798,2000.0,True,-0.0062245241680790354,0.0018270996706869075,41.375,34.22721064196211,0.0,0.0,0.01848829301044843,0.0,1.0060981845644736,0.9389208669236222,3.0636539289808273,1.941714017622296,True
echonext,resnet,inpatient,inpatient,mitral_regurgitation_moderate_or_greater_flag,True,1903,2203,173,1167,156,0.0767209668943773,0.07852927825692238,True,0.910958904109589,0.48833238474672735,0.9017341040462428,0.5019704433497537,0.13367609254498714,0.1153485265811484,0.15440743093236411,0.1317381708248782,-0.001937921720108926,-0.01288010423454673,0.008921931508028821,2000.0,True,-0.0011598458397181766,0.0031210150614740806,6.480769230769231,6.590814368671605,0.05349496057230016,0.09142435157902437,0.20758156486066265,0.08989692640434173,1.0086497943865878,0.9552406020792313,2.342925946434306,2.5813433815525517,True
echonext,resnet,inpatient,inpatient,tricuspid_regurgitation_moderate_or_greater_flag,True,1903,2203,183,1171,162,0.09143457698370994,0.08306854289605084,True,0.9080459770114943,0.49624060150375937,0.8852459016393442,0.5004950495049505,0.13834329632792486,0.11974783209146714,0.15930382748290758,0.14037601841697828,0.002032722089053418,-0.00924469488538125,0.013438305089306496,2000.0,True,-0.0030406283885499874,0.0010265637426461471,6.228395061728395,6.1237239186366,0.08347458352555823,0.14101909813833832,0.22123683642605552,0.14044012027393238,1.0053477272728415,1.0084655471399013,3.392895768515642,3.3621757824942193,True
echonext,resnet,inpatient,inpatient,pulmonary_regurgitation_moderate_or_greater_flag,True,1903,2203,14,2168,14,0.005780346820809248,0.006354970494779845,True,1.0,0.013742071881606765,1.0,0.015989036089538604,0.006457564575645757,0.003850556167418913,0.010810485821338398,0.0064429472737878,-1.4617301857956788e-05,-6.778728638173347e-05,3.602927279456248e-05,2000.0,True,0.0,1.461730185795592e-05,153.85714285714286,154.20847176079735,0.0,0.0,0.005897889012157304,0.0,0.999941281787633,0.9871028502356739,1.0742690254267324,1.2811553631378092,True
echonext,resnet,inpatient,inpatient,rv_systolic_dysfunction_moderate_or_greater_flag,True,1903,2203,246,1084,215,0.11508145034156594,0.11166591012256015,True,0.9041095890410958,0.5243467933491687,0.8739837398373984,0.5559529892692897,0.19833948339483395,0.1756853361128471,0.22312411842937313,0.1928534178402057,-0.005486065554628244,-0.020992936689613346,0.00914662393560043,2000.0,True,-0.00522032795760205,0.010929545020487347,4.0418604651162795,4.1852853384666435,0.10049956114909958,0.17516938473605073,0.26204053886454703,0.18643674218332593,0.9727108338850192,0.977370861669244,6.539214500077991,7.000446481738297,True
echonext,resnet,inpatient,inpatient,pericardial_effusion_moderate_large_flag,True,1903,2203,45,1709,45,0.017341040462427744,0.020426690876078075,True,0.9393939393939394,0.20748663101604278,1.0,0.2289156626506024,0.02633118782913985,0.019736639582669045,0.03505036848362611,0.02412115686349897,-0.002210030965640878,-0.004863770386116064,-0.0002953544146475503,2000.0,True,0.001516306553988614,0.0006537379097974194,36.977777777777774,40.45738140417457,0.011670365002484903,0.013803437797887027,0.029389133151553053,0.013964260930218877,1.0026967849381168,0.9977379364183858,1.543099607752585,1.6066980418979,True
echonext,resnet,inpatient,inpatient,pasp_gte_45_flag,True,1903,2203,346,1570,320,0.15396741986337362,0.15705855651384476,True,0.9044368600682594,0.3062111801242236,0.9248554913294798,0.32687129779213786,0.20382165605095542,0.1846293919757416,0.2244597543370868,0.19542556654174356,-0.008396089509211863,-0.018875619431279675,0.002078139921241262,2000.0,True,0.0035341429585439565,0.004797170061304867,3.90625,4.117037743300576,0.14782575276220938,0.18443080562132336,0.29710573159205683,0.19260451409747767,0.9887343613106229,0.9773005294463314,2.223196195400968,2.4360083655050837,True
echonext,resnet,inpatient,inpatient,tr_max_gte_32_flag,True,1903,2203,181,1300,153,0.07409353652128219,0.08216068996822515,True,0.9078014184397163,0.42338251986379116,0.8453038674033149,0.43273986152324434,0.1176923076923077,0.10129124968486429,0.13634612311423447,0.12352129736054378,0.005828989668236084,-0.004630110949092731,0.016140069387173956,2000.0,True,-0.007517342005452565,0.001782253303346512,7.496732026143791,7.095769890443432,0.06847292612098999,0.10372163883937383,0.21663549097111592,0.10563132872935856,0.998731597330306,0.9982459015337182,2.2206440041145963,2.078630504620309,True
echonext,resnet,inpatient,inpatient,shd_moderate_or_greater_flag,True,1903,2203,1156,1650,1045,0.5323173935890699,0.5247389922832502,True,0.9012833168805529,0.4044943820224719,0.9039792387543253,0.4221585482330468,0.6333333333333333,0.6097967119949843,0.6562505549018989,0.6256138721463301,-0.007719461187003174,-0.02645973624177214,0.011422012377321187,2000.0,True,0.000699294538294426,0.007025598258448951,0.5789473684210527,0.598430029323425,0.4977173521842232,0.5999551358945745,0.6982640834107543,0.6088047443308603,0.9481123395629538,0.8369744729437081,7.396858356834925,7.587820042403707,True
echonext,resnet,inpatient,emergency,lvef_lte_45_flag,False,1903,1971,310,643,264,0.24540199684708355,0.15728056823947234,True,0.9036402569593148,0.6204735376044568,0.8516129032258064,0.7718242022877785,0.4105754276827372,0.3731922604179956,0.4490207433531833,0.3076570363551472,-0.10291839132759001,-0.13303102890486818,-0.07335345312041407,2000.0,False,-0.01248492970812215,0.11734125806386697,1.4356060606060606,2.2503725962101493,0.06128908087737825,0.13454008684576363,0.4561174900660619,0.1716957463388882,0.9297166302460609,0.5596099122614175,16.503705344303192,9.792839742796323,True
echonext,resnet,inpatient,emergency,lvwt_gte_13_flag,False,1903,1971,392,1134,341,0.2207041513399895,0.19888381532217148,True,0.9023809523809524,0.30950775455158464,0.8698979591836735,0.49778340721975933,0.30070546737213405,0.27472528771837595,0.32803132086181114,0.24496418960596705,-0.055741277766167,-0.07163176642949758,-0.04023767558092985,2000.0,False,-0.006717116089019176,0.06350624815927908,2.3255131964809386,3.0822293315954994,0.0,0.0,0.26846164738926936,0.0,1.0005046257050156,0.7301071134113368,1.7892655418320644,1.7706204220096469,True
echonext,resnet,inpatient,emergency,aortic_stenosis_moderate_or_greater_flag,False,1903,1971,66,981,56,0.06778770362585392,0.0334855403348554,True,0.9069767441860465,0.4487034949267193,0.8484848484848485,0.5144356955380578,0.05708460754332314,0.044219859948917625,0.07340461430850179,0.05392444557719086,-0.00316016196613228,-0.009960517115148474,0.003860552949413132,2000.0,True,-0.003301596604945181,0.006856210400518176,16.517857142857142,17.544465117745844,0.007798285140017612,0.01276528362977532,0.06937675817255368,0.014291488415617273,1.0068048186966345,0.9756314092542663,3.047294993329708,2.3660435933355837,True
echonext,resnet,inpatient,emergency,aortic_regurgitation_moderate_or_greater_flag,False,1903,1971,25,684,19,0.016815554387808723,0.012683916793505834,True,0.9375,0.5120256547300909,0.76,0.658273381294964,0.027777777777777776,0.01785402152615501,0.04297606989117743,0.024086991864029517,-0.0036907859137482596,-0.010915764362222436,0.003198373950667475,2000.0,True,-0.0044710123645462785,0.009957492929433945,35.0,40.51618457153038,0.0,0.0,0.019131107617316668,0.0,1.0060981845644736,0.7338602265719221,3.0636539289808273,2.976045162325893,True
echonext,resnet,inpatient,emergency,mitral_regurgitation_moderate_or_greater_flag,False,1903,1971,119,785,103,0.0767209668943773,0.06037544393708777,True,0.910958904109589,0.48833238474672735,0.865546218487395,0.6317494600431965,0.13121019108280255,0.10937672246719073,0.1566354862907058,0.10265418846608496,-0.02855600261671759,-0.04163504830709394,-0.015652608848205404,2000.0,False,-0.004615758827514707,0.03449604680458465,6.621359223300971,8.741443724241037,0.0,0.0,0.2026927468977916,0.0,1.0086497943865878,0.7081871471239616,2.342925946434306,2.7771522961342425,True
echonext,resnet,inpatient,emergency,tricuspid_regurgitation_moderate_or_greater_flag,False,1903,1971,131,739,120,0.09143457698370994,0.06646372399797057,True,0.9080459770114943,0.49624060150375937,0.916030534351145,0.6635869565217392,0.16238159675236807,0.13754901757542698,0.19070603055800278,0.11373676774906694,-0.04864482900330114,-0.06401762459616221,-0.0342889201339418,2000.0,False,0.0008854672408784847,0.04745758756696683,5.158333333333333,7.792231569357251,0.0,0.0,0.21870005974125153,0.0,1.0053477272728415,0.6991351190518645,3.392895768515642,3.5813134906443884,True
echonext,resnet,inpatient,emergency,pulmonary_regurgitation_moderate_or_greater_flag,False,1903,1971,6,1854,6,0.005780346820809248,0.0030441400304414,True,1.0,0.013742071881606765,1.0,0.059541984732824425,0.003236245954692557,0.0014840187209662534,0.007042790036305124,0.003086424787971426,-0.0001498211667211309,-0.00030084500955371513,-4.475070224116273e-05,2000.0,True,0.0,0.0001498211667211309,308.0,322.99947145877377,0.0,0.0,0.003996664808770532,0.0,0.999941281787633,0.8780691873247745,1.0742690254267324,1.373810207319346,False
echonext,resnet,inpatient,emergency,rv_systolic_dysfunction_moderate_or_greater_flag,False,1903,1971,145,611,131,0.11508145034156594,0.07356671740233384,True,0.9041095890410958,0.5243467933491687,0.903448275862069,0.7371303395399781,0.2144026186579378,0.18369790556515472,0.24867609102673957,0.13114327959169314,-0.08325933906624466,-0.10378375724169366,-0.06481726652002164,2000.0,False,-8.335314076246547e-05,0.0833826114641239,3.66412213740458,6.625247768039971,0.0,0.0,0.24045320239326567,0.0,0.9727108338850192,0.5595580752462684,6.539214500077991,5.961179473063192,True
echonext,resnet,inpatient,emergency,pericardial_effusion_moderate_large_flag,False,1903,1971,19,1173,17,0.017341040462427744,0.009639776763064434,True,0.9393939393939394,0.20748663101604278,0.8947368421052632,0.4077868852459016,0.014492753623188406,0.009068031326589307,0.02308707209627517,0.011405988252048534,-0.0030867653711398723,-0.0059224866361944645,-0.00020692358842454514,2000.0,True,-0.0005363264048693465,0.003799112814115598,68.0,86.67324478178368,0.0,0.0,0.02107920143427764,0.0,1.0026967849381168,0.6946513840488382,1.543099607752585,1.3299574735092137,True
echonext,resnet,inpatient,emergency,pasp_gte_45_flag,False,1903,1971,275,1067,243,0.15396741986337362,0.13952308472856417,True,0.9044368600682594,0.3062111801242236,0.8836363636363637,0.5141509433962265,0.22774133083411435,0.20358087041532472,0.25385515317695484,0.1744931835139392,-0.05324814732017516,-0.0682149771652414,-0.03954371359882039,2000.0,False,-0.0033261430678890314,0.05736611328823196,3.3909465020576133,4.730882891022022,0.0,0.0,0.2832924805812,0.0,0.9887343613106229,0.7076386012933271,2.223196195400968,2.0734216369797487,True
echonext,resnet,inpatient,emergency,tr_max_gte_32_flag,False,1903,1971,147,821,116,0.07409353652128219,0.0745814307458143,True,0.9078014184397163,0.42338251986379116,0.7891156462585034,0.6134868421052632,0.14129110840438489,0.11913228979911744,0.16679109135328635,0.11259461348662761,-0.028696494917757276,-0.04366590568985114,-0.013107386796715635,2000.0,False,-0.013258307075588602,0.04656492669658857,6.077586206896552,7.881419537167875,0.0,0.0,0.22113847637256373,0.0,0.998731597330306,0.722328489248642,2.2206440041145963,2.1814576361128433,True
echonext,resnet,inpatient,emergency,shd_moderate_or_greater_flag,False,1903,1971,788,1140,679,0.5323173935890699,0.3997970573313039,True,0.9012833168805529,0.4044943820224719,0.8616751269035533,0.610312764158918,0.5956140350877193,0.5668500607230067,0.623735792166745,0.5020245035377937,-0.09358953154992555,-0.11683833557197015,-0.07056603471699711,2000.0,False,-0.011234281820909187,0.10436589055814227,0.678939617083947,0.9919346425382547,0.2003092249006131,0.27488967262319075,0.6541558408946322,0.31552986650069903,0.9481123395629538,0.6054220819882025,7.396858356834925,5.6464642584978435,True
echonext,resnet,inpatient,outpatient,lvef_lte_45_flag,False,1903,1059,70,192,61,0.24540199684708355,0.06610009442870633,True,0.9036402569593148,0.6204735376044568,0.8714285714285714,0.8675429726996967,0.3177083333333333,0.2559789136062338,0.38658910839727034,0.14421769748238714,-0.17349063585094618,-0.22378082429771742,-0.13129467553787685,2000.0,False,-0.004422197634796732,0.18141035459164548,2.1475409836065573,5.933961763757371,0.0,0.0,0.3956432177995642,0.0,0.9297166302460609,0.2961226662803005,16.503705344303192,7.500176051269281,True
echonext,resnet,inpatient,outpatient,lvwt_gte_13_flag,False,1903,1059,146,443,109,0.2207041513399895,0.13786591123701605,True,0.9023809523809524,0.30950775455158464,0.7465753424657534,0.6341730558598029,0.24604966139954854,0.20823818059967208,0.2882275220371849,0.17285924512811318,-0.07319041627143535,-0.09988071270254163,-0.04840267037270736,2000.0,False,-0.025446292427893674,0.1100141688402122,3.0642201834862384,4.785053609709208,0.0,0.0,0.24879846229106525,0.0,1.0005046257050156,0.5738379129889913,1.7892655418320644,1.4992445994692245,True
echonext,resnet,inpatient,outpatient,aortic_stenosis_moderate_or_greater_flag,False,1903,1059,51,408,49,0.06778770362585392,0.04815864022662889,True,0.9069767441860465,0.4487034949267193,0.9607843137254902,0.6438492063492064,0.12009803921568628,0.09204668427863344,0.1552364792773539,0.0768416625147831,-0.04325637670090318,-0.05950534247461478,-0.02904126432523608,2000.0,False,0.004189332591252787,0.03729812860193904,7.326530612244898,12.013773612818646,0.0,0.0,0.06741371827757023,0.0,1.0068048186966345,0.6637435920385518,3.047294993329708,3.5104331751415887,True
echonext,resnet,inpatient,outpatient,aortic_regurgitation_moderate_or_greater_flag,False,1903,1059,4,238,4,0.016815554387808723,0.003777148253068933,True,0.9375,0.5120256547300909,1.0,0.7781990521327015,0.01680672268907563,0.006554720681704981,0.042409004886431,0.007231523412588495,-0.009575199276487135,-0.02069886973291828,-0.002037187105025525,2000.0,True,0.0004783846021514009,0.008541347249872076,58.5,137.28344913593443,0.0,0.0,0.01628814811207855,0.0,1.0060981845644736,0.41467655915823887,3.0636539289808273,1.6604912410405566,False
echonext,resnet,inpatient,outpatient,mitral_regurgitation_moderate_or_greater_flag,False,1903,1059,30,268,21,0.0767209668943773,0.028328611898016998,True,0.910958904109589,0.48833238474672735,0.7,0.7599611273080661,0.07835820895522388,0.05181984334126907,0.11681322322467744,0.04934462392960761,-0.029013585025616274,-0.05034314738891632,-0.008447460618523849,2000.0,False,-0.010988878208336217,0.05027586942902617,11.761904761904763,19.265632208010064,0.0,0.0,0.15610012310598767,0.0,1.0086497943865878,0.43388027880676117,2.342925946434306,1.346089154323768,True
echonext,resnet,inpatient,outpatient,tricuspid_regurgitation_moderate_or_greater_flag,False,1903,1059,26,210,18,0.09143457698370994,0.024551463644948063,True,0.9080459770114943,0.49624060150375937,0.6923076923076923,0.814133591481123,0.08571428571428572,0.054904972243342995,0.13140809838577744,0.04339984230775279,-0.042314443406532926,-0.07064403855939551,-0.017106110687727775,2000.0,False,-0.00996642285380405,0.06610010438165974,10.666666666666666,22.041558375002747,0.0,0.0,0.17607610793340775,0.0,1.0053477272728415,0.3866864021743823,3.392895768515642,3.653586722450641,True
echonext,resnet,inpatient,outpatient,pulmonary_regurgitation_moderate_or_greater_flag,False,1903,1059,0,931,0,0.005780346820809248,0.0,False,,,,,,,,,,,,,,,,,,,,,,,,,,False
echonext,resnet,inpatient,outpatient,rv_systolic_dysfunction_moderate_or_greater_flag,False,1903,1059,20,149,15,0.11508145034156594,0.018885741265344664,True,0.9041095890410958,0.5243467933491687,0.75,0.8710298363811357,0.10067114093959731,0.061961009595887226,0.15945443017948951,0.03529707281912456,-0.06537406812047275,-0.10430768963515948,-0.03083991705004655,2000.0,False,-0.005839312518529451,0.08360042312755174,8.933333333333334,27.33096118548909,0.0,0.0,0.20162114621008803,0.0,0.9727108338850192,0.28995500839834004,6.539214500077991,3.498090093161161,True
echonext,resnet,inpatient,outpatient,pericardial_effusion_moderate_large_flag,False,1903,1059,2,381,2,0.017341040462427744,0.0018885741265344666,True,0.9393939393939394,0.20748663101604278,1.0,0.641438032166509,0.005249343832020997,0.0014407417699965827,0.018935074403041124,0.0022378099865773865,-0.003011533845443611,-0.007874672078072848,0.0,2000.0,True,0.0001440309599432788,0.0026949611169312456,189.5,445.8654648956356,0.0,0.0,0.014857753865626148,0.0,1.0026967849381168,0.4647878850974892,1.543099607752585,3.610204734251675,False
echonext,resnet,inpatient,outpatient,pasp_gte_45_flag,False,1903,1059,63,366,46,0.15396741986337362,0.059490084985835696,True,0.9044368600682594,0.3062111801242236,0.7301587301587301,0.678714859437751,0.12568306010928962,0.09556386546949808,0.16357814399126336,0.07617652565733259,-0.04950653445195703,-0.07117751620297708,-0.028476792868746967,2000.0,False,-0.013762486122260713,0.07497100048453516,6.956521739130435,12.127403637418873,0.0,0.0,0.22728742498273408,0.0,0.9887343613106229,0.45049622657501837,2.223196195400968,1.6184807306036058,True
echonext,resnet,inpatient,outpatient,tr_max_gte_32_flag,False,1903,1059,35,243,26,0.07409353652128219,0.033050047214353166,True,0.9078014184397163,0.42338251986379116,0.7428571428571429,0.7880859375,0.10699588477366255,0.07406888271874712,0.15215510367106516,0.051063244896573545,-0.055932639877089005,-0.08379820069015234,-0.029997806887511337,2000.0,False,-0.008886694808007571,0.07665577326347436,8.346153846153847,18.58355764553267,0.0,0.0,0.1817063228246361,0.0,0.998731597330306,0.3903525568599431,2.2206440041145963,1.8479719908069006,True
echonext,resnet,inpatient,outpatient,shd_moderate_or_greater_flag,False,1903,1059,271,422,194,0.5323173935890699,0.2559017941454202,True,0.9012833168805529,0.4044943820224719,0.7158671586715867,0.7106598984771574,0.4597156398104265,0.4127429088342221,0.5074151704327472,0.3423204687992377,-0.11739517101118879,-0.15318447485812403,-0.08286928364978713,2000.0,False,-0.04982512744738277,0.17488213076973058,1.175257731958763,1.9212392805715472,0.0,0.0,0.5922777185225374,0.0,0.9481123395629538,0.3697192825305726,7.396858356834925,2.831008687052122,True
echonext,random_init,inpatient,inpatient,lvef_lte_45_flag,True,1903,2203,537,1347,484,0.24540199684708355,0.24375851112119837,True,0.9036402569593148,0.4735376044568245,0.9013035381750466,0.4819927971188475,0.3593170007423905,0.33412770588918783,0.38530643086667316,0.3561918475655036,-0.0031251531768868857,-0.019919054972009922,0.015547912668510846,2000.0,True,-0.000593542099199873,0.003721435527081818,1.7830578512396693,1.8074758219054978,0.2483062781365264,0.361833617777278,0.3757695374815395,0.36353134677543714,1.150005723453622,1.174070159594389,15.386380443581437,95.21346947660341,True
echonext,random_init,inpatient,inpatient,lvwt_gte_13_flag,True,1903,2203,483,1673,437,0.2207041513399895,0.21924648206990469,True,0.9023809523809524,0.26567768037761297,0.9047619047619048,0.2813953488372093,0.2612074118350269,0.2407213710605125,0.28278754756920177,0.2565507121199742,-0.00465669971505267,-0.01661580917334963,0.007439081355368079,2000.0,True,0.00050291140356723,0.004148513289003897,2.82837528604119,2.897864838248263,0.2196203252953297,0.2569672285382589,0.29833164100367654,0.24996105965013102,1.0153365323598293,0.9953605561331309,1.4632363849408903,1.543549960641536,True
echonext,random_init,inpatient,inpatient,aortic_stenosis_moderate_or_greater_flag,True,1903,2203,141,1409,131,0.06778770362585392,0.06400363141171131,True,0.9069767441860465,0.3782412626832018,0.9290780141843972,0.3802133850630456,0.09297374024130589,0.07889775395321054,0.10926310242666475,0.09070087549839233,-0.0022728647429135634,-0.009561847849897264,0.00478220628198921,2000.0,True,0.0020053053391762,0.0002623521329907369,9.755725190839694,10.025251900878565,0.06720647959406464,0.0951039535794204,0.060335656310741656,0.09091946685094063,1.0117519843349962,1.0061454110360903,3.1776964094397537,2.621462519671993,True
echonext,random_init,inpatient,inpatient,aortic_regurgitation_moderate_or_greater_flag,True,1903,2203,33,1956,28,0.016815554387808723,0.014979573309123922,True,0.9375,0.10689470871191876,0.8484848484848485,0.11152073732718894,0.014314928425357873,0.009922465805637055,0.020611360566575136,0.01571248216399278,0.0013975537386349077,-0.001164018968729455,0.004093898962539683,2000.0,True,-0.0014706449593814997,8.051786791226853e-05,68.85714285714286,62.64366810812562,0.029326678484564613,0.030739645018639947,0.014759523914517465,0.03180233470879655,0.9939166045564043,1.0309012509335203,2.201351616568334,1.26861478259307,True
echonext,random_init,inpatient,inpatient,mitral_regurgitation_moderate_or_greater_flag,True,1903,2203,173,1406,155,0.0767209668943773,0.07852927825692238,True,0.910958904109589,0.39499146272054636,0.8959537572254336,0.383743842364532,0.11024182076813656,0.09492107253551267,0.12768655249717475,0.11372497697492485,0.003483156206788296,-0.005091008183482121,0.012052661199820281,2000.0,True,-0.0016633365918327508,-0.0018434277784550313,8.070967741935483,7.793143130031052,0.10865645117612405,0.15508225409111753,0.12659418726787713,0.14504014214267205,1.0296879987785217,1.7925312605119117,1.9047662418048978,2.2405844237760664,True
echonext,random_init,inpatient,inpatient,tricuspid_regurgitation_moderate_or_greater_flag,True,1903,2203,183,1513,167,0.09143457698370994,0.08306854289605084,True,0.9080459770114943,0.31983805668016196,0.912568306010929,0.3336633663366337,0.11037673496364839,0.09556306046028067,0.12716388101147827,0.10789719076776061,-0.0024795441958877784,-0.009814805796953175,0.005219667364544797,2000.0,True,0.00047912193109833634,0.001992668534909689,8.059880239520957,8.268081892441609,0.10832155629548068,0.13954942813177793,0.14975309088057978,0.13765820063019366,1.0176344401004431,1.037135573311176,1.54729065778503,2.76107600163285,True
echonext,random_init,inpatient,inpatient,pulmonary_regurgitation_moderate_or_greater_flag,True,1903,2203,14,1990,14,0.005780346820809248,0.006354970494779845,True,1.0,0.09355179704016914,1.0,0.09730470534490634,0.007035175879396985,0.0041953450400302635,0.01177456002931639,0.0070062526731705325,-2.8923206226452725e-05,-0.0001725044658059215,0.0001170151645034558,2000.0,True,0.0,2.8923206226451857e-05,141.14285714285714,141.7296511627907,0.0,0.0,0.009199448813240854,0.0,1.000057848583689,0.9945186709360972,1.0400251703747192,1.2585633445786328,True
echonext,random_init,inpatient,inpatient,rv_systolic_dysfunction_moderate_or_greater_flag,True,1903,2203,246,1269,215,0.11508145034156594,0.11166591012256015,True,0.9041095890410958,0.43705463182897863,0.8739837398373984,0.46142054164537555,0.169424743892829,0.1497901478211769,0.1910547043119823,0.16797204992365716,-0.001452693969171831,-0.013341079787428167,0.010687162104156248,2000.0,True,-0.0046830709149907335,0.0062750899591478,4.902325581395349,4.9533714118182,0.1053837351880686,0.1590894634824653,0.21058991268406335,0.16280967188812842,1.1088317960185416,1.1000788722404011,6.647645295487526,11.036308154288294,True
echonext,random_init,inpatient,inpatient,pericardial_effusion_moderate_large_flag,True,1903,2203,45,2009,45,0.017341040462427744,0.020426690876078075,True,0.9393939393939394,0.11283422459893049,1.0,0.08989805375347544,0.022399203583872575,0.016782169633634277,0.029839216471794515,0.02160324794789641,-0.0007959556359761651,-0.003082221321557084,0.0007846862043269435,2000.0,True,0.001361750283675918,-0.0005329683702082477,43.644444444444446,45.28933586337761,0.04520152334666799,0.0477355467638151,0.03248476497286577,0.0478558406177509,1.0003255875943415,1.0037777793447136,1.1817428736347106,1.2683240127927067,True
echonext,random_init,inpatient,inpatient,pasp_gte_45_flag,True,1903,2203,346,1819,323,0.15396741986337362,0.15705855651384476,True,0.9044368600682594,0.1720496894409938,0.9335260115606936,0.1943995691976306,0.17757009345794392,0.1606932613870861,0.19580590406480994,0.1691140177157802,-0.008456075742163727,-0.01690036692659691,-0.0008569813670947583,2000.0,True,0.004494879360447374,0.0038801070120592362,4.631578947368421,4.913170377636229,0.16977594085745057,0.18259610671361204,0.22226365196911302,0.18945102033040248,1.0036811452077397,1.0375030768324125,1.3858939042825587,1.55434022216926,True
echonext,random_init,inpatient,inpatient,tr_max_gte_32_flag,True,1903,2203,181,1447,158,0.07409353652128219,0.08216068996822515,True,0.9078014184397163,0.33938706015891035,0.8729281767955801,0.36251236399604353,0.10919143054595715,0.09414473121770359,0.126307653070153,0.10953615569684491,0.0003447251508877647,-0.008166001468355917,0.009355412859925492,2000.0,True,-0.003762760215683017,0.003524254127620599,8.158227848101266,8.12940566188598,0.0984783827538907,0.13051766790353586,0.1394595676349539,0.1230114050593439,1.0133499033144684,1.0122541878289986,1.33402063383856,1.612690838672902,True
echonext,random_init,inpatient,inpatient,shd_moderate_or_greater_flag,True,1903,2203,1156,1715,1051,0.5323173935890699,0.5247389922832502,True,0.9012833168805529,0.3202247191011236,0.9091695501730104,0.3658070678127985,0.6128279883381924,0.5895466999216343,0.6356049555809753,0.5941369882170979,-0.01869100012109448,-0.0349528591836923,-0.0015595676427829002,2000.0,True,0.0020990483070523203,0.016621897469741742,0.6317792578496669,0.683113524039004,0.5166351173430932,0.5862834790911499,0.6311427443437604,0.5926952350381814,2.6246331255882014,1.1892801983647399,10.369856190839865,86.46434828956488,True
echonext,random_init,inpatient,emergency,lvef_lte_45_flag,False,1903,1971,310,927,264,0.24540199684708355,0.15728056823947234,True,0.9036402569593148,0.4735376044568245,0.8516129032258064,0.600842865743528,0.284789644012945,0.25667145065024144,0.3146841263719694,0.24262317775589765,-0.04216646625704734,-0.06123776061060428,-0.02426757141057345,2000.0,False,-0.010729758296874642,0.05439730852943908,2.5113636363636362,3.121617766486005,0.0884130453381094,0.14271558207005647,0.34902863289674635,0.16629646990254646,1.150005723453622,1.5921120307147392,15.386380443581437,33.75601891287907,True
echonext,random_init,inpatient,emergency,lvwt_gte_13_flag,False,1903,1971,392,1230,340,0.2207041513399895,0.19888381532217148,True,0.9023809523809524,0.26567768037761297,0.8673469387755102,0.43635212159594683,0.2764227642276423,0.25215470987267924,0.30208299541103684,0.23376072132644984,-0.04266204290119244,-0.05709391444993634,-0.02777800581127954,2000.0,False,-0.007017709181654869,0.05065180011437345,2.6176470588235294,3.2778786544018543,0.0,0.0,0.28384357575720887,0.0,1.0153365323598293,0.8234436146101112,1.4632363849408903,1.488886557257034,True
echonext,random_init,inpatient,emergency,aortic_stenosis_moderate_or_greater_flag,False,1903,1971,66,1060,50,0.06778770362585392,0.0334855403348554,True,0.9069767441860465,0.3782412626832018,0.7575757575757576,0.46981627296587924,0.04716981132075472,0.035961027345933406,0.061648873038853295,0.048107323543315636,0.0009375122225609156,-0.005936604861498302,0.007966862037518844,2000.0,True,-0.007603468370854606,0.00784433283439065,20.2,19.78685585365405,0.004394046003364894,0.00639682309237476,0.05980184444595339,0.006949426859698432,1.0117519843349962,0.9964478300537315,3.1776964094397537,2.1963232001456046,True
echonext,random_init,inpatient,emergency,aortic_regurgitation_moderate_or_greater_flag,False,1903,1971,25,1646,23,0.016815554387808723,0.012683916793505834,True,0.9375,0.10689470871191876,0.92,0.1659815005138746,0.013973268529769137,0.00932901608816691,0.020880831381856528,0.013306022822240011,-0.0006672457075291259,-0.002866351993155707,0.0016037234513080385,2000.0,True,-0.00024513504122514705,0.0009292578974957801,70.56521739130434,74.15393693212187,0.0,0.0,0.013865311554110273,0.0,0.9939166045564043,0.9381630250909351,2.201351616568334,1.3793684262507773,True
echonext,random_init,inpatient,emergency,mitral_regurgitation_moderate_or_greater_flag,False,1903,1971,119,1058,105,0.0767209668943773,0.06037544393708777,True,0.910958904109589,0.39499146272054636,0.8823529411764706,0.48542116630669546,0.09924385633270322,0.08265185922359207,0.11873551084405574,0.0882137528404032,-0.01103010349230002,-0.02020254122706363,-0.001999407866834161,2000.0,True,-0.002532747100470134,0.0139189868104857,9.076190476190476,10.33610086637177,0.005182620627876597,0.0077830528278054105,0.12131233022870436,0.007980816895976305,1.0296879987785217,0.886196161207161,1.9047662418048978,3.0434816558411475,True
echonext,random_init,inpatient,emergency,tricuspid_regurgitation_moderate_or_greater_flag,False,1903,1971,131,1072,120,0.09143457698370994,0.06646372399797057,True,0.9080459770114943,0.31983805668016196,0.916030534351145,0.4826086956521739,0.11194029850746269,0.09443472145711823,0.13221713028318,0.08679911671594798,-0.025141181791514713,-0.03409437301064903,-0.01670481363409285,2000.0,False,0.0006964553704849052,0.024273833602277264,7.933333333333334,10.52085456436754,0.0,0.0,0.1357511602265677,0.0,1.0176344401004431,0.796512636302679,1.54729065778503,1.9310207245719748,True
echonext,random_init,inpatient,emergency,pulmonary_regurgitation_moderate_or_greater_flag,False,1903,1971,6,1683,6,0.005780346820809248,0.0030441400304414,True,1.0,0.09355179704016914,1.0,0.1465648854961832,0.0035650623885918,0.0016348930740782055,0.007756302961481188,0.003357261808751416,-0.0002078005798403842,-0.00043232197809319394,-5.768805354842607e-05,2000.0,True,0.0,0.0002078005798403842,279.5,296.8617864693446,0.0,0.0,0.007138490558839035,0.0,1.000057848583689,0.9402824990906562,1.0400251703747192,1.310602822876695,False
echonext,random_init,inpatient,emergency,rv_systolic_dysfunction_moderate_or_greater_flag,False,1903,1971,145,804,129,0.11508145034156594,0.07356671740233384,True,0.9041095890410958,0.43705463182897863,0.8896551724137931,0.6303395399780942,0.16044776119402984,0.13670190969215723,0.1874228996521619,0.11310787725168886,-0.04733988394234098,-0.06145380161596269,-0.03447595631305289,2000.0,False,-0.0016066792743919117,0.04952276256477814,5.232558139534884,7.841117208616595,0.004002080321020746,0.006411926924839077,0.19960215295762268,0.008601946748080647,1.1088317960185416,0.7656881103858262,6.647645295487526,5.086713972764592,True
echonext,random_init,inpatient,emergency,pericardial_effusion_moderate_large_flag,False,1903,1971,19,1659,18,0.017341040462427744,0.009639776763064434,True,0.9393939393939394,0.11283422459893049,0.9473684210526315,0.15932377049180327,0.0108499095840868,0.006874033155365474,0.017085833017895645,0.01020148882848845,-0.0006484207555983498,-0.002157522400308616,0.0009174821231247237,2000.0,True,8.570920282423983e-05,0.0005580742126865164,91.16666666666667,97.02490762009388,0.0,0.0,0.02411428105895592,0.0,1.0003255875943415,0.846874446220198,1.1817428736347106,1.1554017485283903,True
echonext,random_init,inpatient,emergency,pasp_gte_45_flag,False,1903,1971,275,1407,249,0.15396741986337362,0.13952308472856417,True,0.9044368600682594,0.1720496894409938,0.9054545454545454,0.31721698113207547,0.17697228144989338,0.15791793826506853,0.19778571339837034,0.15047283305186163,-0.026499448398031755,-0.03591802611906807,-0.017386486078602194,2000.0,False,0.00014381266295221407,0.02633570907527555,4.650602409638554,5.645717899491812,0.0,0.0,0.20487697424622572,0.0,1.0036811452077397,0.8604994488190237,1.3858939042825587,1.4489817395201336,True
echonext,random_init,inpatient,emergency,tr_max_gte_32_flag,False,1903,1971,147,1054,110,0.07409353652128219,0.0745814307458143,True,0.9078014184397163,0.33938706015891035,0.7482993197278912,0.4824561403508772,0.10436432637571158,0.08732129555122461,0.12428078995432715,0.09970586435115202,-0.004658462024559565,-0.0163001689639095,0.006632682873835828,2000.0,True,-0.016053002579068276,0.02414879599639931,8.581818181818182,9.02950033588918,0.0,0.0,0.13119087745020241,0.0,1.0133499033144684,0.8544112827977619,1.33402063383856,1.4520388790983838,True
echonext,random_init,inpatient,emergency,shd_moderate_or_greater_flag,False,1903,1971,788,1203,665,0.5323173935890699,0.3997970573313039,True,0.9012833168805529,0.3202247191011236,0.8439086294416244,0.5452240067624683,0.5527847049044057,0.524564476149535,0.5806688990148402,0.46897655546644407,-0.08380814943796161,-0.10519091737382594,-0.06278430540001177,2000.0,False,-0.016341313623782383,0.10000666079247883,0.8090225563909774,1.132302752331404,0.21040286612420256,0.2610648394458758,0.6111325621357186,0.2992038279231514,2.6246331255882014,4.225002130963148,10.369856190839865,8.008654930378325,True
echonext,random_init,inpatient,outpatient,lvef_lte_45_flag,False,1903,1059,70,369,60,0.24540199684708355,0.06610009442870633,True,0.9036402569593148,0.4735376044568245,0.8571428571428571,0.6875631951466128,0.16260162601626016,0.12846153030039062,0.20369428523688207,0.10832674724233286,-0.054274878773927296,-0.07586492522086535,-0.03349877421455012,2000.0,False,-0.004998067057550112,0.06159668942178369,5.15,8.231330446606554,0.0,0.0,0.2727809480939131,0.0,1.150005723453622,0.5261900293093819,15.386380443581437,3.2543025731292317,True
echonext,random_init,inpatient,outpatient,lvwt_gte_13_flag,False,1903,1059,146,615,126,0.2207041513399895,0.13786591123701605,True,0.9023809523809524,0.26567768037761297,0.863013698630137,0.4644030668127054,0.2048780487804878,0.1748575960239341,0.2385624410050051,0.1642361802111102,-0.0406418685693776,-0.0567438070488797,-0.0242701944341465,2000.0,False,-0.006031433001905312,0.04800405238092556,3.880952380952381,5.088792364231765,0.0,0.0,0.2609686760156135,0.0,1.0153365323598293,0.7659679035980688,1.4632363849408903,1.307990235007055,True
echonext,random_init,inpatient,outpatient,aortic_stenosis_moderate_or_greater_flag,False,1903,1059,51,686,48,0.06778770362585392,0.04815864022662889,True,0.9069767441860465,0.3782412626832018,0.9411764705882353,0.36706349206349204,0.06997084548104957,0.053179281716286886,0.09155173951194762,0.06873194062799015,-0.0012389048530594138,-0.008314425541098323,0.005911516425428263,2000.0,True,0.002407330334836158,-0.001131763895501986,13.291666666666666,13.549276375193216,0.0,0.0,0.053152493871857054,0.0,1.0117519843349962,0.9175429595101418,3.1776964094397537,2.3555326469628555,True
echonext,random_init,inpatient,outpatient,aortic_regurgitation_moderate_or_greater_flag,False,1903,1059,4,902,4,0.016815554387808723,0.003777148253068933,True,0.9375,0.10689470871191876,1.0,0.14881516587677726,0.004434589800443459,0.001725836118009737,0.0113464942609844,0.003964159422347181,-0.0004704303780962782,-0.0012382546449988925,-6.428503172034755e-05,2000.0,True,0.0002631601102527168,0.00019442111549590295,224.5,251.26028861571353,0.0,0.0,0.01042374637274241,0.0,0.9939166045564043,0.7960725395810178,2.201351616568334,1.9788129111817412,False
echonext,random_init,inpatient,outpatient,mitral_regurgitation_moderate_or_greater_flag,False,1903,1059,30,524,24,0.0767209668943773,0.028328611898016998,True,0.910958904109589,0.39499146272054636,0.8,0.5140913508260447,0.04580152671755725,0.030969007358559376,0.06724506422368914,0.042051855431205674,-0.0037496712863515774,-0.012836364505180081,0.0053603183353963324,2000.0,True,-0.004931973741585556,0.009773056895070471,20.833333333333332,22.78016355630111,0.0,0.0,0.0857439476584319,0.0,1.0296879987785217,0.6829439689110278,1.9047662418048978,1.136620749825633,True
echonext,random_init,inpatient,outpatient,tricuspid_regurgitation_moderate_or_greater_flag,False,1903,1059,26,512,20,0.09143457698370994,0.024551463644948063,True,0.9080459770114943,0.31983805668016196,0.7692307692307693,0.5237173281703775,0.0390625,0.0254270798652394,0.05956310087929313,0.03250985891918999,-0.006552641080810009,-0.01541738016153483,0.002599000413445636,2000.0,True,-0.004832307990255184,0.013279075050224604,24.6,29.759899711829195,0.0,0.0,0.106620393540652,0.0,1.0176344401004431,0.6629409505317962,1.54729065778503,1.2811797306445327,True
echonext,random_init,inpatient,outpatient,pulmonary_regurgitation_moderate_or_greater_flag,False,1903,1059,0,925,0,0.005780346820809248,0.0,False,,,,,,,,,,,,,,,,,,,,,,,,,,False
echonext,random_init,inpatient,outpatient,rv_systolic_dysfunction_moderate_or_greater_flag,False,1903,1059,20,342,15,0.11508145034156594,0.018885741265344664,True,0.9041095890410958,0.43705463182897863,0.75,0.685274302213667,0.043859649122807015,0.026756969781534013,0.07109555182212848,0.029987924857940225,-0.01387172426486679,-0.027247786140576245,-0.0016076019028979287,2000.0,True,-0.004983767397079748,0.0224117416896363,21.8,32.34675556035413,0.0,0.0,0.14929960134346582,0.0,1.1088317960185416,0.49735382730517896,6.647645295487526,1.686840420951246,True
echonext,random_init,inpatient,outpatient,pericardial_effusion_moderate_large_flag,False,1903,1059,2,884,2,0.017341040462427744,0.0018885741265344666,True,0.9393939393939394,0.11283422459893049,1.0,0.16556291390728478,0.0022624434389140274,0.0006206630120275496,0.008211385483556124,0.0019995336950832526,-0.0002629097438307747,-0.0008024100633401115,0.0,2000.0,True,0.00012872762353965993,0.0001260834195629351,441.0,499.1166034155598,0.0,0.0,0.021591789740753018,0.0,1.0003255875943415,0.814784507809844,1.1817428736347106,2.022833370783455,False
echonext,random_init,inpatient,outpatient,pasp_gte_45_flag,False,1903,1059,63,711,51,0.15396741986337362,0.059490084985835696,True,0.9044368600682594,0.1720496894409938,0.8095238095238095,0.3373493975903614,0.07172995780590717,0.05497586973697317,0.09308697344969019,0.06463062250131751,-0.007099335304589657,-0.016237483537509183,0.0020568973001534744,2000.0,True,-0.006387409740159368,0.014840994778225508,12.941176470588236,14.472541672944812,0.0,0.0,0.16834150636162604,0.0,1.0036811452077397,0.7152785173769647,1.3858939042825587,1.0191466467505892,True
echonext,random_init,inpatient,outpatient,tr_max_gte_32_flag,False,1903,1059,35,464,26,0.07409353652128219,0.033050047214353166,True,0.9078014184397163,0.33938706015891035,0.7428571428571429,0.572265625,0.05603448275862069,0.03852314298908542,0.08083664817062886,0.04486193697068808,-0.011172545787932614,-0.02315150084638408,0.0006294815188447366,2000.0,True,-0.007849556421497123,0.022772955387172972,16.846153846153847,21.290611318307114,0.0,0.0,0.10648860506199558,0.0,1.0133499033144684,0.7103975345940868,1.33402063383856,1.0635957735431665,True
echonext,random_init,inpatient,outpatient,shd_moderate_or_greater_flag,False,1903,1059,271,549,213,0.5323173935890699,0.2559017941454202,True,0.9012833168805529,0.3202247191011236,0.7859778597785978,0.5736040609137056,0.3879781420765027,0.3481295474271025,0.4293835206731443,0.3131740323665381,-0.0748041097099646,-0.10114390734139485,-0.047908279757617474,2000.0,False,-0.028666821008461574,0.10776300137504696,1.5774647887323943,2.1931127636712944,0.0,0.0,0.5342959195972574,0.0,2.6246331255882014,0.5691560375175265,10.369856190839865,2.0753896289332956,True
echonext,ecgfounder,inpatient,inpatient,lvef_lte_45_flag,True,1903,2203,537,1129,474,0.24540199684708355,0.24375851112119837,True,0.9036402569593148,0.5981894150417827,0.88268156424581,0.6068427370948379,0.41984056687333926,0.391371588759534,0.44885318533337054,0.4202536582814747,0.0004130914081354464,-0.02362682290110072,0.024230187021976678,2000.0,True,-0.005706529447761621,0.005313338088471509,1.3818565400843883,1.3795152767717886,0.22902074363426222,0.4004961252946751,0.461198360559368,0.40275194185189706,1.0574262663724194,0.9368986906212103,10.198652066342863,9.5935965207583,True
echonext,ecgfounder,inpatient,inpatient,lvwt_gte_13_flag,True,1903,2203,483,1597,437,0.2207041513399895,0.21924648206990469,True,0.9023809523809524,0.3209710047201618,0.9047619047619048,0.32558139534883723,0.2736380713838447,0.2523352060278625,0.2960273154346821,0.2717642287708251,-0.001873842613019594,-0.014227437071840139,0.011897587920500958,2000.0,True,0.0005218116701459219,0.0013504123295289827,2.654462242562929,2.679660139684115,0.22291666371862912,0.27600277110638943,0.3196945887994378,0.2719194777071087,1.0037579240398566,1.0136295221346632,1.605938411911353,1.651149831056864,True
echonext,ecgfounder,inpatient,inpatient,aortic_stenosis_moderate_or_greater_flag,True,1903,2203,141,1181,129,0.06778770362585392,0.06400363141171131,True,0.9069767441860465,0.4842164599774521,0.9148936170212766,0.489815712900097,0.10922946655376799,0.09269014336723132,0.12830267965679776,0.10733638353051964,-0.0018930830232483514,-0.01115880977528214,0.007322701350209224,2000.0,True,0.0008355753118949177,0.0010503317547863877,8.155038759689923,8.31650543001259,0.06746102037606491,0.11285232323179763,0.08258290723704313,0.11278374728904458,1.0033812159559234,1.0121868756382129,3.4530148157645866,3.8323492388977978,True
echonext,ecgfounder,inpatient,inpatient,aortic_regurgitation_moderate_or_greater_flag,True,1903,2203,33,2032,31,0.016815554387808723,0.014979573309123922,True,0.9375,0.09246392303580973,0.9393939393939394,0.07788018433179723,0.015255905511811024,0.010768350101129212,0.02157280226877794,0.015466501271152368,0.0002105957593413442,-0.0017553689118101625,0.00210700841947731,2000.0,True,3.076123806233268e-05,-0.00024088532578003287,64.54838709677419,63.655863822619565,0.0,0.0,0.014777825953452398,0.0,1.0001408315762454,0.9885703635142424,1.3086863948571144,1.1765131619751836,True
echonext,ecgfounder,inpatient,inpatient,mitral_regurgitation_moderate_or_greater_flag,True,1903,2203,173,1168,153,0.0767209668943773,0.07852927825692238,True,0.910958904109589,0.4928856004553216,0.884393063583815,0.5,0.1309931506849315,0.11284752986965896,0.1515580827569068,0.13276396735564358,0.0017708166707120776,-0.009373285444830341,0.012520428980247363,2000.0,True,-0.003370753903843865,0.001635182172098959,6.633986928104576,6.5321641851906564,0.04137812038638236,0.0719587398707798,0.15490943439662047,0.06784267014980144,1.028080853124314,0.9504382935161536,2.4039710905618503,2.492014443133094,True
echonext,ecgfounder,inpatient,inpatient,tricuspid_regurgitation_moderate_or_greater_flag,True,1903,2203,183,1384,165,0.09143457698370994,0.08306854289605084,True,0.9080459770114943,0.3626373626373626,0.9016393442622951,0.39653465346534655,0.11921965317919075,0.10319259181474005,0.13735466716711292,0.11431430679930943,-0.004905346379881326,-0.013158652501723204,0.0038430269495169297,2000.0,True,-0.0007149120574898443,0.00565084132117849,7.387878787878788,7.747811433223343,0.08056032905978167,0.11097682891989603,0.16491433442166517,0.11477638333587925,1.0385435696851186,0.9784061963705536,2.5514671399711384,3.2072742891197814,True
echonext,ecgfounder,inpatient,inpatient,pulmonary_regurgitation_moderate_or_greater_flag,True,1903,2203,14,2158,14,0.005780346820809248,0.006354970494779845,True,1.0,0.013213530655391121,1.0,0.02055733211512106,0.006487488415199258,0.003868416879491525,0.010860442487496447,0.006439518533672424,-4.7969881526834304e-05,-0.0001103216156739801,1.244985088091036e-06,2000.0,True,0.0,4.7969881526834304e-05,153.14285714285714,154.29111295681065,0.0,0.0,0.00858861051880618,0.0,0.9999923883104419,0.9977867980355238,1.0053527374589797,1.0312911794811934,True
echonext,ecgfounder,inpatient,inpatient,rv_systolic_dysfunction_moderate_or_greater_flag,True,1903,2203,246,1128,220,0.11508145034156594,0.11166591012256015,True,0.9041095890410958,0.49287410926365793,0.8943089430894309,0.5360245273377618,0.1950354609929078,0.17296387775150981,0.21917713754859094,0.18307593576895032,-0.01195952522395749,-0.025564779274562605,0.0017668355866099373,2000.0,True,-0.0016244611083882088,0.01367636670317765,4.127272727272727,4.462214330899518,0.0789482487994855,0.13255754024002075,0.24291690275839245,0.13810579890633856,1.0256843097772472,0.9204434651733331,6.040950029471012,6.987924203226296,True
echonext,ecgfounder,inpatient,inpatient,pericardial_effusion_moderate_large_flag,True,1903,2203,45,1696,41,0.017341040462427744,0.020426690876078075,True,0.9393939393939394,0.2374331550802139,0.9111111111111111,0.23308619091751623,0.024174528301886794,0.01786963703105671,0.03263004832209894,0.02504468757979925,0.0008701592779124558,-0.0022918168624172634,0.003847511834751599,2000.0,True,-0.0007357038139010723,-0.00013842084171676247,40.36585365853659,38.92862745098039,0.0,0.0,0.036389353239188356,0.0,1.0003257258008098,0.9821986774927337,1.3749436170479674,1.2455474948910437,True
echonext,ecgfounder,inpatient,inpatient,pasp_gte_45_flag,True,1903,2203,346,1523,310,0.15396741986337362,0.15705855651384476,True,0.9044368600682594,0.30559006211180123,0.8959537572254336,0.34679590737749055,0.2035456336178595,0.1840818649095666,0.2245011318493362,0.19528490294268533,-0.00826073067517416,-0.019032133036078418,0.002452248633683828,2000.0,True,-0.001476670189521162,0.009792719686754686,3.912903225806452,4.120723542533611,0.10052153080754986,0.12706158112446045,0.25822944368235157,0.13109423009093438,0.9996972257685693,0.9588191132213476,1.9316360379259347,1.9054484973509103,True
echonext,ecgfounder,inpatient,inpatient,tr_max_gte_32_flag,True,1903,2203,181,1486,154,0.07409353652128219,0.08216068996822515,True,0.9078014184397163,0.31441543700340524,0.850828729281768,0.34124629080118696,0.10363391655450875,0.08914574930175452,0.12016609188404308,0.10596921647126166,0.0023352999167529087,-0.0060876924738929965,0.011493854120765498,2000.0,True,-0.005985576546193749,0.0038421400554233265,8.64935064935065,8.436702783125655,0.03032148281919146,0.03975876099915804,0.1440311302537472,0.04053435855514493,0.9955663336517618,0.9642041470090968,2.0602518480878937,1.8347300826283035,True
echonext,ecgfounder,inpatient,inpatient,shd_moderate_or_greater_flag,True,1903,2203,1156,1634,1035,0.5323173935890699,0.5247389922832502,True,0.9012833168805529,0.42134831460674155,0.8953287197231834,0.4278892072588348,0.6334149326805385,0.6097629897080569,0.656441042221832,0.6323137637004927,-0.0011011689800457525,-0.019837877394685823,0.018433412385646556,2000.0,True,-0.0015424786362445708,0.0026389951183123372,0.578743961352657,0.5814933303803093,0.4993073613544623,0.6083420400846682,0.6787887481172344,0.6114459566290781,0.9767016380336482,0.9036209407174975,4.999181628889889,4.860639605224089,True
echonext,ecgfounder,inpatient,emergency,lvef_lte_45_flag,False,1903,1971,310,665,259,0.24540199684708355,0.15728056823947234,True,0.9036402569593148,0.5981894150417827,0.8354838709677419,0.7555689343768814,0.3894736842105263,0.3531476482673059,0.42706932533479197,0.29563892102304523,-0.09383476318748107,-0.1224861195666793,-0.06573179107715733,2000.0,False,-0.016064292042521022,0.11263516752268515,1.5675675675675675,2.3825045651619376,0.057605727526773454,0.12085576154622897,0.4317903348153695,0.1543282042347546,1.0574262663724194,0.6324302096326143,10.198652066342863,8.925942701007934,True
echonext,ecgfounder,inpatient,emergency,lvwt_gte_13_flag,False,1903,1971,392,1163,347,0.2207041513399895,0.19888381532217148,True,0.9023809523809524,0.3209710047201618,0.8852040816326531,0.4832172260924636,0.29836629406706794,0.27276912176967916,0.32529109759036157,0.24807373789443005,-0.05029255617263789,-0.0654295513781399,-0.033991329588438,2000.0,False,-0.0035675150188410054,0.05433136868256755,2.351585014409222,3.031059508707684,0.0,0.0,0.297257725517758,0.0,1.0037579240398566,0.757341197973566,1.605938411911353,1.5659423410848603,True
echonext,ecgfounder,inpatient,emergency,aortic_stenosis_moderate_or_greater_flag,False,1903,1971,66,977,53,0.06778770362585392,0.0334855403348554,True,0.9069767441860465,0.4842164599774521,0.803030303030303,0.5149606299212598,0.05424769703172978,0.041711221318096056,0.07027574439679228,0.05742407040595496,0.003176373374225175,-0.004294292229201804,0.010815343268291628,2000.0,True,-0.006244410322682269,0.0034183632913929243,17.433962264150942,16.414300186848102,0.024542314288774764,0.04236766721427452,0.07988080760023672,0.04446830001333816,1.0033812159559234,1.0508181032441644,3.4530148157645866,2.3789493720354153,True
echonext,ecgfounder,inpatient,emergency,aortic_regurgitation_moderate_or_greater_flag,False,1903,1971,25,1812,23,0.016815554387808723,0.012683916793505834,True,0.9375,0.09246392303580973,0.92,0.08067831449126413,0.012693156732891833,0.00847291201992001,0.01897522150439322,0.01309721406086661,0.0004040573279747769,-0.001451849539211561,0.002459892446149212,2000.0,True,-0.00024133830754479411,-0.00016573366499089172,77.78260869565217,75.35211544628541,0.0,0.0,0.012636223462571917,0.0,1.0001408315762454,0.919732540600726,1.3086863948571144,1.149789284997449,True
echonext,ecgfounder,inpatient,emergency,mitral_regurgitation_moderate_or_greater_flag,False,1903,1971,119,823,98,0.0767209668943773,0.06037544393708777,True,0.910958904109589,0.4928856004553216,0.8235294117647058,0.6085313174946004,0.11907654921020656,0.09869953603292309,0.14299306015803667,0.10348050928102355,-0.015596039929183014,-0.028699613516936246,-0.0031588503847088593,2000.0,True,-0.008993158555189756,0.02659337485484438,7.3979591836734695,8.663655570966366,0.0,0.0,0.14899007062159506,0.0,1.028080853124314,0.7472252535960581,2.4039710905618503,2.656837862601882,True
echonext,ecgfounder,inpatient,emergency,tricuspid_regurgitation_moderate_or_greater_flag,False,1903,1971,131,955,121,0.09143457698370994,0.06646372399797057,True,0.9080459770114943,0.3626373626373626,0.9236641221374046,0.5467391304347826,0.12670157068062826,0.10708948470854476,0.14930478835830965,0.09209096965608325,-0.03461060102454501,-0.045740256170094716,-0.02472147496330743,2000.0,False,0.0014357989944845662,0.03273564329577848,6.892561983471074,9.858828001643731,0.0,0.0,0.15535079610987484,0.0,1.0385435696851186,0.7758527295009146,2.5514671399711384,2.76583828645785,True
echonext,ecgfounder,inpatient,emergency,pulmonary_regurgitation_moderate_or_greater_flag,False,1903,1971,6,1933,6,0.005780346820809248,0.0030441400304414,True,1.0,0.013213530655391121,1.0,0.019338422391857506,0.0031039834454216243,0.0014233360787976046,0.006755680716071959,0.003084776740913808,-1.9206704507816145e-05,-5.606555889496306e-05,5.7231882444475254e-06,2000.0,True,0.0,1.9206704507816145e-05,321.1666666666667,323.1725687103594,0.0,0.0,0.006961045232135713,0.0,0.9999923883104419,0.9828139704434715,1.0053527374589797,1.051707147165188,False
echonext,ecgfounder,inpatient,emergency,rv_systolic_dysfunction_moderate_or_greater_flag,False,1903,1971,145,636,125,0.11508145034156594,0.07356671740233384,True,0.9041095890410958,0.49287410926365793,0.8620689655172413,0.7201533406352684,0.19654088050314467,0.16751817593770105,0.2292073805596145,0.12401374251175651,-0.07252713799138816,-0.09154038905402777,-0.05416471214296835,2000.0,False,-0.005080738235818408,0.08015496868658797,4.088,7.063622464302291,0.0,0.0,0.23310796330747363,0.0,1.0256843097772472,0.5714699578645548,6.040950029471012,4.831730637399248,True
echonext,ecgfounder,inpatient,emergency,pericardial_effusion_moderate_large_flag,False,1903,1971,19,1297,17,0.017341040462427744,0.009639776763064434,True,0.9393939393939394,0.2374331550802139,0.8947368421052632,0.3442622950819672,0.013107170393215111,0.008199425386453742,0.020890559841261952,0.011848602011694534,-0.0012585683815205771,-0.0036055243587588305,0.0011309499400208463,2000.0,True,-0.000556901038953032,0.0019037620406998704,75.29411764705883,83.39814241486067,0.0,0.0,0.02756482778144347,0.0,1.0003257258008098,0.8190153436133258,1.3749436170479674,1.4374725133582948,True
echonext,ecgfounder,inpatient,emergency,pasp_gte_45_flag,False,1903,1971,275,1105,238,0.15396741986337362,0.13952308472856417,True,0.9044368600682594,0.30559006211180123,0.8654545454545455,0.48879716981132076,0.2153846153846154,0.192154243313961,0.24058702461358247,0.17436432144061675,-0.04102029394399864,-0.054751511399864304,-0.02793809216446967,2000.0,False,-0.006251894335548014,0.04855908773510961,3.642857142857143,4.735118238283455,0.0,0.0,0.24418371637347597,0.0,0.9996972257685693,0.7484900412776586,1.9316360379259347,1.8982809483444254,True
echonext,ecgfounder,inpatient,emergency,tr_max_gte_32_flag,False,1903,1971,147,1100,128,0.07409353652128219,0.0745814307458143,True,0.9078014184397163,0.31441543700340524,0.8707482993197279,0.46710526315789475,0.11636363636363636,0.09873519375558938,0.13666225099911272,0.09642437536017584,-0.019939261003460523,-0.029899698783851666,-0.010431034797772194,2000.0,False,-0.0035702438256058483,0.02429315485770081,7.59375,9.370821654427946,0.0,0.0,0.13710789940573953,0.0,0.9955663336517618,0.7922050379981276,2.0602518480878937,1.8057650627407413,True
echonext,ecgfounder,inpatient,emergency,shd_moderate_or_greater_flag,False,1903,1971,788,1126,653,0.5323173935890699,0.3997970573313039,True,0.9012833168805529,0.42134831460674155,0.8286802030456852,0.6001690617075233,0.5799289520426287,0.5508760884233769,0.6084382990906733,0.5092010022709521,-0.07072794977167662,-0.09496167875750687,-0.04682800061981434,2000.0,False,-0.02099310838520646,0.09103944632168948,0.7243491577335375,0.9638610205796249,0.18968532669106336,0.26718789481502453,0.6350051065109551,0.30015904538493277,0.9767016380336482,0.5909804046112288,4.999181628889889,4.356475100946774,True
echonext,ecgfounder,inpatient,outpatient,lvef_lte_45_flag,False,1903,1059,70,183,59,0.24540199684708355,0.06610009442870633,True,0.9036402569593148,0.5981894150417827,0.8428571428571429,0.8746208291203236,0.3224043715846995,0.25893745282813296,0.39317401959203035,0.13731778523714036,-0.18508658634755912,-0.2351940795432082,-0.13762741486264043,2000.0,False,-0.008042574175415568,0.20048296492295484,2.1016949152542375,6.282377867317436,0.0,0.0,0.37797768951439464,0.0,1.0574262663724194,0.35439908088460254,10.198652066342863,5.129693112820591,True
echonext,ecgfounder,inpatient,outpatient,lvwt_gte_13_flag,False,1903,1059,146,493,117,0.2207041513399895,0.13786591123701605,True,0.9023809523809524,0.3209710047201618,0.8013698630136986,0.588170865279299,0.23732251521298176,0.20188912487974917,0.27681782398324634,0.17526596741131145,-0.0620565478016703,-0.08476740666651246,-0.03998283957791655,2000.0,False,-0.016504248611272643,0.08420864971193126,3.213675213675214,4.7056142431417705,0.0,0.0,0.2713631019903003,0.0,1.0037579240398566,0.6282631017242195,1.605938411911353,1.3570900836104545,True
echonext,ecgfounder,inpatient,outpatient,aortic_stenosis_moderate_or_greater_flag,False,1903,1059,51,504,51,0.06778770362585392,0.04815864022662889,True,0.9069767441860465,0.4842164599774521,1.0,0.5505952380952381,0.10119047619047619,0.07780491762952783,0.13060945457725973,0.08170014591470094,-0.01949033027577525,-0.02984834812127035,-0.011171639000036484,2000.0,True,0.007630952018343684,0.01094937895953045,8.882352941176471,11.23988022058186,0.0,0.0,0.06933088867097265,0.0,1.0033812159559234,0.824253631482905,3.4530148157645866,3.301976033814185,True
echonext,ecgfounder,inpatient,outpatient,aortic_regurgitation_moderate_or_greater_flag,False,1903,1059,4,940,4,0.016815554387808723,0.003777148253068933,True,0.9375,0.09246392303580973,1.0,0.11279620853080569,0.00425531914893617,0.0016560173484643104,0.010890007950625356,0.003901371005577856,-0.00035394814335831413,-0.001058791448919485,0.0,2000.0,True,0.0002590093212265789,8.905197925853639e-05,234.0,255.32014965259216,0.0,0.0,0.009137240269851741,0.0,1.0001408315762454,0.8592585204329722,1.3086863948571144,1.461654298843075,False
echonext,ecgfounder,inpatient,outpatient,mitral_regurgitation_moderate_or_greater_flag,False,1903,1059,30,289,23,0.0767209668943773,0.028328611898016998,True,0.910958904109589,0.4928856004553216,0.7666666666666667,0.7414965986394558,0.07958477508650519,0.053614607639856114,0.11658485462689855,0.04976562467389898,-0.02981915041260621,-0.04938517174209449,-0.011044037655659589,2000.0,False,-0.007549902553240839,0.04340207718945508,11.565217391304348,19.09419165443489,0.0,0.0,0.10909330712109289,0.0,1.028080853124314,0.48990617786571966,2.4039710905618503,1.1062611273627305,True
echonext,ecgfounder,inpatient,outpatient,tricuspid_regurgitation_moderate_or_greater_flag,False,1903,1059,26,354,21,0.09143457698370994,0.024551463644948063,True,0.9080459770114943,0.3626373626373626,0.8076923076923077,0.6776379477250726,0.059322033898305086,0.039124273560597986,0.08898122593006948,0.03461734493554137,-0.02470468896276372,-0.039787240997046634,-0.010819232411009669,2000.0,False,-0.003707518813422482,0.03158732871474066,15.857142857142858,27.88725296125491,0.0,0.0,0.11460553411667966,0.0,1.0385435696851186,0.5095393700131292,2.5514671399711384,1.7907236988657382,True
echonext,ecgfounder,inpatient,outpatient,pulmonary_regurgitation_moderate_or_greater_flag,False,1903,1059,0,1022,0,0.005780346820809248,0.0,False,,,,,,,,,,,,,,,,,,,,,,,,,,False
echonext,ecgfounder,inpatient,outpatient,rv_systolic_dysfunction_moderate_or_greater_flag,False,1903,1059,20,190,17,0.11508145034156594,0.018885741265344664,True,0.9041095890410958,0.49287410926365793,0.85,0.8334937439846006,0.08947368421052632,0.05661313571757389,0.13860546741777482,0.033179186323622024,-0.05629449788690429,-0.08692710669451381,-0.028947705561502373,2000.0,False,-0.0019236591786530727,0.06145125313440366,10.176470588235293,29.139376844454045,0.0,0.0,0.17402204306502092,0.0,1.0256843097772472,0.3314141477355448,6.040950029471012,3.869943197445951,True
echonext,ecgfounder,inpatient,outpatient,pericardial_effusion_moderate_large_flag,False,1903,1059,2,636,2,0.017341040462427744,0.0018885741265344666,True,0.9393939393939394,0.2374331550802139,1.0,0.4001892147587512,0.0031446540880503146,0.0008628015943028663,0.011392513707001443,0.0023254859581686113,-0.0008191681298817034,-0.002222310069801614,0.0,2000.0,True,0.00014966000264466598,0.000629146142479501,317.0,429.0176470588235,0.0,0.0,0.018494261529753513,0.0,1.0003257258008098,0.7259287518697242,1.3749436170479674,1.6715229633804407,False
echonext,ecgfounder,inpatient,outpatient,pasp_gte_45_flag,False,1903,1059,63,412,47,0.15396741986337362,0.059490084985835696,True,0.9044368600682594,0.30559006211180123,0.746031746031746,0.6335341365461847,0.11407766990291263,0.08688045978205736,0.1484050240130594,0.07611357533717805,-0.037964094565734574,-0.057692768474888516,-0.02020619700976509,2000.0,False,-0.012482455876835857,0.05891554145350461,7.76595744680851,12.138260757953713,0.0,0.0,0.19799110450718588,0.0,0.9996972257685693,0.5383791227401631,1.9316360379259347,1.1865330682079305,True
echonext,ecgfounder,inpatient,outpatient,tr_max_gte_32_flag,False,1903,1059,35,395,29,0.07409353652128219,0.033050047214353166,True,0.9078014184397163,0.31441543700340524,0.8285714285714286,0.642578125,0.07341772151898734,0.051601642306604946,0.10345109218982562,0.04329864480226695,-0.030119076716720393,-0.045688997821007764,-0.015762292649249252,2000.0,False,-0.0036290564971019346,0.036578686439041046,12.620689655172415,22.095411058861682,0.0,0.0,0.10844536728308171,0.0,0.9955663336517618,0.5406374683581057,2.0602518480878937,1.2376853296962305,True
echonext,ecgfounder,inpatient,outpatient,shd_moderate_or_greater_flag,False,1903,1059,271,420,194,0.5323173935890699,0.2559017941454202,True,0.9012833168805529,0.42134831460674155,0.7158671586715867,0.7131979695431472,0.46190476190476193,0.41478610952927125,0.5097139615844949,0.3488131269254549,-0.11309163497930702,-0.14897924375564894,-0.07760846369453245,2000.0,False,-0.050341269644304354,0.17058917511018606,1.1649484536082475,1.8668645839515976,0.0,0.0,0.5740451088263875,0.0,0.9767016380336482,0.4136969835918605,4.999181628889889,2.0981131056130646,True
echonext,echonext_mini,inpatient,inpatient,lvef_lte_45_flag,True,1903,2203,537,1263,478,0.24540199684708355,0.24375851112119837,True,0.9036402569593148,0.5215877437325905,0.8901303538175046,0.5288115246098439,0.3784639746634996,0.35212251975969083,0.4055424999138941,0.37842840183083426,-3.557283266536482e-05,-0.02074298885563466,0.020352033682790996,2000.0,True,-0.003536678954731698,0.0035853572321604132,1.6422594142259415,1.642507790541107,0.22875575979243096,0.3590725731812302,0.6305249636596096,0.3609515534889074,1.0049121603740219,0.9265061130097384,3.3021476402628958,3.5422127131197985,True
echonext,echonext_mini,inpatient,inpatient,lvwt_gte_13_flag,True,1903,2203,483,1796,453,0.2207041513399895,0.21924648206990469,True,0.9023809523809524,0.19892110586648684,0.937888198757764,0.2191860465116279,0.2522271714922049,0.23268529979391833,0.27282670203364673,0.24030910886056758,-0.011918062631637333,-0.021528210005771962,-0.001990230555694637,2000.0,True,0.00711618004516501,0.004708739749489488,2.964679911699779,3.161307096270833,0.20650940176512145,0.22670369886012953,0.5197097322341461,0.23485296673821038,0.9977181309865387,0.9750652581306688,1.3674504972846058,1.4285270714175824,True
echonext,echonext_mini,inpatient,inpatient,aortic_stenosis_moderate_or_greater_flag,True,1903,2203,141,1089,132,0.06778770362585392,0.06400363141171131,True,0.9069767441860465,0.5264937993235626,0.9361702127659575,0.5358874878758487,0.12121212121212122,0.10314768698089662,0.14193951817485115,0.11581011076840977,-0.005402010443711441,-0.016112131822176835,0.004744877555374072,2000.0,True,0.0032837166633282455,0.002067702736413393,7.25,7.634824657060738,0.055861690300152436,0.10179456949069679,0.5940185906254337,0.10629824812896602,0.9630425650888135,0.9545546257771025,4.679267702411122,4.199464486286796,True
echonext,echonext_mini,inpatient,inpatient,aortic_regurgitation_moderate_or_greater_flag,True,1903,2203,33,964,23,0.016815554387808723,0.014979573309123922,True,0.9375,0.5617316942811331,0.696969696969697,0.5663594470046083,0.023858921161825725,0.01595027443695078,0.03554727029669338,0.0315052330129272,0.007646311851101477,0.001128378955755475,0.01473013053106606,2000.0,True,-0.007892293607198703,0.00032551742112848364,40.91304347826087,30.740758736482945,0.00344713400307234,0.007344925624620664,0.6282011850184425,0.0072703557504178885,1.00200970765646,0.9929143033014364,2.7964272525699325,1.9179500401661453,True
echonext,echonext_mini,inpatient,inpatient,mitral_regurgitation_moderate_or_greater_flag,True,1903,2203,173,1129,153,0.0767209668943773,0.07852927825692238,True,0.910958904109589,0.5128059191804212,0.884393063583815,0.5192118226600986,0.1355181576616475,0.11678431915311911,0.15672390779970097,0.13744628263033684,0.0019281249686893542,-0.009410190731979177,0.013229364450555064,2000.0,True,-0.0034712684140469074,0.0015767076116498246,6.379084967320262,6.275569632461506,0.06132548508130546,0.10886007935260364,0.6280868476581742,0.10716216316918503,1.0003254792630576,0.9920495028860306,2.551825080932438,2.368845023362874,True
echonext,echonext_mini,inpatient,inpatient,tricuspid_regurgitation_moderate_or_greater_flag,True,1903,2203,183,1291,167,0.09143457698370994,0.08306854289605084,True,0.9080459770114943,0.44129554655870445,0.912568306010929,0.44356435643564357,0.12935708752904726,0.11214453928566599,0.14876883857944406,0.12834270669383988,-0.0010143808352073846,-0.010329346160059611,0.00940765451055957,2000.0,True,0.0005567930077310379,0.0004559034892417657,6.730538922155689,6.79163869736275,0.07348054127209785,0.11417975554812791,0.5796940171792468,0.11163838939971338,1.0093880248927964,0.9799366862142582,2.5823078899802385,2.8095309046810684,True
echonext,echonext_mini,inpatient,inpatient,pulmonary_regurgitation_moderate_or_greater_flag,True,1903,2203,14,1792,13,0.005780346820809248,0.006354970494779845,True,1.0,0.17230443974630022,0.9285714285714286,0.18730013704888077,0.007254464285714286,0.004244462240307895,0.012372516209610857,0.007667764184408455,0.0004132998986941692,-0.0003211730273934009,0.001738984960965648,2000.0,True,-0.0005437956624089009,0.00014037859305947482,136.84615384615384,129.41611295681062,0.0,0.0,0.4099728588314195,0.0,0.9999319426179554,0.9904007619169126,1.1614917468128743,1.5222489107871646,True
echonext,echonext_mini,inpatient,inpatient,rv_systolic_dysfunction_moderate_or_greater_flag,True,1903,2203,246,1300,223,0.11508145034156594,0.11166591012256015,True,0.9041095890410958,0.4418052256532066,0.9065040650406504,0.44966785896780787,0.17153846153846153,0.15202110998304202,0.1929912807316766,0.1691597770335355,-0.0023786845049260374,-0.013545485718583697,0.009602639509957244,2000.0,True,0.00037205702271086993,0.002003131344338549,4.829596412556054,4.9115708091868235,0.10965163221284813,0.16630255237834202,0.5897743573097082,0.17337860794900403,0.9760093061322814,0.9737057513869961,4.8431146664693765,4.90339039072984,True
echonext,echonext_mini,inpatient,inpatient,pericardial_effusion_moderate_large_flag,True,1903,2203,45,1682,43,0.017341040462427744,0.020426690876078075,True,0.9393939393939394,0.22727272727272727,0.9555555555555556,0.24050046339202966,0.025564803804994055,0.019034508847388706,0.034257251389390266,0.024723521905572098,-0.0008412818994219563,-0.003778188485569458,0.0016967845514942956,2000.0,True,0.0004146583665367472,0.00041976781001133723,38.116279069767444,39.44731182795698,0.0,0.0,0.5323243390471983,0.0,1.0004267192703704,0.9881749377370153,1.2199830744186175,1.522576533724137,True
echonext,echonext_mini,inpatient,inpatient,pasp_gte_45_flag,True,1903,2203,346,1534,313,0.15396741986337362,0.15705855651384476,True,0.9044368600682594,0.34658385093167704,0.9046242774566474,0.34248788368336025,0.20404172099087353,0.18462571008783346,0.22493631284247106,0.20502471314659224,0.0009829921557187038,-0.009718514698766861,0.01276894718951905,2000.0,True,3.377326273365511e-05,-0.001016640932763102,3.900958466453674,3.877460793153273,0.12626379528175202,0.166684864822055,0.5599432078613917,0.1635614561547026,1.000029112575429,0.9627061882602235,1.749909230234197,1.8161070733596725,True
echonext,echonext_mini,inpatient,inpatient,tr_max_gte_32_flag,True,1903,2203,181,1479,163,0.07409353652128219,0.08216068996822515,True,0.9078014184397163,0.34903518728717364,0.9005524861878453,0.34915924826904055,0.11020960108181203,0.09524868748251411,0.12719010181530974,0.11097944967079036,0.000769848588978328,-0.006754779589400124,0.009093267933532765,2000.0,True,-0.0007885379291043826,1.8806399426765652e-05,8.07361963190184,8.010677228679741,0.04886169023998391,0.06685117836647843,0.5579680995896026,0.06620651637112379,1.0056133346871592,0.9727978643579505,1.712122143335337,1.774870932731372,True
echonext,echonext_mini,inpatient,inpatient,shd_moderate_or_greater_flag,True,1903,2203,1156,1690,1049,0.5323173935890699,0.5247389922832502,True,0.9012833168805529,0.3853932584269663,0.907439446366782,0.387774594078319,0.6207100591715976,0.5973277752007878,0.6435448270580223,0.6181902653253791,-0.0025197938462184766,-0.019858429820283748,0.015222406611115936,2000.0,True,0.0016054087649032267,0.0009158733063704405,0.6110581506196378,0.6176249547922896,0.5108016264359463,0.6049301150280335,0.5956158950924874,0.6096063408723967,0.9640948262592356,0.8738631310186995,3.21343915452755,3.3000167786934145,True
echonext,echonext_mini,inpatient,emergency,lvef_lte_45_flag,False,1903,1971,310,794,269,0.24540199684708355,0.15728056823947234,True,0.9036402569593148,0.5215877437325905,0.867741935483871,0.6839253461770018,0.33879093198992444,0.30671629421187435,0.372417953363579,0.26064009710246844,-0.078150834887456,-0.1007490141332446,-0.05540775972254955,2000.0,False,-0.007735634525433466,0.08729006154325825,1.9516728624535316,2.836708208433711,0.020026939580338673,0.0371659438948294,0.6141926683767016,0.04521766550228602,1.0049121603740219,0.6204589928991047,3.3021476402628958,3.485215774523343,True
echonext,echonext_mini,inpatient,emergency,lvwt_gte_13_flag,False,1903,1971,392,1293,353,0.2207041513399895,0.19888381532217148,True,0.9023809523809524,0.19892110586648684,0.9005102040816326,0.4046865104496517,0.27300850734725446,0.24942460663399355,0.2979371807245021,0.2185377905115004,-0.05447071683575405,-0.06633788757793552,-0.041504331593047894,2000.0,False,-0.00035420670071159566,0.05488280105811727,2.6628895184135977,3.575867622983841,0.0,0.0,0.49637693399527416,0.0,0.9977181309865387,0.7717220221077669,1.3674504972846058,1.2728398832358956,True
echonext,echonext_mini,inpatient,emergency,aortic_stenosis_moderate_or_greater_flag,False,1903,1971,66,797,54,0.06778770362585392,0.0334855403348554,True,0.9069767441860465,0.5264937993235626,0.8181818181818182,0.6099737532808399,0.06775407779171895,0.052298060136061815,0.08735687104768336,0.06223214605500661,-0.005521931736712338,-0.014871872748427113,0.002743159543948259,2000.0,True,-0.005748522272875055,0.01232684360406125,13.75925925925926,15.068865745303176,0.0,0.0,0.586465751810684,0.0,0.9630425650888135,0.8890516862711689,4.679267702411122,2.8938797732631483,True
echonext,echonext_mini,inpatient,emergency,aortic_regurgitation_moderate_or_greater_flag,False,1903,1971,25,610,14,0.016815554387808723,0.012683916793505834,True,0.9375,0.5617316942811331,0.56,0.6937307297019527,0.022950819672131147,0.013719679584118011,0.038152767874656775,0.026745744743910803,0.003794925071779656,-0.004529228872144898,0.012679226741083138,2000.0,True,-0.0105956899321267,0.01109100230482292,42.57142857142857,36.38912524496704,0.0,0.0,0.6315764772110298,0.0,1.00200970765646,0.7499091271436756,2.7964272525699325,1.7487377025188453,True
echonext,echonext_mini,inpatient,emergency,mitral_regurgitation_moderate_or_greater_flag,False,1903,1971,119,720,98,0.0767209668943773,0.06037544393708777,True,0.910958904109589,0.5128059191804212,0.8235294117647058,0.6641468682505399,0.1361111111111111,0.11298719422490877,0.16309737703781263,0.10725778692157358,-0.028853324189537524,-0.04343325186238501,-0.014369026421973534,2000.0,False,-0.009285555943216853,0.0411588336393844,6.346938775510204,8.323332400389685,0.0,0.0,0.6185349848535325,0.0,1.0003254792630576,0.6787469496952194,2.551825080932438,2.589194244999241,True
echonext,echonext_mini,inpatient,emergency,tricuspid_regurgitation_moderate_or_greater_flag,False,1903,1971,131,771,119,0.09143457698370994,0.06646372399797057,True,0.9080459770114943,0.44129554655870445,0.9083969465648855,0.6456521739130435,0.1543450064850843,0.1305629223303934,0.18155442253751797,0.1037115185661942,-0.05063348791889011,-0.06516697072677118,-0.037652651492729464,2000.0,False,3.592683871132818e-05,0.050583056001813814,5.4789915966386555,8.642130535016193,0.0,0.0,0.5686288655731928,0.0,1.0093880248927964,0.6412814564880697,2.5823078899802385,2.5024985182862927,True
echonext,echonext_mini,inpatient,emergency,pulmonary_regurgitation_moderate_or_greater_flag,False,1903,1971,6,1260,5,0.005780346820809248,0.0030441400304414,True,1.0,0.17230443974630022,0.8333333333333334,0.361323155216285,0.003968253968253968,0.0016961558955846945,0.009255738999214657,0.0036755206825744963,-0.0002927332856794717,-0.0016172245966550108,0.0013866326139486424,2000.0,True,-0.0006107093175023309,0.001082607786894179,251.0,271.0702959830867,0.0,0.0,0.3486443433910608,0.0,0.9999319426179554,0.8270278320045977,1.1614917468128743,1.6530487213413085,False
echonext,echonext_mini,inpatient,emergency,rv_systolic_dysfunction_moderate_or_greater_flag,False,1903,1971,145,757,130,0.11508145034156594,0.07356671740233384,True,0.9041095890410958,0.4418052256532066,0.896551724137931,0.6566265060240963,0.17173051519154559,0.14653822491335364,0.20023764509463585,0.11396079651524577,-0.05776971867629982,-0.07323552891160288,-0.04311114404291753,2000.0,False,-0.0008448904305897037,0.05896705083120618,4.823076923076923,7.774947443143039,0.0,0.0,0.5704850585961436,0.0,0.9760093061322814,0.5789758589192968,4.8431146664693765,4.118399116203133,True
echonext,echonext_mini,inpatient,emergency,pericardial_effusion_moderate_large_flag,False,1903,1971,19,1223,18,0.017341040462427744,0.009639776763064434,True,0.9393939393939394,0.22727272727272727,0.9473684210526315,0.3826844262295082,0.014717906786590351,0.009329805935118396,0.023145016735931438,0.01169462920679043,-0.003023277579799921,-0.005487643162030925,-0.000738966839786239,2000.0,True,9.81045633108215e-05,0.002901197724864423,66.94444444444444,84.50933786078097,0.0,0.0,0.49538117474156723,0.0,1.0004267192703704,0.8250302306609196,1.2199830744186175,1.3498141837065243,True
echonext,echonext_mini,inpatient,emergency,pasp_gte_45_flag,False,1903,1971,275,1026,230,0.15396741986337362,0.13952308472856417,True,0.9044368600682594,0.34658385093167704,0.8363636363636363,0.5306603773584906,0.22417153996101363,0.19970923439045332,0.2506916062902612,0.1832983889944956,-0.04087315096651803,-0.05654816930969745,-0.026236288726612413,2000.0,False,-0.011424926479898234,0.05477506993926201,3.4608695652173913,4.455585319028797,0.0,0.0,0.5384142460704547,0.0,1.000029112575429,0.6869279980360242,1.749909230234197,1.6731769823071374,True
echonext,echonext_mini,inpatient,emergency,tr_max_gte_32_flag,False,1903,1971,147,980,119,0.07409353652128219,0.0745814307458143,True,0.9078014184397163,0.34903518728717364,0.8095238095238095,0.5279605263157895,0.12142857142857143,0.10244366483330221,0.14336978066896738,0.10103432689761904,-0.020394244530952385,-0.032471973775874345,-0.009134561737487987,2000.0,False,-0.00994150673814427,0.03315767549866672,7.235294117647059,8.897626190090111,0.0,0.0,0.5381775822870586,0.0,1.0056133346871592,0.7119226245403171,1.712122143335337,1.5774103412170195,True
echonext,echonext_mini,inpatient,emergency,shd_moderate_or_greater_flag,False,1903,1971,788,1175,674,0.5323173935890699,0.3997970573313039,True,0.9012833168805529,0.3853932584269663,0.8553299492385786,0.5765004226542688,0.5736170212765958,0.5451447784875856,0.6016094764680113,0.49413183508458913,-0.07948518619200662,-0.10327169798346404,-0.05467838879309162,2000.0,False,-0.013074287976058918,0.09223264223613203,0.7433234421364985,1.0237514140913684,0.18318238761567107,0.24748024605154634,0.5621912994536947,0.2791540369379017,0.9640948262592356,0.6003644178943021,3.21343915452755,2.958377092386935,True
echonext,echonext_mini,inpatient,outpatient,lvef_lte_45_flag,False,1903,1059,70,266,56,0.24540199684708355,0.06610009442870633,True,0.9036402569593148,0.5215877437325905,0.8,0.7876643073811931,0.21052631578947367,0.1658305220480129,0.26346399528436315,0.11792371864284713,-0.09260259714662654,-0.12555390346620227,-0.061519499416315265,2000.0,False,-0.012093558047262934,0.11356284197152476,3.75,7.480058223305162,0.0,0.0,0.5531605649039262,0.0,1.0049121603740219,0.3575878211950478,3.3021476402628958,2.138905428350192,True
echonext,echonext_mini,inpatient,outpatient,lvwt_gte_13_flag,False,1903,1059,146,541,125,0.2207041513399895,0.13786591123701605,True,0.9023809523809524,0.19892110586648684,0.8561643835616438,0.5443592552026287,0.23105360443622922,0.1975060734205374,0.2683936020008822,0.15263890103160538,-0.07841470340462384,-0.09987754159575814,-0.05929650415342842,2000.0,False,-0.006676517791669612,0.08788723631006223,3.328,5.5514098518892,0.0,0.0,0.45376818036305927,0.0,0.9977181309865387,0.5961293017139747,1.3674504972846058,1.1051332096692523,True
echonext,echonext_mini,inpatient,outpatient,aortic_stenosis_moderate_or_greater_flag,False,1903,1059,51,325,46,0.06778770362585392,0.04815864022662889,True,0.9069767441860465,0.5264937993235626,0.9019607843137255,0.7232142857142857,0.14153846153846153,0.10781900583080775,0.18363286634007067,0.08835031664268164,-0.05318814489577989,-0.07402160733246556,-0.033230273686212626,2000.0,False,-0.0004456626641138328,0.053863325570960546,6.065217391304348,10.31857856315712,0.0,0.0,0.5838226326612326,0.0,0.9630425650888135,0.559817964041938,4.679267702411122,3.7217834931614164,True
echonext,echonext_mini,inpatient,outpatient,aortic_regurgitation_moderate_or_greater_flag,False,1903,1059,4,214,3,0.016815554387808723,0.003777148253068933,True,0.9375,0.5617316942811331,0.75,0.8,0.014018691588785047,0.0047788697706099385,0.04039829197799301,0.008045085732549992,-0.005973605856235055,-0.01692792004234125,0.0032648735290027172,2000.0,True,-0.0015986447123745706,0.009417079575948265,70.33333333333333,123.2994833422412,0.0,0.0,0.5975686984363003,0.0,1.00200970765646,0.38216456844633084,2.7964272525699325,1.0229998750530809,False
echonext,echonext_mini,inpatient,outpatient,mitral_regurgitation_moderate_or_greater_flag,False,1903,1059,30,228,19,0.0767209668943773,0.028328611898016998,True,0.910958904109589,0.5128059191804212,0.6333333333333333,0.7968901846452867,0.08333333333333333,0.05399668226505485,0.12647776364953134,0.05169524412425937,-0.03163808920907396,-0.0580132743352479,-0.007572153829710375,2000.0,False,-0.015179444092100348,0.06394352239556444,11.0,18.344139232543508,0.0,0.0,0.564171064448984,0.0,1.0003254792630576,0.37884532138815324,2.551825080932438,0.91928111499736,True
echonext,echonext_mini,inpatient,outpatient,tricuspid_regurgitation_moderate_or_greater_flag,False,1903,1059,26,215,20,0.09143457698370994,0.024551463644948063,True,0.9080459770114943,0.44129554655870445,0.7692307692307693,0.8112294288480155,0.09302325581395349,0.061025978495858654,0.13930835969101685,0.039299475984264656,-0.05372377982968883,-0.08244961047820384,-0.027101337308894826,2000.0,False,-0.005806588137979386,0.06869778990773809,9.75,24.445631906145408,0.0,0.0,0.5238704923973527,0.0,1.0093880248927964,0.354920415597135,2.5823078899802385,1.9088166915805866,True
echonext,echonext_mini,inpatient,outpatient,pulmonary_regurgitation_moderate_or_greater_flag,False,1903,1059,0,452,0,0.005780346820809248,0.0,False,,,,,,,,,,,,,,,,,,,,,,,,,,False
echonext,echonext_mini,inpatient,outpatient,rv_systolic_dysfunction_moderate_or_greater_flag,False,1903,1059,20,206,16,0.11508145034156594,0.018885741265344664,True,0.9041095890410958,0.4418052256532066,0.8,0.8171318575553417,0.07766990291262135,0.04837155076064996,0.12243101143140962,0.030235424664025897,-0.04743447824859545,-0.07549802651134177,-0.02249097173879436,2000.0,False,-0.003388182126132469,0.0566638511753421,11.875,32.07378715900094,0.0,0.0,0.5292153248509157,0.0,0.9760093061322814,0.29269495723257094,4.8431146664693765,2.4857535128496195,True
echonext,echonext_mini,inpatient,outpatient,pericardial_effusion_moderate_large_flag,False,1903,1059,2,400,2,0.017341040462427744,0.0018885741265344666,True,0.9393939393939394,0.22727272727272727,1.0,0.6234626300851467,0.005,0.0013722529547103846,0.018044918436243156,0.002294978808461809,-0.0027050211915381913,-0.007177888523207212,0.0,2000.0,True,0.00014770147799797028,0.002403414644099574,199.0,434.7338709677419,0.0,0.0,0.46055098704993724,0.0,1.0004267192703704,0.6239745971874691,1.2199830744186175,1.1739725145412192,False
echonext,echonext_mini,inpatient,outpatient,pasp_gte_45_flag,False,1903,1059,63,330,43,0.15396741986337362,0.059490084985835696,True,0.9044368600682594,0.34658385093167704,0.6825396825396826,0.7118473895582329,0.1303030303030303,0.0981963897233452,0.17091775547019072,0.08050433840989922,-0.04979869189313109,-0.07452165205640252,-0.0256354784489858,2000.0,False,-0.018527045214241478,0.08514366825769352,6.674418604651163,11.42169080265412,0.0,0.0,0.49012214740117394,0.0,1.000029112575429,0.4495360059869107,1.749909230234197,1.1447944905715919,True
echonext,echonext_mini,inpatient,outpatient,tr_max_gte_32_flag,False,1903,1059,35,306,28,0.07409353652128219,0.033050047214353166,True,0.9078014184397163,0.34903518728717364,0.8,0.728515625,0.0915032679738562,0.06406689908579857,0.12906883894119184,0.04549659679258952,-0.04600667118126668,-0.06776449185204045,-0.026129202342419996,2000.0,False,-0.005184928175815104,0.05707220214509079,9.928571428571429,20.979665964001946,0.0,0.0,0.48981555867818444,0.0,1.0056133346871592,0.4166431978049091,1.712122143335337,1.2266063641376357,True
echonext,echonext_mini,inpatient,outpatient,shd_moderate_or_greater_flag,False,1903,1059,271,425,197,0.5323173935890699,0.2559017941454202,True,0.9012833168805529,0.3853932584269663,0.7269372693726938,0.7106598984771574,0.46352941176470586,0.4166583104824527,0.511053902592166,0.33524827856970024,-0.12828113319500561,-0.16481043976081497,-0.09319568548645119,2000.0,False,-0.04609948064897246,0.18195432099926806,1.1573604060913705,1.982863936740823,0.0,0.0,0.5046222254458596,0.0,0.9640948262592356,0.40582738390176376,3.21343915452755,1.6897244393455686,True
