source,label,corpus,role,alpha,score,correction,n_points,n_patients,prevalence,n_positive,coverage_mean,coverage_sd,coverage_diagnosis_mean,coverage_diagnosis_sd,coverage_no_diagnosis_mean,coverage_no_diagnosis_sd,mean_set_size_mean,mean_set_size_sd,threshold_no_diagnosis_mean,threshold_diagnosis_mean,threshold_diagnosis_n_infinite,n_draws_target_prior_unidentified,calibration_n_mean,calibration_effective_size_mean,n_draws
ptbxl,NSR,ptbxl-calibration-holdout,calibration holdout,0.2,lac,none,2000,1710,0.822,1644,0.7988,0.0219,0.8338,0.0228,0.6369,0.0321,0.8389,0.0227,0.25123,0.25123,0,0,1000.8,1000.8,200
ptbxl,NSR,ptbxl,home,0.2,lac,none,8000,6937,0.82675,6614,0.797,0.0113,0.8375,0.012,0.6039,0.0078,0.838,0.0136,0.25123,0.25123,0,0,1000.8,1000.8,200
ptbxl,NSR,chapman_ningbo,away,0.2,lac,none,7983,7983,0.18539,1480,0.479,0.0046,0.9411,0.0045,0.3738,0.0046,0.8302,0.016,0.25123,0.25123,0,0,1000.8,1000.8,200
ptbxl,NSR,georgia,away,0.2,lac,none,4115,4115,0.17375,715,0.3311,0.0038,0.9793,0.0028,0.1948,0.004,0.7861,0.0186,0.25123,0.25123,0,0,1000.8,1000.8,200
ptbxl,NSR,cpsc,away,0.2,lac,none,4124,4124,0.08754,361,0.2738,0.003,0.9707,0.0031,0.2069,0.003,0.8196,0.0146,0.25123,0.25123,0,0,1000.8,1000.8,200
ptbxl,NSR,ptbxl-calibration-holdout,calibration holdout,0.2,lac,mondrian,2000,1710,0.822,1644,0.7993,0.0215,0.7994,0.0248,0.7986,0.0417,0.9281,0.0375,0.68435,0.21431,0,0,1000.8,1000.8,200
ptbxl,NSR,ptbxl,home,0.2,lac,mondrian,8000,6937,0.82675,6614,0.8016,0.0127,0.7992,0.0137,0.8134,0.0351,0.9252,0.0354,0.68435,0.21431,0,0,1000.8,1000.8,200
ptbxl,NSR,chapman_ningbo,away,0.2,lac,mondrian,7983,7983,0.18539,1480,0.6013,0.0303,0.9258,0.0057,0.5275,0.0372,0.9273,0.0336,0.68435,0.21431,0,0,1000.8,1000.8,200
ptbxl,NSR,georgia,away,0.2,lac,mondrian,4115,4115,0.17375,715,0.4932,0.0399,0.9714,0.003,0.3926,0.0483,0.9081,0.0427,0.68435,0.21431,0,0,1000.8,1000.8,200
ptbxl,NSR,cpsc,away,0.2,lac,mondrian,4124,4124,0.08754,361,0.4116,0.0347,0.9572,0.0056,0.3593,0.0381,0.9238,0.0372,0.68435,0.21431,0,0,1000.8,1000.8,200
ptbxl,NSR,ptbxl-calibration-holdout,calibration holdout,0.2,lac,weighted,2000,1710,0.822,1644,0.7994,0.0213,0.8345,0.022,0.6372,0.0327,0.8398,0.0222,0.25198,0.25199,0,0,1000.8,995.6,200
ptbxl,NSR,ptbxl,home,0.2,lac,weighted,8000,6937,0.82675,6614,0.798,0.0112,0.8385,0.0119,0.6047,0.0077,0.8391,0.0135,0.25232,0.25234,0,0,1000.8,999.4,200
ptbxl,NSR,chapman_ningbo,away,0.2,lac,weighted,7983,7983,0.18539,1480,0.504,0.0066,0.9593,0.0031,0.4004,0.0074,0.913,0.0183,0.35327,0.3506,0,0,1000.8,641.1,200
ptbxl,NSR,georgia,away,0.2,lac,weighted,4115,4115,0.17375,715,0.339,0.0054,0.9838,0.0027,0.2035,0.006,0.8199,0.0212,0.27892,0.27817,0,0,1000.8,941.6,200
ptbxl,NSR,cpsc,away,0.2,lac,weighted,4124,4124,0.08754,361,0.2811,0.0039,0.9743,0.0021,0.2146,0.004,0.8519,0.0163,0.28723,0.28637,0,0,1000.8,912.1,200
ptbxl,NSR,ptbxl-calibration-holdout,calibration holdout,0.2,aps,none,2000,1710,0.822,1644,0.7986,0.0181,0.8328,0.0174,0.6405,0.0362,0.9088,0.0225,0.7576,0.7576,0,0,1000.8,1000.8,200
ptbxl,NSR,ptbxl,home,0.2,aps,none,8000,6937,0.82675,6614,0.7941,0.0135,0.8258,0.0136,0.6426,0.0163,0.9117,0.0187,0.7576,0.7576,0,0,1000.8,1000.8,200
ptbxl,NSR,chapman_ningbo,away,0.2,aps,none,7983,7983,0.18539,1480,0.4793,0.0111,0.798,0.0174,0.4067,0.0103,0.9136,0.0182,0.7576,0.7576,0,0,1000.8,1000.8,200
ptbxl,NSR,georgia,away,0.2,aps,none,4115,4115,0.17375,715,0.3823,0.0113,0.8064,0.0196,0.2931,0.0106,0.9421,0.0197,0.7576,0.7576,0,0,1000.8,1000.8,200
ptbxl,NSR,cpsc,away,0.2,aps,none,4124,4124,0.08754,361,0.3136,0.0094,0.7948,0.0248,0.2674,0.0091,0.9195,0.019,0.7576,0.7576,0,0,1000.8,1000.8,200
ptbxl,NSR,ptbxl-calibration-holdout,calibration holdout,0.2,aps,mondrian,2000,1710,0.822,1644,0.7997,0.0168,0.7998,0.019,0.7993,0.0401,1.0104,0.0358,0.8918,0.72465,0,0,1000.8,1000.8,200
ptbxl,NSR,ptbxl,home,0.2,aps,mondrian,8000,6937,0.82675,6614,0.7948,0.0128,0.7925,0.0149,0.8061,0.0254,1.0158,0.0339,0.8918,0.72465,0,0,1000.8,1000.8,200
ptbxl,NSR,chapman_ningbo,away,0.2,aps,mondrian,7983,7983,0.18539,1480,0.6166,0.0293,0.7634,0.0188,0.5832,0.0358,1.041,0.0331,0.8918,0.72465,0,0,1000.8,1000.8,200
ptbxl,NSR,georgia,away,0.2,aps,mondrian,4115,4115,0.17375,715,0.5274,0.0315,0.7724,0.0212,0.4759,0.0379,1.0697,0.0355,0.8918,0.72465,0,0,1000.8,1000.8,200
ptbxl,NSR,cpsc,away,0.2,aps,mondrian,4124,4124,0.08754,361,0.4528,0.0311,0.7607,0.0265,0.4232,0.034,1.0364,0.0335,0.8918,0.72465,0,0,1000.8,1000.8,200
ptbxl,NSR,ptbxl-calibration-holdout,calibration holdout,0.2,aps,weighted,2000,1710,0.822,1644,0.7992,0.0178,0.8335,0.0172,0.6408,0.0366,0.9094,0.0228,0.75803,0.75802,0,0,1000.8,995.6,200
ptbxl,NSR,ptbxl,home,0.2,aps,weighted,8000,6937,0.82675,6614,0.7949,0.0134,0.8266,0.0134,0.6435,0.0163,0.9129,0.0185,0.75841,0.75835,0,0,1000.8,999.4,200
ptbxl,NSR,chapman_ningbo,away,0.2,aps,weighted,7983,7983,0.18539,1480,0.535,0.0183,0.8555,0.0193,0.462,0.0185,1.0026,0.0285,0.81534,0.81389,0,0,1000.8,641.1,200
ptbxl,NSR,georgia,away,0.2,aps,weighted,4115,4115,0.17375,715,0.3986,0.0131,0.8255,0.0196,0.3088,0.0128,0.9716,0.0224,0.77678,0.77629,0,0,1000.8,941.6,200
ptbxl,NSR,cpsc,away,0.2,aps,weighted,4124,4124,0.08754,361,0.3309,0.0117,0.8189,0.0247,0.2841,0.0113,0.9548,0.0226,0.78171,0.78105,0,0,1000.8,912.1,200
ptbxl,NSR,ptbxl-calibration-holdout,calibration holdout,0.1,lac,none,2000,1710,0.822,1644,0.8978,0.0149,0.9371,0.014,0.7161,0.0287,0.9636,0.0146,0.43504,0.43504,0,0,1000.8,1000.8,200
ptbxl,NSR,ptbxl,home,0.1,lac,none,8000,6937,0.82675,6614,0.8903,0.0076,0.9321,0.0074,0.6907,0.0088,0.9651,0.0115,0.43504,0.43504,0,0,1000.8,1000.8,200
ptbxl,NSR,chapman_ningbo,away,0.1,lac,none,7983,7983,0.18539,1480,0.5228,0.0051,0.9678,0.0027,0.4215,0.0056,0.9619,0.0115,0.43504,0.43504,0,0,1000.8,1000.8,200
ptbxl,NSR,georgia,away,0.1,lac,none,4115,4115,0.17375,715,0.3816,0.0053,0.9934,0.0011,0.2529,0.0063,0.9517,0.0153,0.43504,0.43504,0,0,1000.8,1000.8,200
ptbxl,NSR,cpsc,away,0.1,lac,none,4124,4124,0.08754,361,0.3132,0.0053,0.9858,0.001,0.2487,0.0057,0.9591,0.0125,0.43504,0.43504,0,0,1000.8,1000.8,200
ptbxl,NSR,ptbxl-calibration-holdout,calibration holdout,0.1,lac,mondrian,2000,1710,0.822,1644,0.8987,0.0154,0.8981,0.0178,0.9017,0.0316,1.1696,0.0283,0.84063,0.35045,0,0,1000.8,1000.8,200
ptbxl,NSR,ptbxl,home,0.1,lac,mondrian,8000,6937,0.82675,6614,0.9008,0.0058,0.8987,0.0066,0.9107,0.0107,1.1773,0.0285,0.84063,0.35045,0,0,1000.8,1000.8,200
ptbxl,NSR,chapman_ningbo,away,0.1,lac,mondrian,7983,7983,0.18539,1480,0.7441,0.0228,0.9596,0.0017,0.695,0.028,1.169,0.0257,0.84063,0.35045,0,0,1000.8,1000.8,200
ptbxl,NSR,georgia,away,0.1,lac,mondrian,4115,4115,0.17375,715,0.6672,0.0265,0.9889,0.0008,0.5996,0.032,1.2055,0.0296,0.84063,0.35045,0,0,1000.8,1000.8,200
ptbxl,NSR,cpsc,away,0.1,lac,mondrian,4124,4124,0.08754,361,0.565,0.027,0.9802,0.0013,0.5252,0.0296,1.1776,0.0288,0.84063,0.35045,0,0,1000.8,1000.8,200
ptbxl,NSR,ptbxl-calibration-holdout,calibration holdout,0.1,lac,weighted,2000,1710,0.822,1644,0.8984,0.0148,0.9378,0.0132,0.7163,0.0316,0.9646,0.0157,0.43637,0.43624,0,0,1000.8,995.6,200
ptbxl,NSR,ptbxl,home,0.1,lac,weighted,8000,6937,0.82675,6614,0.8913,0.0076,0.9331,0.0073,0.6918,0.0089,0.9665,0.0115,0.43775,0.43782,0,0,1000.8,999.4,200
ptbxl,NSR,chapman_ningbo,away,0.1,lac,weighted,7983,7983,0.18539,1480,0.6144,0.031,0.9833,0.0026,0.5305,0.0375,1.1192,0.045,0.6893,0.68192,0,0,1000.8,641.1,200
ptbxl,NSR,georgia,away,0.1,lac,weighted,4115,4115,0.17375,715,0.4014,0.0136,0.9947,0.0006,0.2767,0.0164,0.9984,0.0252,0.49917,0.49707,0,0,1000.8,941.6,200
ptbxl,NSR,cpsc,away,0.1,lac,weighted,4124,4124,0.08754,361,0.3399,0.0134,0.9885,0.0011,0.2776,0.0146,1.0125,0.025,0.52088,0.5176,0,0,1000.8,912.1,200
ptbxl,NSR,ptbxl-calibration-holdout,calibration holdout,0.1,aps,none,2000,1710,0.822,1644,0.8993,0.0134,0.9296,0.0118,0.759,0.0321,1.0871,0.0234,0.86383,0.86383,0,0,1000.8,1000.8,200
ptbxl,NSR,ptbxl,home,0.1,aps,none,8000,6937,0.82675,6614,0.8966,0.0094,0.9238,0.0087,0.7668,0.0155,1.0919,0.0214,0.86383,0.86383,0,0,1000.8,1000.8,200
ptbxl,NSR,chapman_ningbo,away,0.1,aps,none,7983,7983,0.18539,1480,0.5977,0.0149,0.9061,0.0122,0.5275,0.016,1.0976,0.0217,0.86383,0.86383,0,0,1000.8,1000.8,200
ptbxl,NSR,georgia,away,0.1,aps,none,4115,4115,0.17375,715,0.5034,0.0161,0.9147,0.0138,0.4169,0.0174,1.139,0.023,0.86383,0.86383,0,0,1000.8,1000.8,200
ptbxl,NSR,cpsc,away,0.1,aps,none,4124,4124,0.08754,361,0.4175,0.0144,0.9012,0.0165,0.3712,0.015,1.1029,0.0216,0.86383,0.86383,0,0,1000.8,1000.8,200
ptbxl,NSR,ptbxl-calibration-holdout,calibration holdout,0.1,aps,mondrian,2000,1710,0.822,1644,0.8998,0.0135,0.8993,0.0148,0.9023,0.0285,1.3035,0.0621,0.95128,0.82835,0,0,1000.8,1000.8,200
ptbxl,NSR,ptbxl,home,0.1,aps,mondrian,8000,6937,0.82675,6614,0.8953,0.0097,0.8932,0.0111,0.9052,0.0204,1.3139,0.0612,0.95128,0.82835,0,0,1000.8,1000.8,200
ptbxl,NSR,chapman_ningbo,away,0.1,aps,mondrian,7983,7983,0.18539,1480,0.7898,0.0342,0.8707,0.0146,0.7713,0.0418,1.3012,0.046,0.95128,0.82835,0,0,1000.8,1000.8,200
ptbxl,NSR,georgia,away,0.1,aps,mondrian,4115,4115,0.17375,715,0.7128,0.0411,0.8793,0.0166,0.6778,0.0497,1.3552,0.0531,0.95128,0.82835,0,0,1000.8,1000.8,200
ptbxl,NSR,cpsc,away,0.1,aps,mondrian,4124,4124,0.08754,361,0.6479,0.0497,0.867,0.0202,0.6269,0.0545,1.3191,0.0548,0.95128,0.82835,0,0,1000.8,1000.8,200
ptbxl,NSR,ptbxl-calibration-holdout,calibration holdout,0.1,aps,weighted,2000,1710,0.822,1644,0.8996,0.0132,0.93,0.0115,0.7589,0.0336,1.0882,0.0244,0.86426,0.86426,0,0,1000.8,995.6,200
ptbxl,NSR,ptbxl,home,0.1,aps,weighted,8000,6937,0.82675,6614,0.8973,0.0094,0.9245,0.0086,0.7678,0.0158,1.0936,0.0214,0.86465,0.86462,0,0,1000.8,999.4,200
ptbxl,NSR,chapman_ningbo,away,0.1,aps,weighted,7983,7983,0.18539,1480,0.6851,0.026,0.9485,0.0113,0.6251,0.0297,1.2206,0.0372,0.90947,0.90772,0,0,1000.8,641.1,200
ptbxl,NSR,georgia,away,0.1,aps,weighted,4115,4115,0.17375,715,0.5341,0.0192,0.9319,0.0131,0.4505,0.0212,1.1833,0.0272,0.8813,0.88077,0,0,1000.8,941.6,200
ptbxl,NSR,cpsc,away,0.1,aps,weighted,4124,4124,0.08754,361,0.4532,0.0188,0.9213,0.0154,0.4083,0.0198,1.1541,0.0265,0.8854,0.8846,0,0,1000.8,912.1,200
ptbxl,NSR,ptbxl-calibration-holdout,calibration holdout,0.05,lac,none,2000,1710,0.822,1644,0.9494,0.0096,0.9839,0.0059,0.7902,0.0309,1.0961,0.0304,0.66098,0.66098,0,0,1000.8,1000.8,200
ptbxl,NSR,ptbxl,home,0.05,lac,none,8000,6937,0.82675,6614,0.9439,0.0079,0.9742,0.0044,0.7995,0.0247,1.095,0.03,0.66098,0.66098,0,0,1000.8,1000.8,200
ptbxl,NSR,chapman_ningbo,away,0.05,lac,none,7983,7983,0.18539,1480,0.5979,0.0206,0.9824,0.0018,0.5104,0.0249,1.0972,0.0304,0.66098,0.66098,0,0,1000.8,1000.8,200
ptbxl,NSR,georgia,away,0.05,lac,none,4115,4115,0.17375,715,0.4798,0.0265,0.996,0.0004,0.3712,0.032,1.1246,0.038,0.66098,0.66098,0,0,1000.8,1000.8,200
ptbxl,NSR,cpsc,away,0.05,lac,none,4124,4124,0.08754,361,0.3992,0.0243,0.9907,0.0013,0.3425,0.0265,1.1079,0.0331,0.66098,0.66098,0,0,1000.8,1000.8,200
ptbxl,NSR,ptbxl-calibration-holdout,calibration holdout,0.05,lac,mondrian,2000,1710,0.822,1644,0.9497,0.0108,0.9491,0.0128,0.9528,0.0205,1.3428,0.04,0.89886,0.46497,0,0,1000.8,1000.8,200
ptbxl,NSR,ptbxl,home,0.05,lac,mondrian,8000,6937,0.82675,6614,0.9438,0.0043,0.942,0.0049,0.9523,0.0093,1.3585,0.0418,0.89886,0.46497,0,0,1000.8,1000.8,200
ptbxl,NSR,chapman_ningbo,away,0.05,lac,mondrian,7983,7983,0.18539,1480,0.8552,0.0299,0.9714,0.0017,0.8287,0.0368,1.3339,0.0369,0.89886,0.46497,0,0,1000.8,1000.8,200
ptbxl,NSR,georgia,away,0.05,lac,mondrian,4115,4115,0.17375,715,0.7842,0.0294,0.9943,0.0003,0.74,0.0355,1.3934,0.0365,0.89886,0.46497,0,0,1000.8,1000.8,200
ptbxl,NSR,cpsc,away,0.05,lac,mondrian,4124,4124,0.08754,361,0.6914,0.0373,0.9867,0.0011,0.6631,0.0409,1.3556,0.0393,0.89886,0.46497,0,0,1000.8,1000.8,200
ptbxl,NSR,ptbxl-calibration-holdout,calibration holdout,0.05,lac,weighted,2000,1710,0.822,1644,0.95,0.01,0.9839,0.0054,0.793,0.0376,1.1,0.0389,0.6658,0.66583,0,0,1000.8,995.6,200
ptbxl,NSR,ptbxl,home,0.05,lac,weighted,8000,6937,0.82675,6614,0.9451,0.0082,0.9748,0.0044,0.8033,0.0265,1.1,0.0327,0.66782,0.66731,0,0,1000.8,999.4,200
ptbxl,NSR,chapman_ningbo,away,0.05,lac,weighted,7983,7983,0.18539,1480,0.7494,0.0261,0.9909,0.0007,0.6944,0.0319,1.3075,0.0353,0.84012,0.83578,0,0,1000.8,641.1,200
ptbxl,NSR,georgia,away,0.05,lac,weighted,4115,4115,0.17375,715,0.5743,0.0301,0.9972,0.0003,0.4854,0.0365,1.2506,0.0388,0.77398,0.77102,0,0,1000.8,941.6,200
ptbxl,NSR,cpsc,away,0.05,lac,weighted,4124,4124,0.08754,361,0.4929,0.0263,0.9917,0.0,0.4451,0.0288,1.228,0.0317,0.78745,0.78473,0,0,1000.8,912.1,200
ptbxl,NSR,ptbxl-calibration-holdout,calibration holdout,0.05,aps,none,2000,1710,0.822,1644,0.9499,0.0096,0.9718,0.0075,0.8488,0.0285,1.247,0.0335,0.92228,0.92228,0,0,1000.8,1000.8,200
ptbxl,NSR,ptbxl,home,0.05,aps,none,8000,6937,0.82675,6614,0.9474,0.0064,0.9671,0.0053,0.8532,0.0134,1.2578,0.0306,0.92228,0.92228,0,0,1000.8,1000.8,200
ptbxl,NSR,chapman_ningbo,away,0.05,aps,none,7983,7983,0.18539,1480,0.7173,0.0212,0.9614,0.0072,0.6618,0.0247,1.2678,0.0309,0.92228,0.92228,0,0,1000.8,1000.8,200
ptbxl,NSR,georgia,away,0.05,aps,none,4115,4115,0.17375,715,0.6294,0.0225,0.9702,0.0092,0.5577,0.0258,1.3178,0.0316,0.92228,0.92228,0,0,1000.8,1000.8,200
ptbxl,NSR,cpsc,away,0.05,aps,none,4124,4124,0.08754,361,0.5399,0.0238,0.9576,0.0109,0.4998,0.0255,1.2715,0.0309,0.92228,0.92228,0,0,1000.8,1000.8,200
ptbxl,NSR,ptbxl-calibration-holdout,calibration holdout,0.05,aps,mondrian,2000,1710,0.822,1644,0.9503,0.009,0.9499,0.0103,0.9523,0.0228,1.5695,0.0767,0.97641,0.89,0,0,1000.8,1000.8,200
ptbxl,NSR,ptbxl,home,0.05,aps,mondrian,8000,6937,0.82675,6614,0.9465,0.0067,0.9447,0.0077,0.955,0.0154,1.5784,0.0757,0.97641,0.89,0,0,1000.8,1000.8,200
ptbxl,NSR,chapman_ningbo,away,0.05,aps,mondrian,7983,7983,0.18539,1480,0.8943,0.028,0.932,0.0108,0.8857,0.0345,1.4958,0.0503,0.97641,0.89,0,0,1000.8,1000.8,200
ptbxl,NSR,georgia,away,0.05,aps,mondrian,4115,4115,0.17375,715,0.8484,0.0405,0.9407,0.0123,0.829,0.0492,1.5849,0.0624,0.97641,0.89,0,0,1000.8,1000.8,200
ptbxl,NSR,cpsc,away,0.05,aps,mondrian,4124,4124,0.08754,361,0.81,0.052,0.9265,0.0147,0.7988,0.0571,1.5494,0.0632,0.97641,0.89,0,0,1000.8,1000.8,200
ptbxl,NSR,ptbxl-calibration-holdout,calibration holdout,0.05,aps,weighted,2000,1710,0.822,1644,0.9502,0.0092,0.972,0.0072,0.8492,0.0288,1.2476,0.0339,0.9225,0.92246,0,0,1000.8,995.6,200
ptbxl,NSR,ptbxl,home,0.05,aps,weighted,8000,6937,0.82675,6614,0.9478,0.0062,0.9674,0.0052,0.8538,0.013,1.2593,0.0298,0.92272,0.92273,0,0,1000.8,999.4,200
ptbxl,NSR,chapman_ningbo,away,0.05,aps,weighted,7983,7983,0.18539,1480,0.8225,0.0302,0.9836,0.0053,0.7858,0.036,1.4333,0.0539,0.95472,0.95309,0,0,1000.8,641.1,200
ptbxl,NSR,georgia,away,0.05,aps,weighted,4115,4115,0.17375,715,0.6699,0.0273,0.98,0.0075,0.6046,0.0318,1.3752,0.0386,0.93532,0.93462,0,0,1000.8,941.6,200
ptbxl,NSR,cpsc,away,0.05,aps,weighted,4124,4124,0.08754,361,0.598,0.0321,0.9718,0.0092,0.5621,0.0347,1.3448,0.0408,0.93858,0.93765,0,0,1000.8,912.1,200
ptbxl,AF,ptbxl-calibration-holdout,calibration holdout,0.2,lac,none,2000,1710,0.0755,151,0.8002,0.0219,0.059,0.0287,0.8604,0.0197,0.8007,0.0219,0.00868,0.00868,0,0,1000.8,1000.8,200
ptbxl,AF,ptbxl,home,0.2,lac,none,8000,6937,0.06875,550,0.7936,0.0126,0.0333,0.0125,0.8497,0.0126,0.795,0.0128,0.00868,0.00868,0,0,1000.8,1000.8,200
ptbxl,AF,sph,away,0.2,lac,none,8000,7671,0.027,216,0.9194,0.006,0.0413,0.0179,0.9438,0.0057,0.9197,0.006,0.00868,0.00868,0,0,1000.8,1000.8,200
ptbxl,AF,chapman_ningbo,away,0.2,lac,none,7983,7983,0.04021,321,0.6532,0.0097,0.0123,0.0058,0.68,0.0099,0.6569,0.0106,0.00868,0.00868,0,0,1000.8,1000.8,200
ptbxl,AF,georgia,away,0.2,lac,none,4115,4115,0.05225,215,0.7379,0.0127,0.0302,0.003,0.7769,0.0133,0.7425,0.0131,0.00868,0.00868,0,0,1000.8,1000.8,200
ptbxl,AF,cpsc,away,0.2,lac,none,4124,4124,0.13312,549,0.6957,0.0132,0.0369,0.0049,0.7968,0.0145,0.7013,0.0133,0.00868,0.00868,0,0,1000.8,1000.8,200
ptbxl,AF,ptbxl-calibration-holdout,calibration holdout,0.2,lac,mondrian,2000,1710,0.0755,151,0.7995,0.0217,0.8033,0.0656,0.7991,0.0227,0.8092,0.0214,0.00447,0.3071,0,0,1000.8,1000.8,200
ptbxl,AF,ptbxl,home,0.2,lac,mondrian,8000,6937,0.06875,550,0.7866,0.0133,0.7758,0.0301,0.7874,0.0142,0.7965,0.0137,0.00447,0.3071,0,0,1000.8,1000.8,200
ptbxl,AF,sph,away,0.2,lac,mondrian,8000,7671,0.027,216,0.907,0.0084,0.839,0.0269,0.9089,0.0086,0.9099,0.0084,0.00447,0.3071,0,0,1000.8,1000.8,200
ptbxl,AF,chapman_ningbo,away,0.2,lac,mondrian,7983,7983,0.04021,321,0.6324,0.0116,0.7314,0.0468,0.6282,0.0119,0.7595,0.016,0.00447,0.3071,0,0,1000.8,1000.8,200
ptbxl,AF,georgia,away,0.2,lac,mondrian,4115,4115,0.05225,215,0.7038,0.0153,0.61,0.0284,0.709,0.0161,0.7297,0.0158,0.00447,0.3071,0,0,1000.8,1000.8,200
ptbxl,AF,cpsc,away,0.2,lac,mondrian,4124,4124,0.13312,549,0.7229,0.0137,0.7153,0.0387,0.724,0.0148,0.7438,0.015,0.00447,0.3071,0,0,1000.8,1000.8,200
ptbxl,AF,ptbxl-calibration-holdout,calibration holdout,0.2,lac,weighted,2000,1710,0.0755,151,0.8001,0.0176,0.0591,0.0276,0.8602,0.0193,0.8007,0.0176,0.00868,0.00869,0,0,1000.8,996.3,200
ptbxl,AF,ptbxl,home,0.2,lac,weighted,8000,6937,0.06875,550,0.7862,0.011,0.0257,0.0094,0.8423,0.0111,0.7874,0.0112,0.00793,0.00793,0,0,1000.8,998.9,200
ptbxl,AF,sph,away,0.2,lac,weighted,8000,7671,0.027,216,0.8936,0.0068,0.0005,0.0022,0.9184,0.0069,0.8938,0.0068,0.00516,0.00512,0,0,1000.8,952.7,200
ptbxl,AF,chapman_ningbo,away,0.2,lac,weighted,7983,7983,0.04021,321,0.717,0.0065,0.1275,0.0245,0.7417,0.0058,0.7399,0.0113,0.03315,0.0339,0,0,1000.8,801.3,200
ptbxl,AF,georgia,away,0.2,lac,weighted,4115,4115,0.05225,215,0.7272,0.0108,0.0283,0.0013,0.7657,0.0114,0.7315,0.011,0.00763,0.00762,0,0,1000.8,997.9,200
ptbxl,AF,cpsc,away,0.2,lac,weighted,4124,4124,0.13312,549,0.7451,0.0116,0.0754,0.0147,0.8479,0.0112,0.7517,0.012,0.01511,0.01526,0,0,1000.8,947.1,200
ptbxl,AF,ptbxl-calibration-holdout,calibration holdout,0.2,aps,none,2000,1710,0.0755,151,0.7998,0.0179,0.814,0.0429,0.7986,0.0184,0.8264,0.0182,0.8029,0.8029,0,0,1000.8,1000.8,200
ptbxl,AF,ptbxl,home,0.2,aps,none,8000,6937,0.06875,550,0.8025,0.0138,0.8105,0.0187,0.8019,0.0139,0.8321,0.0151,0.8029,0.8029,0,0,1000.8,1000.8,200
ptbxl,AF,sph,away,0.2,aps,none,8000,7671,0.027,216,0.8042,0.0139,0.8291,0.025,0.8035,0.0139,0.8135,0.0143,0.8029,0.8029,0,0,1000.8,1000.8,200
ptbxl,AF,chapman_ningbo,away,0.2,aps,none,7983,7983,0.04021,321,0.7114,0.0135,0.8623,0.0179,0.7051,0.0137,0.8819,0.0172,0.8029,0.8029,0,0,1000.8,1000.8,200
ptbxl,AF,georgia,away,0.2,aps,none,4115,4115,0.05225,215,0.7912,0.0139,0.7237,0.0229,0.7949,0.0141,0.8468,0.0157,0.8029,0.8029,0,0,1000.8,1000.8,200
ptbxl,AF,cpsc,away,0.2,aps,none,4124,4124,0.13312,549,0.7922,0.0143,0.7785,0.0168,0.7943,0.0148,0.8507,0.0164,0.8029,0.8029,0,0,1000.8,1000.8,200
ptbxl,AF,ptbxl-calibration-holdout,calibration holdout,0.2,aps,mondrian,2000,1710,0.0755,151,0.8003,0.018,0.8028,0.0656,0.8001,0.019,0.8269,0.0184,0.80449,0.79315,0,0,1000.8,1000.8,200
ptbxl,AF,ptbxl,home,0.2,aps,mondrian,8000,6937,0.06875,550,0.8032,0.0139,0.8002,0.0441,0.8034,0.0144,0.8328,0.0151,0.80449,0.79315,0,0,1000.8,1000.8,200
ptbxl,AF,sph,away,0.2,aps,mondrian,8000,7671,0.027,216,0.8053,0.014,0.8181,0.0503,0.805,0.0143,0.8146,0.0143,0.80449,0.79315,0,0,1000.8,1000.8,200
ptbxl,AF,chapman_ningbo,away,0.2,aps,mondrian,7983,7983,0.04021,321,0.7125,0.0138,0.8526,0.0421,0.7066,0.0143,0.8811,0.0189,0.80449,0.79315,0,0,1000.8,1000.8,200
ptbxl,AF,georgia,away,0.2,aps,mondrian,4115,4115,0.05225,215,0.7922,0.0139,0.7147,0.0471,0.7965,0.0144,0.8476,0.0158,0.80449,0.79315,0,0,1000.8,1000.8,200
ptbxl,AF,cpsc,away,0.2,aps,mondrian,4124,4124,0.13312,549,0.7924,0.0147,0.7691,0.0452,0.7959,0.0152,0.8507,0.0172,0.80449,0.79315,0,0,1000.8,1000.8,200
ptbxl,AF,ptbxl-calibration-holdout,calibration holdout,0.2,aps,weighted,2000,1710,0.0755,151,0.7998,0.0179,0.8141,0.0428,0.7987,0.0184,0.8265,0.0181,0.80308,0.80306,0,0,1000.8,996.3,200
ptbxl,AF,ptbxl,home,0.2,aps,weighted,8000,6937,0.06875,550,0.8028,0.0138,0.8108,0.0187,0.8022,0.0139,0.8324,0.015,0.80319,0.80309,0,0,1000.8,998.9,200
ptbxl,AF,sph,away,0.2,aps,weighted,8000,7671,0.027,216,0.8054,0.0141,0.8295,0.0249,0.8047,0.0141,0.8148,0.0145,0.80419,0.80346,0,0,1000.8,952.7,200
ptbxl,AF,chapman_ningbo,away,0.2,aps,weighted,7983,7983,0.04021,321,0.7095,0.0142,0.8618,0.0187,0.7031,0.0143,0.8798,0.018,0.80085,0.8024,0,0,1000.8,801.3,200
ptbxl,AF,georgia,away,0.2,aps,weighted,4115,4115,0.05225,215,0.7915,0.0139,0.7241,0.0232,0.7952,0.0141,0.8472,0.0157,0.80323,0.80312,0,0,1000.8,997.9,200
ptbxl,AF,cpsc,away,0.2,aps,weighted,4124,4124,0.13312,549,0.7915,0.0144,0.7785,0.0168,0.7935,0.015,0.8499,0.0165,0.80203,0.8028,0,0,1000.8,947.1,200
ptbxl,AF,ptbxl-calibration-holdout,calibration holdout,0.1,lac,none,2000,1710,0.0755,151,0.9002,0.0161,0.3188,0.0712,0.9475,0.0111,0.9043,0.0165,0.04164,0.04164,0,0,1000.8,1000.8,200
ptbxl,AF,ptbxl,home,0.1,lac,none,8000,6937,0.06875,550,0.8923,0.0083,0.2577,0.0451,0.9391,0.0056,0.8968,0.0089,0.04164,0.04164,0,0,1000.8,1000.8,200
ptbxl,AF,sph,away,0.1,lac,none,8000,7671,0.027,216,0.9615,0.0031,0.3493,0.045,0.9785,0.0019,0.9622,0.0032,0.04164,0.04164,0,0,1000.8,1000.8,200
ptbxl,AF,chapman_ningbo,away,0.1,lac,none,7983,7983,0.04021,321,0.7258,0.0065,0.1591,0.0327,0.7495,0.0054,0.7551,0.0118,0.04164,0.04164,0,0,1000.8,1000.8,200
ptbxl,AF,georgia,away,0.1,lac,none,4115,4115,0.05225,215,0.8454,0.0102,0.2036,0.0306,0.8807,0.0091,0.8563,0.0116,0.04164,0.04164,0,0,1000.8,1000.8,200
ptbxl,AF,cpsc,away,0.1,lac,none,4124,4124,0.13312,549,0.8222,0.0135,0.2425,0.0414,0.9112,0.0093,0.833,0.0142,0.04164,0.04164,0,0,1000.8,1000.8,200
ptbxl,AF,ptbxl-calibration-holdout,calibration holdout,0.1,lac,mondrian,2000,1710,0.0755,151,0.8997,0.0153,0.9058,0.0434,0.8992,0.0166,0.9153,0.0149,0.01365,0.59631,0,0,1000.8,1000.8,200
ptbxl,AF,ptbxl,home,0.1,lac,mondrian,8000,6937,0.06875,550,0.8836,0.0077,0.8932,0.0302,0.8829,0.0082,0.9024,0.0092,0.01365,0.59631,0,0,1000.8,1000.8,200
ptbxl,AF,sph,away,0.1,lac,mondrian,8000,7671,0.027,216,0.9572,0.0034,0.928,0.0212,0.958,0.0035,0.9628,0.0039,0.01365,0.59631,0,0,1000.8,1000.8,200
ptbxl,AF,chapman_ningbo,away,0.1,lac,mondrian,7983,7983,0.04021,321,0.7166,0.0061,0.9238,0.0427,0.708,0.0063,0.8878,0.0167,0.01365,0.59631,0,0,1000.8,1000.8,200
ptbxl,AF,georgia,away,0.1,lac,mondrian,4115,4115,0.05225,215,0.8106,0.0085,0.775,0.0531,0.8126,0.0089,0.8536,0.0137,0.01365,0.59631,0,0,1000.8,1000.8,200
ptbxl,AF,cpsc,away,0.1,lac,mondrian,4124,4124,0.13312,549,0.8412,0.01,0.8556,0.0344,0.839,0.0109,0.8748,0.0124,0.01365,0.59631,0,0,1000.8,1000.8,200
ptbxl,AF,ptbxl-calibration-holdout,calibration holdout,0.1,lac,weighted,2000,1710,0.0755,151,0.9002,0.0129,0.3165,0.0818,0.9474,0.0102,0.9045,0.0134,0.04165,0.04174,0,0,1000.8,996.3,200
ptbxl,AF,ptbxl,home,0.1,lac,weighted,8000,6937,0.06875,550,0.8871,0.0071,0.228,0.0378,0.9358,0.0049,0.8912,0.0077,0.03737,0.0373,0,0,1000.8,998.9,200
ptbxl,AF,sph,away,0.1,lac,weighted,8000,7671,0.027,216,0.9419,0.0043,0.1465,0.0303,0.9639,0.0036,0.9423,0.0043,0.01713,0.01687,0,0,1000.8,952.7,200
ptbxl,AF,chapman_ningbo,away,0.1,lac,weighted,7983,7983,0.04021,321,0.7737,0.0068,0.4884,0.0496,0.7856,0.0051,0.8608,0.0157,0.14818,0.15193,0,0,1000.8,801.3,200
ptbxl,AF,georgia,away,0.1,lac,weighted,4115,4115,0.05225,215,0.8353,0.0086,0.1717,0.0273,0.8719,0.0076,0.8449,0.0097,0.03533,0.03518,0,0,1000.8,997.9,200
ptbxl,AF,cpsc,away,0.1,lac,weighted,4124,4124,0.13312,549,0.8751,0.0091,0.4388,0.0412,0.9421,0.0042,0.8903,0.0107,0.09255,0.09386,0,0,1000.8,947.1,200
ptbxl,AF,ptbxl-calibration-holdout,calibration holdout,0.1,aps,none,2000,1710,0.0755,151,0.8999,0.0125,0.8988,0.0304,0.9,0.013,0.9419,0.0149,0.90292,0.90292,0,0,1000.8,1000.8,200
ptbxl,AF,ptbxl,home,0.1,aps,none,8000,6937,0.06875,550,0.9017,0.0102,0.8982,0.0113,0.902,0.0105,0.9475,0.0126,0.90292,0.90292,0,0,1000.8,1000.8,200
ptbxl,AF,sph,away,0.1,aps,none,8000,7671,0.027,216,0.9041,0.0101,0.9216,0.0172,0.9036,0.0102,0.9192,0.0111,0.90292,0.90292,0,0,1000.8,1000.8,200
ptbxl,AF,chapman_ningbo,away,0.1,aps,none,7983,7983,0.04021,321,0.8205,0.0124,0.9412,0.0124,0.8154,0.0126,1.0246,0.0166,0.90292,0.90292,0,0,1000.8,1000.8,200
ptbxl,AF,georgia,away,0.1,aps,none,4115,4115,0.05225,215,0.8908,0.0106,0.8138,0.0158,0.8951,0.0108,0.9693,0.0139,0.90292,0.90292,0,0,1000.8,1000.8,200
ptbxl,AF,cpsc,away,0.1,aps,none,4124,4124,0.13312,549,0.8929,0.0107,0.8703,0.0121,0.8964,0.0111,0.9762,0.0144,0.90292,0.90292,0,0,1000.8,1000.8,200
ptbxl,AF,ptbxl-calibration-holdout,calibration holdout,0.1,aps,mondrian,2000,1710,0.0755,151,0.9006,0.0126,0.9033,0.0455,0.9004,0.0136,0.9447,0.0156,0.90315,0.91068,0,0,1000.8,1000.8,200
ptbxl,AF,ptbxl,home,0.1,aps,mondrian,8000,6937,0.06875,550,0.9024,0.0102,0.904,0.0314,0.9022,0.0109,0.9512,0.0139,0.90315,0.91068,0,0,1000.8,1000.8,200
ptbxl,AF,sph,away,0.1,aps,mondrian,8000,7671,0.027,216,0.9045,0.0103,0.9283,0.0348,0.9038,0.0106,0.9207,0.0113,0.90315,0.91068,0,0,1000.8,1000.8,200
ptbxl,AF,chapman_ningbo,away,0.1,aps,mondrian,7983,7983,0.04021,321,0.821,0.0127,0.9461,0.028,0.8157,0.0133,1.0295,0.0193,0.90315,0.91068,0,0,1000.8,1000.8,200
ptbxl,AF,georgia,away,0.1,aps,mondrian,4115,4115,0.05225,215,0.8913,0.0107,0.8202,0.0361,0.8953,0.0113,0.975,0.018,0.90315,0.91068,0,0,1000.8,1000.8,200
ptbxl,AF,cpsc,away,0.1,aps,mondrian,4124,4124,0.13312,549,0.8941,0.0106,0.8772,0.0357,0.8967,0.0115,0.9807,0.017,0.90315,0.91068,0,0,1000.8,1000.8,200
ptbxl,AF,ptbxl-calibration-holdout,calibration holdout,0.1,aps,weighted,2000,1710,0.0755,151,0.9001,0.0126,0.899,0.0299,0.9002,0.0131,0.9421,0.0151,0.90312,0.9031,0,0,1000.8,996.3,200
ptbxl,AF,ptbxl,home,0.1,aps,weighted,8000,6937,0.06875,550,0.9019,0.0103,0.8983,0.0113,0.9022,0.0105,0.9477,0.0127,0.9031,0.90293,0,0,1000.8,998.9,200
ptbxl,AF,sph,away,0.1,aps,weighted,8000,7671,0.027,216,0.9043,0.0104,0.9211,0.0176,0.9039,0.0105,0.9195,0.0115,0.90318,0.9025,0,0,1000.8,952.7,200
ptbxl,AF,chapman_ningbo,away,0.1,aps,weighted,7983,7983,0.04021,321,0.8208,0.0127,0.9426,0.0124,0.8157,0.013,1.0255,0.0171,0.90309,0.90488,0,0,1000.8,801.3,200
ptbxl,AF,georgia,away,0.1,aps,weighted,4115,4115,0.05225,215,0.891,0.0107,0.8138,0.0159,0.8952,0.0109,0.9695,0.014,0.90309,0.90293,0,0,1000.8,997.9,200
ptbxl,AF,cpsc,away,0.1,aps,weighted,4124,4124,0.13312,549,0.8933,0.0107,0.8714,0.0122,0.8966,0.0111,0.9768,0.0144,0.9031,0.90405,0,0,1000.8,947.1,200
ptbxl,AF,ptbxl-calibration-holdout,calibration holdout,0.05,lac,none,2000,1710,0.0755,151,0.9504,0.0119,0.6391,0.0837,0.9758,0.0062,0.9608,0.0118,0.15986,0.15986,0,0,1000.8,1000.8,200
ptbxl,AF,ptbxl,home,0.05,lac,none,8000,6937,0.06875,550,0.9449,0.0053,0.6119,0.0474,0.9694,0.0023,0.9542,0.0062,0.15986,0.15986,0,0,1000.8,1000.8,200
ptbxl,AF,sph,away,0.05,lac,none,8000,7671,0.027,216,0.9814,0.0018,0.696,0.0318,0.9893,0.001,0.9837,0.0022,0.15986,0.15986,0,0,1000.8,1000.8,200
ptbxl,AF,chapman_ningbo,away,0.05,lac,none,7983,7983,0.04021,321,0.7766,0.0069,0.5043,0.0522,0.7881,0.005,0.8666,0.0161,0.15986,0.15986,0,0,1000.8,1000.8,200
ptbxl,AF,georgia,away,0.05,lac,none,4115,4115,0.05225,215,0.9071,0.0069,0.4492,0.0372,0.9323,0.0052,0.9281,0.009,0.15986,0.15986,0,0,1000.8,1000.8,200
ptbxl,AF,cpsc,away,0.05,lac,none,4124,4124,0.13312,549,0.9025,0.0071,0.5705,0.0361,0.9534,0.0027,0.9235,0.0089,0.15986,0.15986,0,0,1000.8,1000.8,200
ptbxl,AF,ptbxl-calibration-holdout,calibration holdout,0.05,lac,mondrian,2000,1710,0.0755,151,0.95,0.0115,0.9545,0.0302,0.9496,0.0124,0.9942,0.0237,0.0442,0.8971,0,0,1000.8,1000.8,200
ptbxl,AF,ptbxl,home,0.05,lac,mondrian,8000,6937,0.06875,550,0.9419,0.0055,0.9564,0.0164,0.9408,0.0059,0.9939,0.0255,0.0442,0.8971,0,0,1000.8,1000.8,200
ptbxl,AF,sph,away,0.05,lac,mondrian,8000,7671,0.027,216,0.9791,0.002,0.9817,0.0153,0.9791,0.0021,0.9977,0.0094,0.0442,0.8971,0,0,1000.8,1000.8,200
ptbxl,AF,chapman_ningbo,away,0.05,lac,mondrian,7983,7983,0.04021,321,0.7608,0.0057,0.9902,0.0113,0.7512,0.0059,0.9886,0.0278,0.0442,0.8971,0,0,1000.8,1000.8,200
ptbxl,AF,georgia,away,0.05,lac,mondrian,4115,4115,0.05225,215,0.8839,0.0094,0.8878,0.0267,0.8837,0.0099,0.9868,0.0397,0.0442,0.8971,0,0,1000.8,1000.8,200
ptbxl,AF,cpsc,away,0.05,lac,mondrian,4124,4124,0.13312,549,0.9172,0.0092,0.9354,0.0203,0.9145,0.0104,0.9917,0.0331,0.0442,0.8971,0,0,1000.8,1000.8,200
ptbxl,AF,ptbxl-calibration-holdout,calibration holdout,0.05,lac,weighted,2000,1710,0.0755,151,0.9501,0.0096,0.6349,0.0849,0.9755,0.0053,0.9605,0.0096,0.15799,0.15797,0,0,1000.8,996.3,200
ptbxl,AF,ptbxl,home,0.05,lac,weighted,8000,6937,0.06875,550,0.9424,0.0043,0.5898,0.0401,0.9685,0.0017,0.9513,0.005,0.14803,0.14784,0,0,1000.8,998.9,200
ptbxl,AF,sph,away,0.05,lac,weighted,8000,7671,0.027,216,0.9675,0.0029,0.4412,0.0491,0.9821,0.0016,0.9685,0.0031,0.06007,0.05839,0,0,1000.8,952.7,200
ptbxl,AF,chapman_ningbo,away,0.05,lac,weighted,7983,7983,0.04021,321,0.811,0.0098,0.7715,0.0557,0.8127,0.008,0.9483,0.0218,0.33746,0.35207,0,0,1000.8,801.3,200
ptbxl,AF,georgia,away,0.05,lac,weighted,4115,4115,0.05225,215,0.9024,0.0051,0.4252,0.0261,0.9288,0.004,0.922,0.0066,0.14208,0.14163,0,0,1000.8,997.9,200
ptbxl,AF,cpsc,away,0.05,lac,weighted,4124,4124,0.13312,549,0.922,0.007,0.6718,0.0366,0.9605,0.0026,0.9503,0.0104,0.25024,0.2556,0,0,1000.8,947.1,200
ptbxl,AF,ptbxl-calibration-holdout,calibration holdout,0.05,aps,none,2000,1710,0.0755,151,0.9506,0.0096,0.9347,0.0232,0.9519,0.0098,1.0121,0.014,0.95257,0.95257,0,0,1000.8,1000.8,200
ptbxl,AF,ptbxl,home,0.05,aps,none,8000,6937,0.06875,550,0.9511,0.0069,0.9359,0.0078,0.9522,0.007,1.0187,0.0114,0.95257,0.95257,0,0,1000.8,1000.8,200
ptbxl,AF,sph,away,0.05,aps,none,8000,7671,0.027,216,0.9536,0.007,0.9625,0.0124,0.9533,0.007,0.9768,0.0087,0.95257,0.95257,0,0,1000.8,1000.8,200
ptbxl,AF,chapman_ningbo,away,0.05,aps,none,7983,7983,0.04021,321,0.8909,0.0109,0.9744,0.008,0.8874,0.0112,1.123,0.0159,0.95257,0.95257,0,0,1000.8,1000.8,200
ptbxl,AF,georgia,away,0.05,aps,none,4115,4115,0.05225,215,0.9414,0.0073,0.8559,0.0118,0.9461,0.0074,1.0467,0.0129,0.95257,0.95257,0,0,1000.8,1000.8,200
ptbxl,AF,cpsc,away,0.05,aps,none,4124,4124,0.13312,549,0.9437,0.0073,0.9155,0.0081,0.9481,0.0076,1.0586,0.0141,0.95257,0.95257,0,0,1000.8,1000.8,200
ptbxl,AF,ptbxl-calibration-holdout,calibration holdout,0.05,aps,mondrian,2000,1710,0.0755,151,0.9513,0.0094,0.9543,0.0305,0.951,0.0102,1.0386,0.0357,0.95173,0.97402,0,0,1000.8,1000.8,200
ptbxl,AF,ptbxl,home,0.05,aps,mondrian,8000,6937,0.06875,550,0.9515,0.0069,0.9542,0.0196,0.9513,0.0073,1.0469,0.0351,0.95173,0.97402,0,0,1000.8,1000.8,200
ptbxl,AF,sph,away,0.05,aps,mondrian,8000,7671,0.027,216,0.9532,0.0071,0.9791,0.0194,0.9525,0.0073,0.9876,0.019,0.95173,0.97402,0,0,1000.8,1000.8,200
ptbxl,AF,chapman_ningbo,away,0.05,aps,mondrian,7983,7983,0.04021,321,0.89,0.0112,0.9864,0.0137,0.886,0.0117,1.1509,0.0341,0.95173,0.97402,0,0,1000.8,1000.8,200
ptbxl,AF,georgia,away,0.05,aps,mondrian,4115,4115,0.05225,215,0.9422,0.0074,0.8866,0.0302,0.9453,0.0077,1.0875,0.0436,0.95173,0.97402,0,0,1000.8,1000.8,200
ptbxl,AF,cpsc,away,0.05,aps,mondrian,4124,4124,0.13312,549,0.9454,0.0074,0.9341,0.0212,0.9472,0.008,1.0952,0.0423,0.95173,0.97402,0,0,1000.8,1000.8,200
ptbxl,AF,ptbxl-calibration-holdout,calibration holdout,0.05,aps,weighted,2000,1710,0.0755,151,0.9506,0.0095,0.9347,0.0232,0.9519,0.0097,1.0122,0.014,0.9526,0.95262,0,0,1000.8,996.3,200
ptbxl,AF,ptbxl,home,0.05,aps,weighted,8000,6937,0.06875,550,0.951,0.0069,0.9358,0.0078,0.9521,0.007,1.0185,0.0113,0.95249,0.95242,0,0,1000.8,998.9,200
ptbxl,AF,sph,away,0.05,aps,weighted,8000,7671,0.027,216,0.9529,0.0071,0.9613,0.0123,0.9527,0.0071,0.9758,0.0088,0.95191,0.9511,0,0,1000.8,952.7,200
ptbxl,AF,chapman_ningbo,away,0.05,aps,weighted,7983,7983,0.04021,321,0.8941,0.0118,0.9765,0.008,0.8906,0.0122,1.129,0.0178,0.95444,0.9562,0,0,1000.8,801.3,200
ptbxl,AF,georgia,away,0.05,aps,weighted,4115,4115,0.05225,215,0.9413,0.0073,0.8556,0.0117,0.946,0.0074,1.0464,0.0128,0.95248,0.95228,0,0,1000.8,997.9,200
ptbxl,AF,cpsc,away,0.05,aps,weighted,4124,4124,0.13312,549,0.9448,0.0072,0.9169,0.0078,0.949,0.0076,1.0612,0.0145,0.95351,0.95426,0,0,1000.8,947.1,200
ptbxl,LBBB,ptbxl-calibration-holdout,calibration holdout,0.2,lac,none,2000,1710,0.023,46,0.7995,0.0206,0.0212,0.0219,0.8185,0.0202,0.7995,0.0206,0.00067,0.00067,0,0,1000.8,1000.8,200
ptbxl,LBBB,ptbxl,home,0.2,lac,none,8000,6937,0.027,216,0.7946,0.0096,0.0,0.0,0.8167,0.0099,0.795,0.0096,0.00067,0.00067,0,0,1000.8,1000.8,200
ptbxl,LBBB,sph,away,0.2,lac,none,8000,7671,0.00287,23,0.9416,0.0048,0.0,0.0,0.9444,0.0048,0.9416,0.0048,0.00067,0.00067,0,0,1000.8,1000.8,200
ptbxl,LBBB,chapman_ningbo,away,0.2,lac,none,7983,7983,0.01015,81,0.8027,0.0097,0.0123,0.0,0.8108,0.0098,0.8038,0.0099,0.00067,0.00067,0,0,1000.8,1000.8,200
ptbxl,LBBB,georgia,away,0.2,lac,none,4115,4115,0.02187,90,0.7862,0.0088,0.0,0.0,0.8038,0.009,0.7869,0.0088,0.00067,0.00067,0,0,1000.8,1000.8,200
ptbxl,LBBB,cpsc,away,0.2,lac,none,4124,4124,0.0274,113,0.7941,0.0095,0.0088,0.0,0.8162,0.0097,0.7963,0.0095,0.00067,0.00067,0,0,1000.8,1000.8,200
ptbxl,LBBB,ptbxl-calibration-holdout,calibration holdout,0.2,lac,mondrian,2000,1710,0.023,46,0.8014,0.0206,0.8249,0.1151,0.8008,0.0207,0.8059,0.0208,0.00059,0.83648,0,0,1000.8,1000.8,200
ptbxl,LBBB,ptbxl,home,0.2,lac,mondrian,8000,6937,0.027,216,0.7982,0.0117,0.7843,0.0834,0.7986,0.0116,0.8033,0.0126,0.00059,0.83648,0,0,1000.8,1000.8,200
ptbxl,LBBB,sph,away,0.2,lac,mondrian,8000,7671,0.00287,23,0.9357,0.0054,0.8991,0.0806,0.9358,0.0054,0.9359,0.0054,0.00059,0.83648,0,0,1000.8,1000.8,200
ptbxl,LBBB,chapman_ningbo,away,0.2,lac,mondrian,7983,7983,0.01015,81,0.7899,0.0121,0.5254,0.0561,0.7926,0.0121,0.7943,0.0129,0.00059,0.83648,0,0,1000.8,1000.8,200
ptbxl,LBBB,georgia,away,0.2,lac,mondrian,4115,4115,0.02187,90,0.7845,0.0103,0.6581,0.0587,0.7873,0.0104,0.7917,0.0112,0.00059,0.83648,0,0,1000.8,1000.8,200
ptbxl,LBBB,cpsc,away,0.2,lac,mondrian,4124,4124,0.0274,113,0.7923,0.0114,0.576,0.0592,0.7984,0.0116,0.7968,0.0118,0.00059,0.83648,0,0,1000.8,1000.8,200
ptbxl,LBBB,ptbxl-calibration-holdout,calibration holdout,0.2,lac,weighted,2000,1710,0.023,46,0.8019,0.0199,0.0212,0.0219,0.8209,0.0206,0.8019,0.0199,0.00069,0.00069,0,0,1000.8,995.0,200
ptbxl,LBBB,ptbxl,home,0.2,lac,weighted,8000,6937,0.027,216,0.7963,0.0091,0.0,0.0,0.8184,0.0094,0.7967,0.0091,0.00068,0.00068,0,0,1000.8,999.0,200
ptbxl,LBBB,sph,away,0.2,lac,weighted,8000,7671,0.00287,23,0.9623,0.033,0.43,0.4963,0.9638,0.0317,1.3923,0.5292,0.00059,0.00059,86,86,1000.8,982.8,200
ptbxl,LBBB,chapman_ningbo,away,0.2,lac,weighted,7983,7983,0.01015,81,0.7898,0.0116,0.0123,0.0,0.7977,0.0117,0.7906,0.0118,0.00061,0.00061,0,0,1000.8,988.1,200
ptbxl,LBBB,georgia,away,0.2,lac,weighted,4115,4115,0.02187,90,0.7837,0.0093,0.0,0.0,0.8012,0.0095,0.7845,0.0093,0.00066,0.00066,0,0,1000.8,999.1,200
ptbxl,LBBB,cpsc,away,0.2,lac,weighted,4124,4124,0.0274,113,0.7914,0.01,0.0088,0.0006,0.8134,0.0103,0.7935,0.01,0.00066,0.00066,0,0,1000.8,999.1,200
ptbxl,LBBB,ptbxl-calibration-holdout,calibration holdout,0.2,aps,none,2000,1710,0.023,46,0.8004,0.0183,0.6798,0.0874,0.8033,0.0182,0.8103,0.0185,0.80393,0.80393,0,0,1000.8,1000.8,200
ptbxl,LBBB,ptbxl,home,0.2,aps,none,8000,6937,0.027,216,0.7999,0.0137,0.6253,0.0197,0.8048,0.0138,0.8133,0.0141,0.80393,0.80393,0,0,1000.8,1000.8,200
ptbxl,LBBB,sph,away,0.2,aps,none,8000,7671,0.00287,23,0.8039,0.014,0.6889,0.0703,0.8042,0.014,0.8049,0.014,0.80393,0.80393,0,0,1000.8,1000.8,200
ptbxl,LBBB,chapman_ningbo,away,0.2,aps,none,7983,7983,0.01015,81,0.8006,0.0139,0.4153,0.0281,0.8046,0.0139,0.8077,0.0141,0.80393,0.80393,0,0,1000.8,1000.8,200
ptbxl,LBBB,georgia,away,0.2,aps,none,4115,4115,0.02187,90,0.7969,0.0141,0.5231,0.0274,0.8031,0.0142,0.811,0.0145,0.80393,0.80393,0,0,1000.8,1000.8,200
ptbxl,LBBB,cpsc,away,0.2,aps,none,4124,4124,0.0274,113,0.7935,0.0147,0.4417,0.0247,0.8034,0.0149,0.808,0.0149,0.80393,0.80393,0,0,1000.8,1000.8,200
ptbxl,LBBB,ptbxl-calibration-holdout,calibration holdout,0.2,aps,mondrian,2000,1710,0.023,46,0.8009,0.0181,0.8231,0.1195,0.8003,0.0185,0.8142,0.019,0.80085,0.94158,0,0,1000.8,1000.8,200
ptbxl,LBBB,ptbxl,home,0.2,aps,mondrian,8000,6937,0.027,216,0.8014,0.0139,0.79,0.079,0.8017,0.0143,0.8187,0.0149,0.80085,0.94158,0,0,1000.8,1000.8,200
ptbxl,LBBB,sph,away,0.2,aps,mondrian,8000,7671,0.00287,23,0.8013,0.0141,0.8759,0.0887,0.8011,0.0142,0.8026,0.0142,0.80085,0.94158,0,0,1000.8,1000.8,200
ptbxl,LBBB,chapman_ningbo,away,0.2,aps,mondrian,7983,7983,0.01015,81,0.7988,0.014,0.5338,0.0655,0.8016,0.0141,0.8094,0.0147,0.80085,0.94158,0,0,1000.8,1000.8,200
ptbxl,LBBB,georgia,away,0.2,aps,mondrian,4115,4115,0.02187,90,0.7971,0.0142,0.6614,0.0739,0.8002,0.0145,0.8155,0.0153,0.80085,0.94158,0,0,1000.8,1000.8,200
ptbxl,LBBB,cpsc,away,0.2,aps,mondrian,4124,4124,0.0274,113,0.7944,0.0148,0.5827,0.0694,0.8003,0.0151,0.8104,0.0153,0.80085,0.94158,0,0,1000.8,1000.8,200
ptbxl,LBBB,ptbxl-calibration-holdout,calibration holdout,0.2,aps,weighted,2000,1710,0.023,46,0.8014,0.0184,0.6808,0.0881,0.8043,0.0183,0.8114,0.0187,0.80491,0.80499,0,0,1000.8,995.0,200
ptbxl,LBBB,ptbxl,home,0.2,aps,weighted,8000,6937,0.027,216,0.8006,0.0137,0.6259,0.0196,0.8054,0.0138,0.8139,0.0142,0.80454,0.80471,0,0,1000.8,999.0,200
ptbxl,LBBB,sph,away,0.2,aps,weighted,8000,7671,0.00287,23,0.8856,0.1001,0.8174,0.1679,0.8858,0.0999,1.3162,0.5955,0.7996,0.79886,86,86,1000.8,982.8,200
ptbxl,LBBB,chapman_ningbo,away,0.2,aps,weighted,7983,7983,0.01015,81,0.7985,0.0139,0.414,0.0284,0.8025,0.0139,0.8056,0.0141,0.80182,0.8012,0,0,1000.8,988.1,200
ptbxl,LBBB,georgia,away,0.2,aps,weighted,4115,4115,0.02187,90,0.7966,0.0141,0.5229,0.0275,0.8027,0.0142,0.8106,0.0145,0.80352,0.80345,0,0,1000.8,999.1,200
ptbxl,LBBB,cpsc,away,0.2,aps,weighted,4124,4124,0.0274,113,0.7931,0.0147,0.4414,0.0249,0.803,0.0148,0.8076,0.0149,0.80352,0.80345,0,0,1000.8,999.1,200
ptbxl,LBBB,ptbxl-calibration-holdout,calibration holdout,0.1,lac,none,2000,1710,0.023,46,0.8976,0.0164,0.0221,0.0229,0.9189,0.0151,0.8976,0.0165,0.00186,0.00186,0,0,1000.8,1000.8,200
ptbxl,LBBB,ptbxl,home,0.1,lac,none,8000,6937,0.027,216,0.8926,0.0084,0.0132,0.0017,0.917,0.0086,0.8932,0.0085,0.00186,0.00186,0,0,1000.8,1000.8,200
ptbxl,LBBB,sph,away,0.1,lac,none,8000,7671,0.00287,23,0.9798,0.0033,0.0,0.0,0.9827,0.0033,0.9798,0.0033,0.00186,0.00186,0,0,1000.8,1000.8,200
ptbxl,LBBB,chapman_ningbo,away,0.1,lac,none,7983,7983,0.01015,81,0.9059,0.0084,0.0126,0.0017,0.915,0.0084,0.9075,0.0084,0.00186,0.00186,0,0,1000.8,1000.8,200
ptbxl,LBBB,georgia,away,0.1,lac,none,4115,4115,0.02187,90,0.884,0.008,0.0,0.0,0.9038,0.0082,0.8857,0.008,0.00186,0.00186,0,0,1000.8,1000.8,200
ptbxl,LBBB,cpsc,away,0.1,lac,none,4124,4124,0.0274,113,0.8917,0.0082,0.0177,0.0,0.9163,0.0084,0.8954,0.0084,0.00186,0.00186,0,0,1000.8,1000.8,200
ptbxl,LBBB,ptbxl-calibration-holdout,calibration holdout,0.1,lac,mondrian,2000,1710,0.023,46,0.8998,0.0155,0.9162,0.0894,0.8993,0.0158,0.915,0.0207,0.0014,0.96469,0,0,1000.8,1000.8,200
ptbxl,LBBB,ptbxl,home,0.1,lac,mondrian,8000,6937,0.027,216,0.8949,0.0095,0.8973,0.0511,0.8948,0.0096,0.9118,0.0184,0.0014,0.96469,0,0,1000.8,1000.8,200
ptbxl,LBBB,sph,away,0.1,lac,mondrian,8000,7671,0.00287,23,0.9741,0.0033,0.9546,0.0252,0.9741,0.0033,0.9756,0.0045,0.0014,0.96469,0,0,1000.8,1000.8,200
ptbxl,LBBB,chapman_ningbo,away,0.1,lac,mondrian,7983,7983,0.01015,81,0.8892,0.0106,0.6415,0.0737,0.8917,0.0107,0.906,0.0197,0.0014,0.96469,0,0,1000.8,1000.8,200
ptbxl,LBBB,georgia,away,0.1,lac,mondrian,4115,4115,0.02187,90,0.8783,0.011,0.7793,0.0748,0.8805,0.0112,0.8996,0.0219,0.0014,0.96469,0,0,1000.8,1000.8,200
ptbxl,LBBB,cpsc,away,0.1,lac,mondrian,4124,4124,0.0274,113,0.8889,0.01,0.6908,0.0732,0.8945,0.0102,0.9032,0.0205,0.0014,0.96469,0,0,1000.8,1000.8,200
ptbxl,LBBB,ptbxl-calibration-holdout,calibration holdout,0.1,lac,weighted,2000,1710,0.023,46,0.9005,0.0148,0.0246,0.0244,0.9219,0.0152,0.9005,0.0149,0.00193,0.00193,0,0,1000.8,995.0,200
ptbxl,LBBB,ptbxl,home,0.1,lac,weighted,8000,6937,0.027,216,0.8948,0.0074,0.0135,0.0013,0.9193,0.0076,0.8955,0.0075,0.00191,0.00191,0,0,1000.8,999.0,200
ptbxl,LBBB,sph,away,0.1,lac,weighted,8000,7671,0.00287,23,0.9839,0.0143,0.43,0.4963,0.9855,0.0129,1.4139,0.5104,0.00142,0.0014,86,86,1000.8,982.8,200
ptbxl,LBBB,chapman_ningbo,away,0.1,lac,weighted,7983,7983,0.01015,81,0.89,0.0105,0.0123,0.0,0.899,0.0106,0.8915,0.0105,0.00151,0.0015,0,0,1000.8,988.1,200
ptbxl,LBBB,georgia,away,0.1,lac,weighted,4115,4115,0.02187,90,0.8808,0.0075,0.0,0.0,0.9005,0.0077,0.8825,0.0075,0.00176,0.00176,0,0,1000.8,999.1,200
ptbxl,LBBB,cpsc,away,0.1,lac,weighted,4124,4124,0.0274,113,0.8883,0.0074,0.0177,0.0,0.9128,0.0076,0.8919,0.0076,0.00176,0.00176,0,0,1000.8,999.1,200
ptbxl,LBBB,ptbxl-calibration-holdout,calibration holdout,0.1,aps,none,2000,1710,0.023,46,0.9006,0.0136,0.7738,0.0815,0.9036,0.0133,0.9147,0.0138,0.904,0.904,0,0,1000.8,1000.8,200
ptbxl,LBBB,ptbxl,home,0.1,aps,none,8000,6937,0.027,216,0.8995,0.0102,0.721,0.0194,0.9045,0.0102,0.918,0.011,0.904,0.904,0,0,1000.8,1000.8,200
ptbxl,LBBB,sph,away,0.1,aps,none,8000,7671,0.00287,23,0.904,0.0103,0.8204,0.0637,0.9042,0.0103,0.9054,0.0104,0.904,0.904,0,0,1000.8,1000.8,200
ptbxl,LBBB,chapman_ningbo,away,0.1,aps,none,7983,7983,0.01015,81,0.9002,0.01,0.4776,0.0209,0.9045,0.01,0.9092,0.0103,0.904,0.904,0,0,1000.8,1000.8,200
ptbxl,LBBB,georgia,away,0.1,aps,none,4115,4115,0.02187,90,0.8962,0.0106,0.6024,0.0251,0.9028,0.0106,0.9144,0.0112,0.904,0.904,0,0,1000.8,1000.8,200
ptbxl,LBBB,cpsc,away,0.1,aps,none,4124,4124,0.0274,113,0.8937,0.0105,0.5265,0.0211,0.904,0.0106,0.9118,0.0111,0.904,0.904,0,0,1000.8,1000.8,200
ptbxl,LBBB,ptbxl-calibration-holdout,calibration holdout,0.1,aps,mondrian,2000,1710,0.023,46,0.9009,0.0132,0.9192,0.0869,0.9004,0.0132,0.9395,0.0419,0.90094,0.98752,0,0,1000.8,1000.8,200
ptbxl,LBBB,ptbxl,home,0.1,aps,mondrian,8000,6937,0.027,216,0.9013,0.0102,0.8955,0.0561,0.9014,0.0104,0.946,0.0408,0.90094,0.98752,0,0,1000.8,1000.8,200
ptbxl,LBBB,sph,away,0.1,aps,mondrian,8000,7671,0.00287,23,0.9014,0.0103,0.9559,0.0452,0.9012,0.0103,0.9086,0.0167,0.90094,0.98752,0,0,1000.8,1000.8,200
ptbxl,LBBB,chapman_ningbo,away,0.1,aps,mondrian,7983,7983,0.01015,81,0.8991,0.0101,0.6635,0.0965,0.9015,0.0102,0.9349,0.0436,0.90094,0.98752,0,0,1000.8,1000.8,200
ptbxl,LBBB,georgia,away,0.1,aps,mondrian,4115,4115,0.02187,90,0.8974,0.0106,0.7948,0.0842,0.8997,0.0108,0.945,0.0441,0.90094,0.98752,0,0,1000.8,1000.8,200
ptbxl,LBBB,cpsc,away,0.1,aps,mondrian,4124,4124,0.0274,113,0.8958,0.0105,0.7093,0.0901,0.9011,0.0108,0.937,0.0432,0.90094,0.98752,0,0,1000.8,1000.8,200
ptbxl,LBBB,ptbxl-calibration-holdout,calibration holdout,0.1,aps,weighted,2000,1710,0.023,46,0.9013,0.0137,0.774,0.0818,0.9044,0.0134,0.9155,0.014,0.90473,0.90495,0,0,1000.8,995.0,200
ptbxl,LBBB,ptbxl,home,0.1,aps,weighted,8000,6937,0.027,216,0.9,0.0102,0.7219,0.0192,0.9049,0.0102,0.9185,0.011,0.90445,0.90464,0,0,1000.8,999.0,200
ptbxl,LBBB,sph,away,0.1,aps,weighted,8000,7671,0.00287,23,0.9432,0.0501,0.8935,0.1047,0.9433,0.05,1.374,0.5451,0.90049,0.89947,86,86,1000.8,982.8,200
ptbxl,LBBB,chapman_ningbo,away,0.1,aps,weighted,7983,7983,0.01015,81,0.8981,0.01,0.4752,0.0205,0.9024,0.0101,0.907,0.0103,0.90187,0.90106,0,0,1000.8,988.1,200
ptbxl,LBBB,georgia,away,0.1,aps,weighted,4115,4115,0.02187,90,0.8958,0.0106,0.6015,0.0251,0.9024,0.0106,0.9139,0.0111,0.90359,0.90339,0,0,1000.8,999.1,200
ptbxl,LBBB,cpsc,away,0.1,aps,weighted,4124,4124,0.0274,113,0.8933,0.0105,0.5262,0.021,0.9036,0.0106,0.9114,0.011,0.90358,0.90339,0,0,1000.8,999.1,200
ptbxl,LBBB,ptbxl-calibration-holdout,calibration holdout,0.05,lac,none,2000,1710,0.023,46,0.9487,0.0118,0.0651,0.0516,0.9702,0.01,0.9492,0.0118,0.005,0.005,0,0,1000.8,1000.8,200
ptbxl,LBBB,ptbxl,home,0.05,lac,none,8000,6937,0.027,216,0.9403,0.0054,0.0248,0.0069,0.9657,0.0054,0.9416,0.0055,0.005,0.005,0,0,1000.8,1000.8,200
ptbxl,LBBB,sph,away,0.05,lac,none,8000,7671,0.00287,23,0.9924,0.0014,0.0424,0.016,0.9952,0.0014,0.9924,0.0014,0.005,0.005,0,0,1000.8,1000.8,200
ptbxl,LBBB,chapman_ningbo,away,0.05,lac,none,7983,7983,0.01015,81,0.9592,0.0061,0.0517,0.0117,0.9685,0.0061,0.9619,0.0063,0.005,0.005,0,0,1000.8,1000.8,200
ptbxl,LBBB,georgia,away,0.05,lac,none,4115,4115,0.02187,90,0.937,0.0068,0.0011,0.004,0.9579,0.0069,0.9393,0.007,0.005,0.005,0,0,1000.8,1000.8,200
ptbxl,LBBB,cpsc,away,0.05,lac,none,4124,4124,0.0274,113,0.9474,0.0063,0.0182,0.0023,0.9736,0.0065,0.953,0.0069,0.005,0.005,0,0,1000.8,1000.8,200
ptbxl,LBBB,ptbxl-calibration-holdout,calibration holdout,0.05,lac,mondrian,2000,1710,0.023,46,0.95,0.0113,0.9671,0.0593,0.9495,0.0115,1.1741,0.37,0.00293,0.98965,39,0,1000.8,1000.8,200
ptbxl,LBBB,ptbxl,home,0.05,lac,mondrian,8000,6937,0.027,216,0.9453,0.0057,0.9564,0.0396,0.945,0.0058,1.1721,0.3701,0.00293,0.98965,39,0,1000.8,1000.8,200
ptbxl,LBBB,sph,away,0.05,lac,mondrian,8000,7671,0.00287,23,0.9902,0.0013,0.9843,0.0222,0.9902,0.0013,1.1907,0.3931,0.00293,0.98965,39,0,1000.8,1000.8,200
ptbxl,LBBB,chapman_ningbo,away,0.05,lac,mondrian,7983,7983,0.01015,81,0.943,0.007,0.8044,0.1297,0.9444,0.007,1.1749,0.377,0.00293,0.98965,39,0,1000.8,1000.8,200
ptbxl,LBBB,georgia,away,0.05,lac,mondrian,4115,4115,0.02187,90,0.9321,0.0069,0.8956,0.0793,0.9329,0.0069,1.168,0.3696,0.00293,0.98965,39,0,1000.8,1000.8,200
ptbxl,LBBB,cpsc,away,0.05,lac,mondrian,4124,4124,0.0274,113,0.9436,0.0078,0.8294,0.109,0.9468,0.0074,1.1722,0.3728,0.00293,0.98965,39,0,1000.8,1000.8,200
ptbxl,LBBB,ptbxl-calibration-holdout,calibration holdout,0.05,lac,weighted,2000,1710,0.023,46,0.9515,0.0096,0.0755,0.0616,0.9728,0.0102,0.952,0.0097,0.0067,0.00704,0,0,1000.8,995.0,200
ptbxl,LBBB,ptbxl,home,0.05,lac,weighted,8000,6937,0.027,216,0.9422,0.0046,0.0276,0.0077,0.9676,0.0045,0.9436,0.0048,0.00535,0.00541,0,0,1000.8,999.0,200
ptbxl,LBBB,sph,away,0.05,lac,weighted,8000,7671,0.00287,23,0.9928,0.0063,0.43,0.4963,0.9945,0.0049,1.4228,0.5026,0.00295,0.0029,86,86,1000.8,982.8,200
ptbxl,LBBB,chapman_ningbo,away,0.05,lac,weighted,7983,7983,0.01015,81,0.9416,0.007,0.0352,0.0045,0.9509,0.0071,0.9437,0.0072,0.00329,0.00322,0,0,1000.8,988.1,200
ptbxl,LBBB,georgia,away,0.05,lac,weighted,4115,4115,0.02187,90,0.9329,0.0057,0.0001,0.0011,0.9538,0.0059,0.9351,0.0058,0.00445,0.00445,0,0,1000.8,999.1,200
ptbxl,LBBB,cpsc,away,0.05,lac,weighted,4124,4124,0.0274,113,0.9438,0.0057,0.0178,0.0009,0.9699,0.0059,0.9491,0.0062,0.00445,0.00444,0,0,1000.8,999.1,200
ptbxl,LBBB,ptbxl-calibration-holdout,calibration holdout,0.05,aps,none,2000,1710,0.023,46,0.9512,0.0094,0.8251,0.0734,0.9543,0.0092,0.9705,0.0104,0.9535,0.9535,0,0,1000.8,1000.8,200
ptbxl,LBBB,ptbxl,home,0.05,aps,none,8000,6937,0.027,216,0.9497,0.0072,0.7944,0.0178,0.954,0.007,0.9732,0.008,0.9535,0.9535,0,0,1000.8,1000.8,200
ptbxl,LBBB,sph,away,0.05,aps,none,8000,7671,0.00287,23,0.9536,0.0072,0.8904,0.0481,0.9538,0.0072,0.9556,0.0073,0.9535,0.9535,0,0,1000.8,1000.8,200
ptbxl,LBBB,chapman_ningbo,away,0.05,aps,none,7983,7983,0.01015,81,0.9496,0.007,0.5268,0.0216,0.9539,0.0069,0.9609,0.0076,0.9535,0.9535,0,0,1000.8,1000.8,200
ptbxl,LBBB,georgia,away,0.05,aps,none,4115,4115,0.02187,90,0.9461,0.0074,0.6582,0.0195,0.9525,0.0074,0.9682,0.0082,0.9535,0.9535,0,0,1000.8,1000.8,200
ptbxl,LBBB,cpsc,away,0.05,aps,none,4124,4124,0.0274,113,0.9432,0.0074,0.5777,0.0177,0.9535,0.0073,0.9643,0.008,0.9535,0.9535,0,0,1000.8,1000.8,200
ptbxl,LBBB,ptbxl-calibration-holdout,calibration holdout,0.05,aps,mondrian,2000,1710,0.023,46,0.9518,0.0093,0.9694,0.0571,0.9513,0.0094,1.2268,0.3674,0.95074,0.99624,39,0,1000.8,1000.8,200
ptbxl,LBBB,ptbxl,home,0.05,aps,mondrian,8000,6937,0.027,216,0.9513,0.0069,0.9548,0.0427,0.9512,0.007,1.2327,0.3657,0.95074,0.99624,39,0,1000.8,1000.8,200
ptbxl,LBBB,sph,away,0.05,aps,mondrian,8000,7671,0.00287,23,0.9511,0.007,0.9861,0.0238,0.951,0.007,1.1743,0.3894,0.95074,0.99624,39,0,1000.8,1000.8,200
ptbxl,LBBB,chapman_ningbo,away,0.05,aps,mondrian,7983,7983,0.01015,81,0.9498,0.0069,0.817,0.129,0.9512,0.007,1.2261,0.3725,0.95074,0.99624,39,0,1000.8,1000.8,200
ptbxl,LBBB,georgia,away,0.05,aps,mondrian,4115,4115,0.02187,90,0.9486,0.0075,0.9006,0.0817,0.9496,0.0076,1.2336,0.3649,0.95074,0.99624,39,0,1000.8,1000.8,200
ptbxl,LBBB,cpsc,away,0.05,aps,mondrian,4124,4124,0.0274,113,0.9479,0.0078,0.8458,0.1111,0.9507,0.0073,1.2276,0.369,0.95074,0.99624,39,0,1000.8,1000.8,200
ptbxl,LBBB,ptbxl-calibration-holdout,calibration holdout,0.05,aps,weighted,2000,1710,0.023,46,0.952,0.0096,0.8264,0.0738,0.955,0.0094,0.9714,0.0109,0.95423,0.95444,0,0,1000.8,995.0,200
ptbxl,LBBB,ptbxl,home,0.05,aps,weighted,8000,6937,0.027,216,0.9502,0.0072,0.7953,0.0178,0.9545,0.0071,0.9738,0.0081,0.95397,0.95411,0,0,1000.8,999.0,200
ptbxl,LBBB,sph,away,0.05,aps,weighted,8000,7671,0.00287,23,0.9719,0.0251,0.9333,0.0688,0.972,0.025,1.403,0.5199,0.95066,0.94975,86,86,1000.8,982.8,200
ptbxl,LBBB,chapman_ningbo,away,0.05,aps,weighted,7983,7983,0.01015,81,0.9476,0.0069,0.5238,0.0222,0.9519,0.0069,0.9587,0.0075,0.95148,0.95078,0,0,1000.8,988.1,200
ptbxl,LBBB,georgia,away,0.05,aps,weighted,4115,4115,0.02187,90,0.9457,0.0074,0.6571,0.0201,0.9521,0.0074,0.9677,0.0083,0.95316,0.95292,0,0,1000.8,999.1,200
ptbxl,LBBB,cpsc,away,0.05,aps,weighted,4124,4124,0.0274,113,0.9429,0.0073,0.577,0.0176,0.9532,0.0073,0.964,0.0079,0.95316,0.95292,0,0,1000.8,999.1,200
ptbxl,RBBB,ptbxl-calibration-holdout,calibration holdout,0.2,lac,none,2000,1710,0.023,46,0.8002,0.0189,0.0,0.0,0.8189,0.0185,0.8002,0.0189,0.01823,0.01823,0,0,1000.8,1000.8,200
ptbxl,RBBB,ptbxl,home,0.2,lac,none,8000,6937,0.026,208,0.7964,0.0096,0.0,0.0,0.8176,0.0099,0.7967,0.0096,0.01823,0.01823,0,0,1000.8,1000.8,200
ptbxl,RBBB,sph,away,0.2,lac,none,8000,7671,0.02738,219,0.9268,0.0037,0.0023,0.0023,0.9528,0.0038,0.9279,0.0038,0.01823,0.01823,0,0,1000.8,1000.8,200
ptbxl,RBBB,chapman_ningbo,away,0.2,lac,none,7983,7983,0.04121,329,0.7734,0.0095,0.0004,0.0011,0.8066,0.0099,0.7755,0.0096,0.01823,0.01823,0,0,1000.8,1000.8,200
ptbxl,RBBB,georgia,away,0.2,lac,none,4115,4115,0.052,214,0.828,0.0063,0.0002,0.001,0.8734,0.0066,0.8333,0.0063,0.01823,0.01823,0,0,1000.8,1000.8,200
ptbxl,RBBB,cpsc,away,0.2,lac,none,4124,4124,0.18768,774,0.6901,0.0057,0.0025,0.0004,0.8489,0.007,0.7281,0.0062,0.01823,0.01823,0,0,1000.8,1000.8,200
ptbxl,RBBB,ptbxl-calibration-holdout,calibration holdout,0.2,lac,mondrian,2000,1710,0.023,46,0.8005,0.0187,0.8212,0.1242,0.8,0.0188,0.8053,0.0183,0.01623,0.21242,0,0,1000.8,1000.8,200
ptbxl,RBBB,ptbxl,home,0.2,lac,mondrian,8000,6937,0.026,208,0.7967,0.0101,0.7353,0.0819,0.7984,0.01,0.8016,0.0103,0.01623,0.21242,0,0,1000.8,1000.8,200
ptbxl,RBBB,sph,away,0.2,lac,mondrian,8000,7671,0.02738,219,0.9359,0.0039,0.5847,0.07,0.9458,0.0034,0.9375,0.004,0.01623,0.21242,0,0,1000.8,1000.8,200
ptbxl,RBBB,chapman_ningbo,away,0.2,lac,mondrian,7983,7983,0.04121,329,0.7809,0.009,0.5917,0.0737,0.789,0.0087,0.7873,0.0093,0.01623,0.21242,0,0,1000.8,1000.8,200
ptbxl,RBBB,georgia,away,0.2,lac,mondrian,4115,4115,0.052,214,0.8406,0.0066,0.4553,0.0628,0.8617,0.0058,0.8529,0.0072,0.01623,0.21242,0,0,1000.8,1000.8,200
ptbxl,RBBB,cpsc,away,0.2,lac,mondrian,4124,4124,0.18768,774,0.7721,0.0117,0.4959,0.0534,0.8359,0.0069,0.8142,0.0132,0.01623,0.21242,0,0,1000.8,1000.8,200
ptbxl,RBBB,ptbxl-calibration-holdout,calibration holdout,0.2,lac,weighted,2000,1710,0.023,46,0.7993,0.0175,0.0,0.0,0.8181,0.0181,0.7993,0.0175,0.01813,0.01814,0,0,1000.8,995.9,200
ptbxl,RBBB,ptbxl,home,0.2,lac,weighted,8000,6937,0.026,208,0.7978,0.009,0.0,0.0,0.8191,0.0092,0.7982,0.009,0.01839,0.0184,0,0,1000.8,999.3,200
ptbxl,RBBB,sph,away,0.2,lac,weighted,8000,7671,0.02738,219,0.9242,0.0033,0.001,0.0019,0.9502,0.0034,0.9252,0.0034,0.01743,0.0174,0,0,1000.8,996.5,200
ptbxl,RBBB,chapman_ningbo,away,0.2,lac,weighted,7983,7983,0.04121,329,0.7832,0.01,0.0017,0.0017,0.8168,0.0103,0.7855,0.01,0.01946,0.01952,0,0,1000.8,993.5,200
ptbxl,RBBB,georgia,away,0.2,lac,weighted,4115,4115,0.052,214,0.8404,0.0062,0.0029,0.0023,0.8864,0.0064,0.8458,0.0062,0.02068,0.02082,0,0,1000.8,979.2,200
ptbxl,RBBB,cpsc,away,0.2,lac,weighted,4124,4124,0.18768,774,0.7518,0.006,0.0242,0.0067,0.9199,0.006,0.8006,0.0067,0.04392,0.04647,0,0,1000.8,660.7,200
ptbxl,RBBB,ptbxl-calibration-holdout,calibration holdout,0.2,aps,none,2000,1710,0.023,46,0.8008,0.0188,0.8849,0.0695,0.7989,0.0188,0.8137,0.0189,0.79382,0.79382,0,0,1000.8,1000.8,200
ptbxl,RBBB,ptbxl,home,0.2,aps,none,8000,6937,0.026,208,0.8031,0.0141,0.8868,0.0227,0.8009,0.0143,0.8188,0.015,0.79382,0.79382,0,0,1000.8,1000.8,200
ptbxl,RBBB,sph,away,0.2,aps,none,8000,7671,0.02738,219,0.797,0.0142,0.7957,0.0199,0.7971,0.0143,0.8041,0.0146,0.79382,0.79382,0,0,1000.8,1000.8,200
ptbxl,RBBB,chapman_ningbo,away,0.2,aps,none,7983,7983,0.04121,329,0.8009,0.0142,0.798,0.0175,0.8011,0.0143,0.8217,0.0153,0.79382,0.79382,0,0,1000.8,1000.8,200
ptbxl,RBBB,georgia,away,0.2,aps,none,4115,4115,0.052,214,0.7886,0.0144,0.6984,0.02,0.7935,0.0146,0.8237,0.0156,0.79382,0.79382,0,0,1000.8,1000.8,200
ptbxl,RBBB,cpsc,away,0.2,aps,none,4124,4124,0.18768,774,0.7607,0.0145,0.6141,0.0135,0.7945,0.0158,0.8372,0.0169,0.79382,0.79382,0,0,1000.8,1000.8,200
ptbxl,RBBB,ptbxl-calibration-holdout,calibration holdout,0.2,aps,mondrian,2000,1710,0.023,46,0.8012,0.0185,0.8162,0.1094,0.8009,0.0189,0.8125,0.0181,0.79573,0.72983,0,0,1000.8,1000.8,200
ptbxl,RBBB,ptbxl,home,0.2,aps,mondrian,8000,6937,0.026,208,0.8033,0.0139,0.8202,0.0756,0.8028,0.0145,0.817,0.0143,0.79573,0.72983,0,0,1000.8,1000.8,200
ptbxl,RBBB,sph,away,0.2,aps,mondrian,8000,7671,0.02738,219,0.7974,0.0139,0.7388,0.0656,0.799,0.0144,0.8043,0.0142,0.79573,0.72983,0,0,1000.8,1000.8,200
ptbxl,RBBB,chapman_ningbo,away,0.2,aps,mondrian,7983,7983,0.04121,329,0.8002,0.0137,0.7373,0.0689,0.803,0.0144,0.8195,0.0145,0.79573,0.72983,0,0,1000.8,1000.8,200
ptbxl,RBBB,georgia,away,0.2,aps,mondrian,4115,4115,0.052,214,0.7877,0.0139,0.6458,0.0624,0.7955,0.0147,0.821,0.0149,0.79573,0.72983,0,0,1000.8,1000.8,200
ptbxl,RBBB,cpsc,away,0.2,aps,mondrian,4124,4124,0.18768,774,0.7532,0.0154,0.5659,0.0531,0.7965,0.0159,0.8288,0.0179,0.79573,0.72983,0,0,1000.8,1000.8,200
ptbxl,RBBB,ptbxl-calibration-holdout,calibration holdout,0.2,aps,weighted,2000,1710,0.023,46,0.8011,0.0189,0.8845,0.0698,0.7992,0.019,0.8141,0.0189,0.79402,0.79402,0,0,1000.8,995.9,200
ptbxl,RBBB,ptbxl,home,0.2,aps,weighted,8000,6937,0.026,208,0.803,0.0141,0.8867,0.0225,0.8008,0.0142,0.8188,0.015,0.79375,0.79384,0,0,1000.8,999.3,200
ptbxl,RBBB,sph,away,0.2,aps,weighted,8000,7671,0.02738,219,0.7979,0.0142,0.7961,0.0199,0.7979,0.0143,0.8049,0.0146,0.79469,0.79437,0,0,1000.8,996.5,200
ptbxl,RBBB,chapman_ningbo,away,0.2,aps,weighted,7983,7983,0.04121,329,0.8002,0.0141,0.7978,0.0176,0.8003,0.0143,0.8209,0.0152,0.79304,0.79342,0,0,1000.8,993.5,200
ptbxl,RBBB,georgia,away,0.2,aps,weighted,4115,4115,0.052,214,0.7871,0.0144,0.6974,0.0201,0.792,0.0146,0.822,0.0157,0.7922,0.79288,0,0,1000.8,979.2,200
ptbxl,RBBB,cpsc,away,0.2,aps,weighted,4124,4124,0.18768,774,0.7523,0.0151,0.6101,0.0136,0.7852,0.0166,0.8273,0.0176,0.78449,0.78832,0,0,1000.8,660.7,200
ptbxl,RBBB,ptbxl-calibration-holdout,calibration holdout,0.1,lac,none,2000,1710,0.023,46,0.9004,0.0159,0.0044,0.0195,0.9215,0.0144,0.9005,0.016,0.04512,0.04512,0,0,1000.8,1000.8,200
ptbxl,RBBB,ptbxl,home,0.1,lac,none,8000,6937,0.026,208,0.8949,0.0071,0.0153,0.01,0.9184,0.007,0.8956,0.0071,0.04512,0.04512,0,0,1000.8,1000.8,200
ptbxl,RBBB,sph,away,0.1,lac,none,8000,7671,0.02738,219,0.958,0.0019,0.0212,0.007,0.9844,0.0018,0.96,0.002,0.04512,0.04512,0,0,1000.8,1000.8,200
ptbxl,RBBB,chapman_ningbo,away,0.1,lac,none,7983,7983,0.04121,329,0.8771,0.0085,0.0308,0.0163,0.9135,0.0082,0.8807,0.0088,0.04512,0.04512,0,0,1000.8,1000.8,200
ptbxl,RBBB,georgia,away,0.1,lac,none,4115,4115,0.052,214,0.8893,0.0052,0.0297,0.0139,0.9364,0.0047,0.8972,0.0057,0.04512,0.04512,0,0,1000.8,1000.8,200
ptbxl,RBBB,cpsc,away,0.1,lac,none,4124,4124,0.18768,774,0.7528,0.0065,0.023,0.0076,0.9214,0.0065,0.8019,0.0073,0.04512,0.04512,0,0,1000.8,1000.8,200
ptbxl,RBBB,ptbxl-calibration-holdout,calibration holdout,0.1,lac,mondrian,2000,1710,0.023,46,0.9003,0.0154,0.9202,0.0776,0.8998,0.0156,0.9094,0.0177,0.03608,0.40833,0,0,1000.8,1000.8,200
ptbxl,RBBB,ptbxl,home,0.1,lac,mondrian,8000,6937,0.026,208,0.8999,0.0084,0.8902,0.071,0.9002,0.0083,0.9101,0.0142,0.03608,0.40833,0,0,1000.8,1000.8,200
ptbxl,RBBB,sph,away,0.1,lac,mondrian,8000,7671,0.02738,219,0.9736,0.0035,0.7581,0.0924,0.9797,0.0024,0.9764,0.0044,0.03608,0.40833,0,0,1000.8,1000.8,200
ptbxl,RBBB,chapman_ningbo,away,0.1,lac,mondrian,7983,7983,0.04121,329,0.8885,0.0098,0.7638,0.0872,0.8938,0.0092,0.9001,0.016,0.03608,0.40833,0,0,1000.8,1000.8,200
ptbxl,RBBB,georgia,away,0.1,lac,mondrian,4115,4115,0.052,214,0.9111,0.0071,0.632,0.1019,0.9264,0.0046,0.9306,0.0132,0.03608,0.40833,0,0,1000.8,1000.8,200
ptbxl,RBBB,cpsc,away,0.1,lac,mondrian,4124,4124,0.18768,774,0.8489,0.012,0.6042,0.0555,0.9054,0.0065,0.9061,0.0185,0.03608,0.40833,0,0,1000.8,1000.8,200
ptbxl,RBBB,ptbxl-calibration-holdout,calibration holdout,0.1,lac,weighted,2000,1710,0.023,46,0.8994,0.0127,0.0039,0.0161,0.9204,0.0128,0.8994,0.0127,0.0445,0.04453,0,0,1000.8,995.9,200
ptbxl,RBBB,ptbxl,home,0.1,lac,weighted,8000,6937,0.026,208,0.8963,0.0056,0.0162,0.0075,0.9198,0.0055,0.897,0.0056,0.04595,0.04598,0,0,1000.8,999.3,200
ptbxl,RBBB,sph,away,0.1,lac,weighted,8000,7671,0.02738,219,0.9562,0.0013,0.0182,0.0017,0.9826,0.0013,0.9581,0.0014,0.04086,0.04071,0,0,1000.8,996.5,200
ptbxl,RBBB,chapman_ningbo,away,0.1,lac,weighted,7983,7983,0.04121,329,0.8887,0.0067,0.0527,0.013,0.9247,0.0065,0.8927,0.0069,0.05186,0.05222,0,0,1000.8,993.5,200
ptbxl,RBBB,georgia,away,0.1,lac,weighted,4115,4115,0.052,214,0.9031,0.0044,0.0723,0.0153,0.9487,0.0038,0.9123,0.0046,0.06013,0.06107,0,0,1000.8,979.2,200
ptbxl,RBBB,cpsc,away,0.1,lac,weighted,4124,4124,0.18768,774,0.8384,0.0098,0.2919,0.0444,0.9647,0.002,0.8968,0.0103,0.12117,0.1249,0,0,1000.8,660.7,200
ptbxl,RBBB,ptbxl-calibration-holdout,calibration holdout,0.1,aps,none,2000,1710,0.023,46,0.9014,0.0134,0.9605,0.0359,0.9,0.0136,0.9254,0.0154,0.89338,0.89338,0,0,1000.8,1000.8,200
ptbxl,RBBB,ptbxl,home,0.1,aps,none,8000,6937,0.026,208,0.9023,0.0102,0.9669,0.0108,0.9006,0.0103,0.9306,0.0123,0.89338,0.89338,0,0,1000.8,1000.8,200
ptbxl,RBBB,sph,away,0.1,aps,none,8000,7671,0.02738,219,0.8963,0.0104,0.8682,0.0126,0.8971,0.0105,0.9094,0.0115,0.89338,0.89338,0,0,1000.8,1000.8,200
ptbxl,RBBB,chapman_ningbo,away,0.1,aps,none,7983,7983,0.04121,329,0.8995,0.01,0.876,0.0112,0.9005,0.0102,0.9357,0.0126,0.89338,0.89338,0,0,1000.8,1000.8,200
ptbxl,RBBB,georgia,away,0.1,aps,none,4115,4115,0.052,214,0.8873,0.011,0.7733,0.0151,0.8936,0.0112,0.9367,0.0133,0.89338,0.89338,0,0,1000.8,1000.8,200
ptbxl,RBBB,cpsc,away,0.1,aps,none,4124,4124,0.18768,774,0.8551,0.01,0.6737,0.0067,0.897,0.0113,0.9665,0.0157,0.89338,0.89338,0,0,1000.8,1000.8,200
ptbxl,RBBB,ptbxl-calibration-holdout,calibration holdout,0.1,aps,mondrian,2000,1710,0.023,46,0.9018,0.0135,0.9158,0.0773,0.9015,0.0137,0.9253,0.0268,0.89483,0.84323,0,0,1000.8,1000.8,200
ptbxl,RBBB,ptbxl,home,0.1,aps,mondrian,8000,6937,0.026,208,0.9025,0.0102,0.9232,0.0532,0.902,0.0103,0.9303,0.0257,0.89483,0.84323,0,0,1000.8,1000.8,200
ptbxl,RBBB,sph,away,0.1,aps,mondrian,8000,7671,0.02738,219,0.8966,0.0102,0.8313,0.0478,0.8985,0.0103,0.9103,0.0133,0.89483,0.84323,0,0,1000.8,1000.8,200
ptbxl,RBBB,chapman_ningbo,away,0.1,aps,mondrian,7983,7983,0.04121,329,0.8991,0.01,0.8361,0.0539,0.9019,0.01,0.9353,0.0262,0.89483,0.84323,0,0,1000.8,1000.8,200
ptbxl,RBBB,georgia,away,0.1,aps,mondrian,4115,4115,0.052,214,0.8868,0.0111,0.7357,0.0531,0.8951,0.0111,0.9356,0.0205,0.89483,0.84323,0,0,1000.8,1000.8,200
ptbxl,RBBB,cpsc,away,0.1,aps,mondrian,4124,4124,0.18768,774,0.8507,0.0126,0.6441,0.0426,0.8984,0.0112,0.9622,0.0256,0.89483,0.84323,0,0,1000.8,1000.8,200
ptbxl,RBBB,ptbxl-calibration-holdout,calibration holdout,0.1,aps,weighted,2000,1710,0.023,46,0.9016,0.0135,0.9605,0.0359,0.9002,0.0137,0.9256,0.0153,0.89352,0.89346,0,0,1000.8,995.9,200
ptbxl,RBBB,ptbxl,home,0.1,aps,weighted,8000,6937,0.026,208,0.9023,0.0102,0.9671,0.0108,0.9005,0.0103,0.9306,0.0123,0.89333,0.89344,0,0,1000.8,999.3,200
ptbxl,RBBB,sph,away,0.1,aps,weighted,8000,7671,0.02738,219,0.8968,0.0103,0.8684,0.0126,0.8976,0.0104,0.9099,0.0114,0.89396,0.8936,0,0,1000.8,996.5,200
ptbxl,RBBB,chapman_ningbo,away,0.1,aps,weighted,7983,7983,0.04121,329,0.8989,0.0099,0.8759,0.0112,0.8998,0.0101,0.935,0.0124,0.89275,0.89317,0,0,1000.8,993.5,200
ptbxl,RBBB,georgia,away,0.1,aps,weighted,4115,4115,0.052,214,0.8859,0.0109,0.7729,0.015,0.8921,0.0111,0.9351,0.0131,0.89206,0.89299,0,0,1000.8,979.2,200
ptbxl,RBBB,cpsc,away,0.1,aps,weighted,4124,4124,0.18768,774,0.8486,0.0106,0.6724,0.007,0.8893,0.012,0.956,0.0164,0.88594,0.89049,0,0,1000.8,660.7,200
ptbxl,RBBB,ptbxl-calibration-holdout,calibration holdout,0.05,lac,none,2000,1710,0.023,46,0.9516,0.0107,0.3992,0.1441,0.9647,0.0077,0.9528,0.0111,0.10927,0.10927,0,0,1000.8,1000.8,200
ptbxl,RBBB,ptbxl,home,0.05,lac,none,8000,6937,0.026,208,0.9475,0.0059,0.3823,0.0883,0.9626,0.0038,0.9498,0.0065,0.10927,0.10927,0,0,1000.8,1000.8,200
ptbxl,RBBB,sph,away,0.05,lac,none,8000,7671,0.02738,219,0.9753,0.0025,0.2613,0.0672,0.9954,0.0007,0.9778,0.0025,0.10927,0.10927,0,0,1000.8,1000.8,200
ptbxl,RBBB,chapman_ningbo,away,0.05,lac,none,7983,7983,0.04121,329,0.9353,0.0049,0.2469,0.0461,0.9649,0.0031,0.9412,0.0052,0.10927,0.10927,0,0,1000.8,1000.8,200
ptbxl,RBBB,georgia,away,0.05,lac,none,4115,4115,0.052,214,0.9263,0.0046,0.2322,0.0447,0.9644,0.0024,0.9388,0.0053,0.10927,0.10927,0,0,1000.8,1000.8,200
ptbxl,RBBB,cpsc,away,0.05,lac,none,4124,4124,0.18768,774,0.8235,0.0125,0.2231,0.0551,0.9622,0.0027,0.8811,0.0132,0.10927,0.10927,0,0,1000.8,1000.8,200
ptbxl,RBBB,ptbxl-calibration-holdout,calibration holdout,0.05,lac,mondrian,2000,1710,0.023,46,0.9516,0.0107,0.9705,0.0472,0.9511,0.0107,1.105,0.3125,0.07791,0.74308,25,0,1000.8,1000.8,200
ptbxl,RBBB,ptbxl,home,0.05,lac,mondrian,8000,6937,0.026,208,0.9493,0.0057,0.974,0.0437,0.9486,0.0056,1.1045,0.3121,0.07791,0.74308,25,0,1000.8,1000.8,200
ptbxl,RBBB,sph,away,0.05,lac,mondrian,8000,7671,0.02738,219,0.9898,0.0027,0.8905,0.0759,0.9926,0.0014,1.1187,0.3219,0.07791,0.74308,25,0,1000.8,1000.8,200
ptbxl,RBBB,chapman_ningbo,away,0.05,lac,mondrian,7983,7983,0.04121,329,0.9481,0.0079,0.8996,0.0797,0.9502,0.0069,1.104,0.3089,0.07791,0.74308,25,0,1000.8,1000.8,200
ptbxl,RBBB,georgia,away,0.05,lac,mondrian,4115,4115,0.052,214,0.9487,0.007,0.8064,0.1115,0.9565,0.0033,1.1039,0.3082,0.07791,0.74308,25,0,1000.8,1000.8,200
ptbxl,RBBB,cpsc,away,0.05,lac,mondrian,4124,4124,0.18768,774,0.9091,0.0228,0.7251,0.1145,0.9516,0.0058,1.0917,0.2802,0.07791,0.74308,25,0,1000.8,1000.8,200
ptbxl,RBBB,ptbxl-calibration-holdout,calibration holdout,0.05,lac,weighted,2000,1710,0.023,46,0.9514,0.0083,0.3916,0.1438,0.9643,0.0065,0.9529,0.0088,0.10794,0.10775,0,0,1000.8,995.9,200
ptbxl,RBBB,ptbxl,home,0.05,lac,weighted,8000,6937,0.026,208,0.9491,0.0046,0.4066,0.072,0.9636,0.0028,0.9515,0.0051,0.11195,0.11223,0,0,1000.8,999.3,200
ptbxl,RBBB,sph,away,0.05,lac,weighted,8000,7671,0.02738,219,0.9728,0.0016,0.1948,0.0406,0.9947,0.0006,0.9753,0.0017,0.09678,0.09592,0,0,1000.8,996.5,200
ptbxl,RBBB,chapman_ningbo,away,0.05,lac,weighted,7983,7983,0.04121,329,0.9405,0.0032,0.3002,0.0364,0.968,0.0018,0.9468,0.0035,0.12346,0.12432,0,0,1000.8,993.5,200
ptbxl,RBBB,georgia,away,0.05,lac,weighted,4115,4115,0.052,214,0.934,0.0023,0.3077,0.0212,0.9683,0.0013,0.9477,0.0028,0.1315,0.13298,0,0,1000.8,979.2,200
ptbxl,RBBB,cpsc,away,0.05,lac,weighted,4124,4124,0.18768,774,0.8807,0.0116,0.4731,0.0491,0.9749,0.0032,0.9428,0.0133,0.18131,0.19544,0,0,1000.8,660.7,200
ptbxl,RBBB,ptbxl-calibration-holdout,calibration holdout,0.05,aps,none,2000,1710,0.023,46,0.9513,0.0097,0.9777,0.0261,0.9507,0.0099,0.9958,0.0146,0.94306,0.94306,0,0,1000.8,1000.8,200
ptbxl,RBBB,ptbxl,home,0.05,aps,none,8000,6937,0.026,208,0.9513,0.0073,0.9859,0.0065,0.9504,0.0075,1.0008,0.0124,0.94306,0.94306,0,0,1000.8,1000.8,200
ptbxl,RBBB,sph,away,0.05,aps,none,8000,7671,0.02738,219,0.9456,0.0078,0.8962,0.0101,0.9469,0.0078,0.9675,0.0097,0.94306,0.94306,0,0,1000.8,1000.8,200
ptbxl,RBBB,chapman_ningbo,away,0.05,aps,none,7983,7983,0.04121,329,0.9481,0.007,0.9073,0.0092,0.9498,0.0071,1.0076,0.0126,0.94306,0.94306,0,0,1000.8,1000.8,200
ptbxl,RBBB,georgia,away,0.05,aps,none,4115,4115,0.052,214,0.9378,0.008,0.8112,0.0121,0.9447,0.0082,1.0053,0.0121,0.94306,0.94306,0,0,1000.8,1000.8,200
ptbxl,RBBB,cpsc,away,0.05,aps,none,4124,4124,0.18768,774,0.9006,0.0076,0.6983,0.0061,0.9473,0.0084,1.0581,0.0165,0.94306,0.94306,0,0,1000.8,1000.8,200
ptbxl,RBBB,ptbxl-calibration-holdout,calibration holdout,0.05,aps,mondrian,2000,1710,0.023,46,0.9517,0.0096,0.968,0.0528,0.9513,0.0097,1.1496,0.3165,0.94369,0.92935,25,0,1000.8,1000.8,200
ptbxl,RBBB,ptbxl,home,0.05,aps,mondrian,8000,6937,0.026,208,0.9516,0.0072,0.9763,0.0329,0.951,0.0074,1.1553,0.3159,0.94369,0.92935,25,0,1000.8,1000.8,200
ptbxl,RBBB,sph,away,0.05,aps,mondrian,8000,7671,0.02738,219,0.9465,0.0076,0.908,0.0565,0.9476,0.0077,1.1074,0.3235,0.94369,0.92935,25,0,1000.8,1000.8,200
ptbxl,RBBB,chapman_ningbo,away,0.05,aps,mondrian,7983,7983,0.04121,329,0.949,0.007,0.9137,0.0552,0.9505,0.007,1.162,0.3118,0.94369,0.92935,25,0,1000.8,1000.8,200
ptbxl,RBBB,georgia,away,0.05,aps,mondrian,4115,4115,0.052,214,0.9396,0.0087,0.8357,0.0844,0.9453,0.008,1.1463,0.3084,0.94369,0.92935,25,0,1000.8,1000.8,200
ptbxl,RBBB,cpsc,away,0.05,aps,mondrian,4124,4124,0.18768,774,0.91,0.0218,0.7457,0.1113,0.948,0.0082,1.1909,0.281,0.94369,0.92935,25,0,1000.8,1000.8,200
ptbxl,RBBB,ptbxl-calibration-holdout,calibration holdout,0.05,aps,weighted,2000,1710,0.023,46,0.9514,0.0097,0.9777,0.0261,0.9508,0.0099,0.9959,0.0145,0.94318,0.94312,0,0,1000.8,995.9,200
ptbxl,RBBB,ptbxl,home,0.05,aps,weighted,8000,6937,0.026,208,0.9513,0.0073,0.9859,0.0065,0.9504,0.0075,1.0009,0.0124,0.9431,0.94313,0,0,1000.8,999.3,200
ptbxl,RBBB,sph,away,0.05,aps,weighted,8000,7671,0.02738,219,0.9458,0.0077,0.8962,0.0102,0.9472,0.0078,0.9678,0.0097,0.94333,0.94298,0,0,1000.8,996.5,200
ptbxl,RBBB,chapman_ningbo,away,0.05,aps,weighted,7983,7983,0.04121,329,0.948,0.007,0.9076,0.0091,0.9497,0.0071,1.0076,0.0126,0.94291,0.94334,0,0,1000.8,993.5,200
ptbxl,RBBB,georgia,away,0.05,aps,weighted,4115,4115,0.052,214,0.9373,0.0081,0.8114,0.0122,0.9442,0.0082,1.0049,0.0122,0.94264,0.94348,0,0,1000.8,979.2,200
ptbxl,RBBB,cpsc,away,0.05,aps,weighted,4124,4124,0.18768,774,0.8984,0.008,0.6995,0.0064,0.9444,0.0089,1.0544,0.0177,0.9401,0.94521,0,0,1000.8,660.7,200
ptbxl,IAVB,ptbxl-calibration-holdout,calibration holdout,0.2,lac,none,2000,1710,0.037,74,0.8001,0.0222,0.0,0.0,0.8304,0.0212,0.8015,0.0221,0.01436,0.01436,0,0,1000.8,1000.8,200
ptbxl,IAVB,ptbxl,home,0.2,lac,none,8000,6937,0.04813,385,0.7862,0.0124,0.0,0.0,0.8259,0.013,0.7876,0.0127,0.01436,0.01436,0,0,1000.8,1000.8,200
ptbxl,IAVB,sph,away,0.2,lac,none,8000,7671,0.00838,67,0.9271,0.0052,0.0,0.0,0.9349,0.0053,0.9272,0.0052,0.01436,0.01436,0,0,1000.8,1000.8,200
ptbxl,IAVB,chapman_ningbo,away,0.2,lac,none,7983,7983,0.02869,229,0.7622,0.016,0.0,0.0,0.7847,0.0165,0.7643,0.0162,0.01436,0.01436,0,0,1000.8,1000.8,200
ptbxl,IAVB,georgia,away,0.2,lac,none,4115,4115,0.07631,314,0.7626,0.0105,0.0,0.0,0.8256,0.0114,0.7655,0.0111,0.01436,0.01436,0,0,1000.8,1000.8,200
ptbxl,IAVB,cpsc,away,0.2,lac,none,4124,4124,0.08099,334,0.7509,0.014,0.0,0.0,0.8171,0.0152,0.7572,0.0147,0.01436,0.01436,0,0,1000.8,1000.8,200
ptbxl,IAVB,ptbxl-calibration-holdout,calibration holdout,0.2,lac,mondrian,2000,1710,0.037,74,0.8,0.0208,0.8063,0.0993,0.7996,0.0216,0.8708,0.0237,0.00994,0.91334,0,0,1000.8,1000.8,200
ptbxl,IAVB,ptbxl,home,0.2,lac,mondrian,8000,6937,0.04813,385,0.7993,0.01,0.8757,0.0399,0.7954,0.0104,0.8639,0.0185,0.00994,0.91334,0,0,1000.8,1000.8,200
ptbxl,IAVB,sph,away,0.2,lac,mondrian,8000,7671,0.00838,67,0.9233,0.0038,0.9326,0.0309,0.9233,0.0038,0.943,0.0064,0.00994,0.91334,0,0,1000.8,1000.8,200
ptbxl,IAVB,chapman_ningbo,away,0.2,lac,mondrian,7983,7983,0.02869,229,0.7493,0.0116,0.8058,0.0648,0.7477,0.0118,0.8102,0.0232,0.00994,0.91334,0,0,1000.8,1000.8,200
ptbxl,IAVB,georgia,away,0.2,lac,mondrian,4115,4115,0.07631,314,0.8039,0.0084,0.8711,0.0371,0.7984,0.0087,0.8713,0.0175,0.00994,0.91334,0,0,1000.8,1000.8,200
ptbxl,IAVB,cpsc,away,0.2,lac,mondrian,4124,4124,0.08099,334,0.7799,0.0127,0.7882,0.0552,0.7792,0.0132,0.8437,0.0228,0.00994,0.91334,0,0,1000.8,1000.8,200
ptbxl,IAVB,ptbxl-calibration-holdout,calibration holdout,0.2,lac,weighted,2000,1710,0.037,74,0.8018,0.0241,0.0,0.0,0.8323,0.0252,0.8033,0.0242,0.01529,0.01534,0,0,1000.8,985.1,200
ptbxl,IAVB,ptbxl,home,0.2,lac,weighted,8000,6937,0.04813,385,0.8044,0.0153,0.0,0.0,0.8451,0.0161,0.8064,0.0158,0.01843,0.01857,0,0,1000.8,984.1,200
ptbxl,IAVB,sph,away,0.2,lac,weighted,8000,7671,0.00838,67,0.9918,0.0253,0.905,0.294,0.9926,0.023,1.8968,0.3192,0.00949,0.00941,181,181,1000.8,966.6,200
ptbxl,IAVB,chapman_ningbo,away,0.2,lac,weighted,7983,7983,0.02869,229,0.7552,0.0707,0.075,0.2641,0.7753,0.0651,0.8318,0.3336,0.01084,0.01079,15,15,1000.8,980.1,200
ptbxl,IAVB,georgia,away,0.2,lac,weighted,4115,4115,0.07631,314,0.8407,0.0252,0.0131,0.0436,0.9091,0.0249,0.8493,0.0293,0.06476,0.06827,0,0,1000.8,829.0,200
ptbxl,IAVB,cpsc,away,0.2,lac,weighted,4124,4124,0.08099,334,0.7899,0.0195,0.0,0.0,0.8595,0.0213,0.798,0.0207,0.02475,0.02526,0,0,1000.8,953.0,200
ptbxl,IAVB,ptbxl-calibration-holdout,calibration holdout,0.2,aps,none,2000,1710,0.037,74,0.8004,0.0168,0.4649,0.0772,0.8131,0.0168,0.8439,0.0188,0.80362,0.80362,0,0,1000.8,1000.8,200
ptbxl,IAVB,ptbxl,home,0.2,aps,none,8000,6937,0.04813,385,0.8005,0.0137,0.544,0.0209,0.8135,0.0137,0.849,0.0153,0.80362,0.80362,0,0,1000.8,1000.8,200
ptbxl,IAVB,sph,away,0.2,aps,none,8000,7671,0.00838,67,0.8059,0.0136,0.5881,0.0447,0.8078,0.0135,0.8149,0.014,0.80362,0.80362,0,0,1000.8,1000.8,200
ptbxl,IAVB,chapman_ningbo,away,0.2,aps,none,7983,7983,0.02869,229,0.8037,0.0135,0.3987,0.0223,0.8156,0.0136,0.8351,0.0147,0.80362,0.80362,0,0,1000.8,1000.8,200
ptbxl,IAVB,georgia,away,0.2,aps,none,4115,4115,0.07631,314,0.7944,0.0135,0.5894,0.0175,0.8113,0.0138,0.8612,0.0158,0.80362,0.80362,0,0,1000.8,1000.8,200
ptbxl,IAVB,cpsc,away,0.2,aps,none,4124,4124,0.08099,334,0.7837,0.0145,0.4514,0.0199,0.813,0.0145,0.8558,0.0166,0.80362,0.80362,0,0,1000.8,1000.8,200
ptbxl,IAVB,ptbxl-calibration-holdout,calibration holdout,0.2,aps,mondrian,2000,1710,0.037,74,0.8005,0.0175,0.8024,0.1014,0.8003,0.0176,0.9072,0.0357,0.791,0.96993,0,0,1000.8,1000.8,200
ptbxl,IAVB,ptbxl,home,0.2,aps,mondrian,8000,6937,0.04813,385,0.803,0.014,0.8466,0.0472,0.8008,0.0143,0.9122,0.0325,0.791,0.96993,0,0,1000.8,1000.8,200
ptbxl,IAVB,sph,away,0.2,aps,mondrian,8000,7671,0.00838,67,0.7959,0.0144,0.8994,0.0529,0.795,0.0145,0.8273,0.0191,0.791,0.96993,0,0,1000.8,1000.8,200
ptbxl,IAVB,chapman_ningbo,away,0.2,aps,mondrian,7983,7983,0.02869,229,0.8021,0.0144,0.7734,0.0619,0.8029,0.0146,0.9076,0.0409,0.791,0.96993,0,0,1000.8,1000.8,200
ptbxl,IAVB,georgia,away,0.2,aps,mondrian,4115,4115,0.07631,314,0.8027,0.0144,0.8497,0.0434,0.7988,0.0149,0.9272,0.0327,0.791,0.96993,0,0,1000.8,1000.8,200
ptbxl,IAVB,cpsc,away,0.2,aps,mondrian,4124,4124,0.08099,334,0.7985,0.0158,0.7757,0.0589,0.8005,0.0158,0.9312,0.0365,0.791,0.96993,0,0,1000.8,1000.8,200
ptbxl,IAVB,ptbxl-calibration-holdout,calibration holdout,0.2,aps,weighted,2000,1710,0.037,74,0.8021,0.0196,0.4681,0.0817,0.8148,0.0193,0.8459,0.0234,0.80505,0.80505,0,0,1000.8,985.1,200
ptbxl,IAVB,ptbxl,home,0.2,aps,weighted,8000,6937,0.04813,385,0.8079,0.0149,0.5532,0.0218,0.8208,0.0148,0.8574,0.0168,0.81081,0.81121,0,0,1000.8,984.1,200
ptbxl,IAVB,sph,away,0.2,aps,weighted,8000,7671,0.00838,67,0.9804,0.0607,0.9594,0.1263,0.9806,0.0602,1.8863,0.352,0.79157,0.79059,181,181,1000.8,966.6,200
ptbxl,IAVB,chapman_ningbo,away,0.2,aps,weighted,7983,7983,0.02869,229,0.8107,0.0556,0.4349,0.1627,0.8218,0.0526,0.9141,0.3103,0.79543,0.79481,15,15,1000.8,980.1,200
ptbxl,IAVB,georgia,away,0.2,aps,weighted,4115,4115,0.07631,314,0.8221,0.0174,0.6201,0.0245,0.8388,0.0173,0.8952,0.0216,0.83149,0.83332,0,0,1000.8,829.0,200
ptbxl,IAVB,cpsc,away,0.2,aps,weighted,4124,4124,0.08099,334,0.7976,0.016,0.4666,0.0228,0.8268,0.0159,0.8722,0.0187,0.81716,0.81802,0,0,1000.8,953.0,200
ptbxl,IAVB,ptbxl-calibration-holdout,calibration holdout,0.1,lac,none,2000,1710,0.037,74,0.9003,0.0166,0.0049,0.0113,0.9343,0.0143,0.9082,0.0175,0.09785,0.09785,0,0,1000.8,1000.8,200
ptbxl,IAVB,ptbxl,home,0.1,lac,none,8000,6937,0.04813,385,0.8966,0.0101,0.0101,0.0143,0.9414,0.01,0.9032,0.0113,0.09785,0.09785,0,0,1000.8,1000.8,200
ptbxl,IAVB,sph,away,0.1,lac,none,8000,7671,0.00838,67,0.9749,0.0032,0.0155,0.0172,0.983,0.0031,0.9755,0.0033,0.09785,0.09785,0,0,1000.8,1000.8,200
ptbxl,IAVB,chapman_ningbo,away,0.1,lac,none,7983,7983,0.02869,229,0.9228,0.0113,0.0022,0.0026,0.9499,0.0116,0.9289,0.0124,0.09785,0.09785,0,0,1000.8,1000.8,200
ptbxl,IAVB,georgia,away,0.1,lac,none,4115,4115,0.07631,314,0.8657,0.0084,0.0118,0.0145,0.9362,0.0081,0.8774,0.0105,0.09785,0.09785,0,0,1000.8,1000.8,200
ptbxl,IAVB,cpsc,away,0.1,lac,none,4124,4124,0.08099,334,0.8688,0.0099,0.004,0.0052,0.945,0.0104,0.8878,0.0127,0.09785,0.09785,0,0,1000.8,1000.8,200
ptbxl,IAVB,ptbxl-calibration-holdout,calibration holdout,0.1,lac,mondrian,2000,1710,0.037,74,0.8994,0.0158,0.9095,0.068,0.8989,0.0161,1.0176,0.0347,0.04239,0.96451,0,0,1000.8,1000.8,200
ptbxl,IAVB,ptbxl,home,0.1,lac,mondrian,8000,6937,0.04813,385,0.9053,0.0076,0.932,0.0203,0.904,0.0079,1.0193,0.0363,0.04239,0.96451,0,0,1000.8,1000.8,200
ptbxl,IAVB,sph,away,0.1,lac,mondrian,8000,7671,0.00838,67,0.9691,0.0034,0.9784,0.0125,0.969,0.0034,1.0084,0.0159,0.04239,0.96451,0,0,1000.8,1000.8,200
ptbxl,IAVB,chapman_ningbo,away,0.1,lac,mondrian,7983,7983,0.02869,229,0.8924,0.0135,0.8865,0.0253,0.8925,0.0139,1.0272,0.0501,0.04239,0.96451,0,0,1000.8,1000.8,200
ptbxl,IAVB,georgia,away,0.1,lac,mondrian,4115,4115,0.07631,314,0.8992,0.0087,0.9251,0.0212,0.8971,0.0092,1.0177,0.034,0.04239,0.96451,0,0,1000.8,1000.8,200
ptbxl,IAVB,cpsc,away,0.1,lac,mondrian,4124,4124,0.08099,334,0.8983,0.008,0.8826,0.0307,0.8997,0.0083,1.0203,0.0411,0.04239,0.96451,0,0,1000.8,1000.8,200
ptbxl,IAVB,ptbxl-calibration-holdout,calibration holdout,0.1,lac,weighted,2000,1710,0.037,74,0.9021,0.0194,0.0163,0.0525,0.9357,0.0195,0.9103,0.0221,0.11092,0.11179,0,0,1000.8,985.1,200
ptbxl,IAVB,ptbxl,home,0.1,lac,weighted,8000,6937,0.04813,385,0.9162,0.0108,0.0603,0.0447,0.9595,0.0092,0.9264,0.0135,0.15675,0.15877,0,0,1000.8,984.1,200
ptbxl,IAVB,sph,away,0.1,lac,weighted,8000,7671,0.00838,67,0.9961,0.012,0.905,0.294,0.9969,0.0096,1.9012,0.3058,0.03958,0.03917,181,181,1000.8,966.6,200
ptbxl,IAVB,chapman_ningbo,away,0.1,lac,weighted,7983,7983,0.02869,229,0.8937,0.0331,0.075,0.2641,0.9178,0.0271,0.9724,0.2936,0.05269,0.05192,15,15,1000.8,980.1,200
ptbxl,IAVB,georgia,away,0.1,lac,weighted,4115,4115,0.07631,314,0.9395,0.0167,0.4183,0.1273,0.9825,0.0076,0.9843,0.0315,0.43181,0.44386,0,0,1000.8,829.0,200
ptbxl,IAVB,cpsc,away,0.1,lac,weighted,4124,4124,0.08099,334,0.9034,0.013,0.0965,0.0748,0.9745,0.0078,0.9365,0.0208,0.2326,0.23744,0,0,1000.8,953.0,200
ptbxl,IAVB,ptbxl-calibration-holdout,calibration holdout,0.1,aps,none,2000,1710,0.037,74,0.9006,0.0122,0.6062,0.0716,0.9117,0.012,0.9664,0.0158,0.90334,0.90334,0,0,1000.8,1000.8,200
ptbxl,IAVB,ptbxl,home,0.1,aps,none,8000,6937,0.04813,385,0.9011,0.0102,0.6873,0.0233,0.9119,0.0099,0.9708,0.0134,0.90334,0.90334,0,0,1000.8,1000.8,200
ptbxl,IAVB,sph,away,0.1,aps,none,8000,7671,0.00838,67,0.9056,0.0101,0.7504,0.043,0.9069,0.01,0.9206,0.011,0.90334,0.90334,0,0,1000.8,1000.8,200
ptbxl,IAVB,chapman_ningbo,away,0.1,aps,none,7983,7983,0.02869,229,0.9039,0.0098,0.562,0.0312,0.914,0.0094,0.9517,0.0125,0.90334,0.90334,0,0,1000.8,1000.8,200
ptbxl,IAVB,georgia,away,0.1,aps,none,4115,4115,0.07631,314,0.8947,0.0105,0.7111,0.0221,0.9099,0.0101,0.9898,0.0142,0.90334,0.90334,0,0,1000.8,1000.8,200
ptbxl,IAVB,cpsc,away,0.1,aps,none,4124,4124,0.08099,334,0.8859,0.0106,0.5851,0.0232,0.9124,0.0101,0.9823,0.0138,0.90334,0.90334,0,0,1000.8,1000.8,200
ptbxl,IAVB,ptbxl-calibration-holdout,calibration holdout,0.1,aps,mondrian,2000,1710,0.037,74,0.9015,0.0127,0.9128,0.0578,0.901,0.0131,1.0895,0.0617,0.89236,0.99084,0,0,1000.8,1000.8,200
ptbxl,IAVB,ptbxl,home,0.1,aps,mondrian,8000,6937,0.04813,385,0.9027,0.0103,0.9309,0.033,0.9013,0.0106,1.098,0.0588,0.89236,0.99084,0,0,1000.8,1000.8,200
ptbxl,IAVB,sph,away,0.1,aps,mondrian,8000,7671,0.00838,67,0.8966,0.0109,0.9607,0.0262,0.8961,0.011,0.9643,0.0297,0.89236,0.99084,0,0,1000.8,1000.8,200
ptbxl,IAVB,chapman_ningbo,away,0.1,aps,mondrian,7983,7983,0.02869,229,0.9028,0.0104,0.8847,0.0442,0.9034,0.0105,1.1162,0.0694,0.89236,0.99084,0,0,1000.8,1000.8,200
ptbxl,IAVB,georgia,away,0.1,aps,mondrian,4115,4115,0.07631,314,0.9011,0.0111,0.9282,0.0337,0.8989,0.0113,1.1106,0.0533,0.89236,0.99084,0,0,1000.8,1000.8,200
ptbxl,IAVB,cpsc,away,0.1,aps,mondrian,4124,4124,0.08099,334,0.9001,0.011,0.8836,0.044,0.9016,0.011,1.1302,0.0664,0.89236,0.99084,0,0,1000.8,1000.8,200
ptbxl,IAVB,ptbxl-calibration-holdout,calibration holdout,0.1,aps,weighted,2000,1710,0.037,74,0.9018,0.0144,0.6082,0.0802,0.9129,0.0138,0.9682,0.0209,0.90448,0.90454,0,0,1000.8,985.1,200
ptbxl,IAVB,ptbxl,home,0.1,aps,weighted,8000,6937,0.04813,385,0.9072,0.0112,0.6997,0.0263,0.9177,0.0108,0.9794,0.0153,0.9093,0.9099,0,0,1000.8,984.1,200
ptbxl,IAVB,sph,away,0.1,aps,weighted,8000,7671,0.00838,67,0.9904,0.0301,0.975,0.0787,0.9905,0.0297,1.8967,0.3196,0.89501,0.89407,181,181,1000.8,966.6,200
ptbxl,IAVB,chapman_ningbo,away,0.1,aps,weighted,7983,7983,0.02869,229,0.904,0.0292,0.5776,0.1241,0.9137,0.0265,1.0212,0.2797,0.89576,0.895,15,15,1000.8,980.1,200
ptbxl,IAVB,georgia,away,0.1,aps,weighted,4115,4115,0.07631,314,0.9185,0.0126,0.7531,0.0276,0.9322,0.0118,1.025,0.0195,0.92612,0.92794,0,0,1000.8,829.0,200
ptbxl,IAVB,cpsc,away,0.1,aps,weighted,4124,4124,0.08099,334,0.8982,0.0119,0.6103,0.0281,0.9236,0.011,0.9995,0.0166,0.91472,0.91572,0,0,1000.8,953.0,200
ptbxl,IAVB,ptbxl-calibration-holdout,calibration holdout,0.05,lac,none,2000,1710,0.037,74,0.9497,0.012,0.1615,0.0814,0.9798,0.0073,0.9707,0.0141,0.32105,0.32105,0,0,1000.8,1000.8,200
ptbxl,IAVB,ptbxl,home,0.05,lac,none,8000,6937,0.04813,385,0.945,0.0069,0.2256,0.0633,0.9814,0.004,0.9658,0.0107,0.32105,0.32105,0,0,1000.8,1000.8,200
ptbxl,IAVB,sph,away,0.05,lac,none,8000,7671,0.00838,67,0.9898,0.0015,0.2225,0.0594,0.9963,0.001,0.9933,0.0021,0.32105,0.32105,0,0,1000.8,1000.8,200
ptbxl,IAVB,chapman_ningbo,away,0.05,lac,none,7983,7983,0.02869,229,0.9644,0.0039,0.096,0.0406,0.99,0.0029,0.9811,0.0055,0.32105,0.32105,0,0,1000.8,1000.8,200
ptbxl,IAVB,georgia,away,0.05,lac,none,4115,4115,0.07631,314,0.9231,0.009,0.291,0.0618,0.9753,0.0047,0.9549,0.0139,0.32105,0.32105,0,0,1000.8,1000.8,200
ptbxl,IAVB,cpsc,away,0.05,lac,none,4124,4124,0.08099,334,0.9183,0.0073,0.1727,0.0472,0.984,0.0038,0.9599,0.0132,0.32105,0.32105,0,0,1000.8,1000.8,200
ptbxl,IAVB,ptbxl-calibration-holdout,calibration holdout,0.05,lac,mondrian,2000,1710,0.037,74,0.9505,0.0111,0.9628,0.0431,0.9499,0.0114,1.1884,0.0778,0.14211,0.98878,0,0,1000.8,1000.8,200
ptbxl,IAVB,ptbxl,home,0.05,lac,mondrian,8000,6937,0.04813,385,0.9585,0.0049,0.9741,0.0208,0.9577,0.005,1.1958,0.0787,0.14211,0.98878,0,0,1000.8,1000.8,200
ptbxl,IAVB,sph,away,0.05,lac,mondrian,8000,7671,0.00838,67,0.9882,0.0017,0.993,0.0076,0.9881,0.0017,1.0831,0.0369,0.14211,0.98878,0,0,1000.8,1000.8,200
ptbxl,IAVB,chapman_ningbo,away,0.05,lac,mondrian,7983,7983,0.02869,229,0.9667,0.0054,0.9474,0.0333,0.9673,0.0055,1.2502,0.0892,0.14211,0.98878,0,0,1000.8,1000.8,200
ptbxl,IAVB,georgia,away,0.05,lac,mondrian,4115,4115,0.07631,314,0.9514,0.0047,0.9708,0.0225,0.9498,0.0046,1.1805,0.0683,0.14211,0.98878,0,0,1000.8,1000.8,200
ptbxl,IAVB,cpsc,away,0.05,lac,mondrian,4124,4124,0.08099,334,0.9587,0.0051,0.9428,0.0295,0.9601,0.0047,1.2262,0.0901,0.14211,0.98878,0,0,1000.8,1000.8,200
ptbxl,IAVB,ptbxl-calibration-holdout,calibration holdout,0.05,lac,weighted,2000,1710,0.037,74,0.9513,0.0155,0.2022,0.176,0.9794,0.0106,0.9755,0.0269,0.35043,0.35172,0,0,1000.8,985.1,200
ptbxl,IAVB,ptbxl,home,0.05,lac,weighted,8000,6937,0.04813,385,0.9611,0.0098,0.3961,0.1187,0.9897,0.0044,0.9951,0.0197,0.47132,0.47587,0,0,1000.8,984.1,200
ptbxl,IAVB,sph,away,0.05,lac,weighted,8000,7671,0.00838,67,0.998,0.0062,0.9088,0.2822,0.9988,0.0039,1.9031,0.2998,0.13144,0.12853,181,181,1000.8,966.6,200
ptbxl,IAVB,chapman_ningbo,away,0.05,lac,weighted,7983,7983,0.02869,229,0.9527,0.0142,0.0907,0.2597,0.9782,0.0076,1.0379,0.2747,0.18199,0.1796,15,15,1000.8,980.1,200
ptbxl,IAVB,georgia,away,0.05,lac,weighted,4115,4115,0.07631,314,0.9737,0.0076,0.7033,0.0753,0.9961,0.0022,1.0635,0.0252,0.73011,0.74306,0,0,1000.8,829.0,200
ptbxl,IAVB,cpsc,away,0.05,lac,weighted,4124,4124,0.08099,334,0.9484,0.0117,0.4247,0.1124,0.9946,0.0029,1.0195,0.0241,0.58294,0.58998,0,0,1000.8,953.0,200
ptbxl,IAVB,ptbxl-calibration-holdout,calibration holdout,0.05,aps,none,2000,1710,0.037,74,0.9513,0.009,0.7319,0.0681,0.9596,0.0085,1.0421,0.0149,0.95272,0.95272,0,0,1000.8,1000.8,200
ptbxl,IAVB,ptbxl,home,0.05,aps,none,8000,6937,0.04813,385,0.9513,0.0068,0.7935,0.0223,0.9593,0.0063,1.0475,0.0119,0.95272,0.95272,0,0,1000.8,1000.8,200
ptbxl,IAVB,sph,away,0.05,aps,none,8000,7671,0.00838,67,0.9548,0.0067,0.8535,0.0375,0.9557,0.0066,0.9781,0.0085,0.95272,0.95272,0,0,1000.8,1000.8,200
ptbxl,IAVB,chapman_ningbo,away,0.05,aps,none,7983,7983,0.02869,229,0.9536,0.0065,0.7032,0.0308,0.961,0.006,1.0283,0.0127,0.95272,0.95272,0,0,1000.8,1000.8,200
ptbxl,IAVB,georgia,away,0.05,aps,none,4115,4115,0.07631,314,0.946,0.0071,0.8015,0.02,0.958,0.0066,1.0693,0.0129,0.95272,0.95272,0,0,1000.8,1000.8,200
ptbxl,IAVB,cpsc,away,0.05,aps,none,4124,4124,0.08099,334,0.9394,0.0075,0.708,0.0252,0.9598,0.0065,1.0639,0.013,0.95272,0.95272,0,0,1000.8,1000.8,200
ptbxl,IAVB,ptbxl-calibration-holdout,calibration holdout,0.05,aps,mondrian,2000,1710,0.037,74,0.9517,0.0095,0.9631,0.0409,0.9512,0.0099,1.282,0.1475,0.94398,0.99725,0,0,1000.8,1000.8,200
ptbxl,IAVB,ptbxl,home,0.05,aps,mondrian,8000,6937,0.04813,385,0.952,0.0073,0.9718,0.0202,0.951,0.0075,1.2918,0.1443,0.94398,0.99725,0,0,1000.8,1000.8,200
ptbxl,IAVB,sph,away,0.05,aps,mondrian,8000,7671,0.00838,67,0.9474,0.0077,0.9857,0.0177,0.9471,0.0078,1.1007,0.1226,0.94398,0.99725,0,0,1000.8,1000.8,200
ptbxl,IAVB,chapman_ningbo,away,0.05,aps,mondrian,7983,7983,0.02869,229,0.9528,0.0071,0.9474,0.0351,0.9529,0.0071,1.32,0.1445,0.94398,0.99725,0,0,1000.8,1000.8,200
ptbxl,IAVB,georgia,away,0.05,aps,mondrian,4115,4115,0.07631,314,0.9511,0.0076,0.9691,0.0205,0.9496,0.008,1.2924,0.1318,0.94398,0.99725,0,0,1000.8,1000.8,200
ptbxl,IAVB,cpsc,away,0.05,aps,mondrian,4124,4124,0.08099,334,0.9508,0.0076,0.9427,0.0329,0.9515,0.0076,1.3272,0.1306,0.94398,0.99725,0,0,1000.8,1000.8,200
ptbxl,IAVB,ptbxl-calibration-holdout,calibration holdout,0.05,aps,weighted,2000,1710,0.037,74,0.9515,0.0105,0.7321,0.0752,0.9598,0.0097,1.0432,0.0215,0.95316,0.95318,0,0,1000.8,985.1,200
ptbxl,IAVB,ptbxl,home,0.05,aps,weighted,8000,6937,0.04813,385,0.9554,0.0078,0.8057,0.0258,0.963,0.0072,1.0558,0.0151,0.95663,0.95715,0,0,1000.8,984.1,200
ptbxl,IAVB,sph,away,0.05,aps,weighted,8000,7671,0.00838,67,0.995,0.0156,0.9846,0.0494,0.9951,0.0153,1.9021,0.3031,0.94545,0.94441,181,181,1000.8,966.6,200
ptbxl,IAVB,chapman_ningbo,away,0.05,aps,weighted,7983,7983,0.02869,229,0.9517,0.0155,0.7064,0.0892,0.9589,0.0135,1.0905,0.26,0.94685,0.94623,15,15,1000.8,980.1,200
ptbxl,IAVB,georgia,away,0.05,aps,weighted,4115,4115,0.07631,314,0.9615,0.0086,0.8421,0.0265,0.9713,0.0075,1.1043,0.0224,0.96689,0.96861,0,0,1000.8,829.0,200
ptbxl,IAVB,cpsc,away,0.05,aps,weighted,4124,4124,0.08099,334,0.9482,0.0087,0.7375,0.0304,0.9667,0.0072,1.0818,0.0181,0.96019,0.96112,0,0,1000.8,953.0,200
sph,AF,sph-calibration-holdout,calibration holdout,0.2,lac,none,2000,1903,0.028,56,0.8009,0.0187,0.6762,0.0725,0.8045,0.0192,0.8238,0.0183,0.19449,0.19449,0,0,999.3,999.3,200
sph,AF,ptbxl,away,0.2,lac,none,8000,6937,0.06875,550,0.7083,0.0088,0.4033,0.0067,0.7308,0.0089,0.762,0.0109,0.19449,0.19449,0,0,999.3,999.3,200
sph,AF,sph,home,0.2,lac,none,8000,7671,0.027,216,0.8069,0.0078,0.7057,0.0074,0.8097,0.0078,0.8295,0.0087,0.19449,0.19449,0,0,999.3,999.3,200
sph,AF,chapman_ningbo,away,0.2,lac,none,7983,7983,0.04021,321,0.6097,0.0063,0.494,0.0104,0.6146,0.0061,0.804,0.0097,0.19449,0.19449,0,0,999.3,999.3,200
sph,AF,georgia,away,0.2,lac,none,4115,4115,0.05225,215,0.5892,0.0095,0.2928,0.0133,0.6056,0.0093,0.7138,0.0129,0.19449,0.19449,0,0,999.3,999.3,200
sph,AF,cpsc,away,0.2,lac,none,4124,4124,0.13312,549,0.6503,0.0088,0.6147,0.0069,0.6558,0.0091,0.7317,0.0114,0.19449,0.19449,0,0,999.3,999.3,200
sph,AF,sph-calibration-holdout,calibration holdout,0.2,lac,mondrian,2000,1903,0.028,56,0.8014,0.0192,0.8122,0.1125,0.8011,0.0198,0.8653,0.0328,0.19123,0.45032,0,0,999.3,999.3,200
sph,AF,ptbxl,away,0.2,lac,mondrian,8000,6937,0.06875,550,0.7168,0.0095,0.5699,0.0707,0.7276,0.0092,0.819,0.0357,0.19123,0.45032,0,0,999.3,999.3,200
sph,AF,sph,home,0.2,lac,mondrian,8000,7671,0.027,216,0.8082,0.0079,0.8548,0.0618,0.8069,0.0081,0.8693,0.025,0.19123,0.45032,0,0,999.3,999.3,200
sph,AF,chapman_ningbo,away,0.2,lac,mondrian,7983,7983,0.04021,321,0.6153,0.0067,0.6878,0.0776,0.6123,0.0065,0.8728,0.0324,0.19123,0.45032,0,0,999.3,999.3,200
sph,AF,georgia,away,0.2,lac,mondrian,4115,4115,0.05225,215,0.5968,0.01,0.4987,0.083,0.6022,0.0099,0.8057,0.0491,0.19123,0.45032,0,0,999.3,999.3,200
sph,AF,cpsc,away,0.2,lac,mondrian,4124,4124,0.13312,549,0.6675,0.0113,0.7656,0.0659,0.6524,0.0095,0.8171,0.0456,0.19123,0.45032,0,0,999.3,999.3,200
sph,AF,sph-calibration-holdout,calibration holdout,0.2,lac,weighted,2000,1903,0.028,56,0.8082,0.0406,0.6893,0.0925,0.8116,0.0402,0.8654,0.2173,0.19488,0.1949,7,7,999.3,990.6,200
sph,AF,ptbxl,away,0.2,lac,weighted,8000,6937,0.06875,550,0.7168,0.0121,0.4111,0.0105,0.7394,0.0123,0.7729,0.0149,0.20347,0.20553,0,0,999.3,901.4,200
sph,AF,sph,home,0.2,lac,weighted,8000,7671,0.027,216,0.8065,0.0072,0.7053,0.0069,0.8094,0.0073,0.8291,0.0081,0.19403,0.19389,0,0,999.3,995.8,200
sph,AF,chapman_ningbo,away,0.2,lac,weighted,7983,7983,0.04021,321,0.6383,0.0188,0.5608,0.0376,0.6416,0.018,0.8513,0.0294,0.24456,0.25872,0,0,999.3,311.3,200
sph,AF,georgia,away,0.2,lac,weighted,4115,4115,0.05225,215,0.6195,0.0211,0.3453,0.0287,0.6346,0.0207,0.7585,0.0306,0.23004,0.2392,0,0,999.3,457.2,200
sph,AF,cpsc,away,0.2,lac,weighted,4124,4124,0.13312,549,0.6828,0.0228,0.6506,0.0207,0.6878,0.0232,0.7781,0.0321,0.23472,0.24505,0,0,999.3,403.4,200
sph,AF,sph-calibration-holdout,calibration holdout,0.2,aps,none,2000,1903,0.028,56,0.7999,0.0173,0.7665,0.0737,0.8009,0.0173,0.9014,0.0196,0.77519,0.77519,0,0,999.3,999.3,200
sph,AF,ptbxl,away,0.2,aps,none,8000,6937,0.06875,550,0.7752,0.0117,0.591,0.0167,0.7888,0.0118,0.9319,0.0175,0.77519,0.77519,0,0,999.3,999.3,200
sph,AF,sph,home,0.2,aps,none,8000,7671,0.027,216,0.7994,0.0124,0.7942,0.0274,0.7995,0.0124,0.8944,0.0164,0.77519,0.77519,0,0,999.3,999.3,200
sph,AF,chapman_ningbo,away,0.2,aps,none,7983,7983,0.04021,321,0.6375,0.0109,0.6958,0.0211,0.6351,0.0109,0.9076,0.017,0.77519,0.77519,0,0,999.3,999.3,200
sph,AF,georgia,away,0.2,aps,none,4115,4115,0.05225,215,0.6988,0.0125,0.5523,0.0215,0.7069,0.0126,0.9616,0.0189,0.77519,0.77519,0,0,999.3,999.3,200
sph,AF,cpsc,away,0.2,aps,none,4124,4124,0.13312,549,0.7406,0.0126,0.7287,0.0179,0.7424,0.0128,0.9498,0.0189,0.77519,0.77519,0,0,999.3,999.3,200
sph,AF,sph-calibration-holdout,calibration holdout,0.2,aps,mondrian,2000,1903,0.028,56,0.8005,0.0172,0.8206,0.1001,0.7999,0.0172,0.9478,0.0612,0.77418,0.83365,0,0,999.3,999.3,200
sph,AF,ptbxl,away,0.2,aps,mondrian,8000,6937,0.06875,550,0.7792,0.0127,0.6631,0.0836,0.7878,0.0118,0.9884,0.0699,0.77418,0.83365,0,0,999.3,999.3,200
sph,AF,sph,home,0.2,aps,mondrian,8000,7671,0.027,216,0.8,0.0123,0.8516,0.0761,0.7985,0.0124,0.939,0.0578,0.77418,0.83365,0,0,999.3,999.3,200
sph,AF,chapman_ningbo,away,0.2,aps,mondrian,7983,7983,0.04021,321,0.6392,0.0111,0.7594,0.0784,0.6342,0.0108,0.9539,0.0581,0.77418,0.83365,0,0,999.3,999.3,200
sph,AF,georgia,away,0.2,aps,mondrian,4115,4115,0.05225,215,0.7016,0.0131,0.6224,0.0844,0.7059,0.0125,1.0207,0.073,0.77418,0.83365,0,0,999.3,999.3,200
sph,AF,cpsc,away,0.2,aps,mondrian,4124,4124,0.13312,549,0.7479,0.0156,0.7902,0.0762,0.7414,0.0128,1.0066,0.071,0.77418,0.83365,0,0,999.3,999.3,200
sph,AF,sph-calibration-holdout,calibration holdout,0.2,aps,weighted,2000,1903,0.028,56,0.8069,0.0406,0.7748,0.0847,0.8078,0.0404,0.94,0.2033,0.77518,0.77521,7,7,999.3,990.6,200
sph,AF,ptbxl,away,0.2,aps,weighted,8000,6937,0.06875,550,0.7773,0.0127,0.5944,0.0173,0.7908,0.0128,0.9357,0.0192,0.77731,0.77867,0,0,999.3,901.4,200
sph,AF,sph,home,0.2,aps,weighted,8000,7671,0.027,216,0.7993,0.0123,0.794,0.0274,0.7995,0.0124,0.8942,0.0162,0.77512,0.775,0,0,999.3,995.8,200
sph,AF,chapman_ningbo,away,0.2,aps,weighted,7983,7983,0.04021,321,0.6457,0.0202,0.7125,0.0273,0.6429,0.0202,0.9251,0.0327,0.78415,0.79201,0,0,999.3,311.3,200
sph,AF,georgia,away,0.2,aps,weighted,4115,4115,0.05225,215,0.7051,0.0186,0.5643,0.0255,0.7128,0.0186,0.9753,0.0301,0.78153,0.78708,0,0,999.3,457.2,200
sph,AF,cpsc,away,0.2,aps,weighted,4124,4124,0.13312,549,0.7483,0.02,0.7415,0.0229,0.7494,0.0203,0.9651,0.0318,0.78235,0.78864,0,0,999.3,403.4,200
sph,AF,sph-calibration-holdout,calibration holdout,0.1,lac,none,2000,1903,0.028,56,0.9011,0.0127,0.7934,0.0654,0.9042,0.0127,0.9499,0.0134,0.39883,0.39883,0,0,999.3,999.3,200
sph,AF,ptbxl,away,0.1,lac,none,8000,6937,0.06875,550,0.8439,0.0071,0.5418,0.0093,0.8662,0.007,0.9405,0.0109,0.39883,0.39883,0,0,999.3,999.3,200
sph,AF,sph,home,0.1,lac,none,8000,7671,0.027,216,0.9067,0.0049,0.8343,0.0138,0.9087,0.0047,0.9583,0.0075,0.39883,0.39883,0,0,999.3,999.3,200
sph,AF,chapman_ningbo,away,0.1,lac,none,7983,7983,0.04021,321,0.6982,0.0047,0.6621,0.0082,0.6997,0.0045,0.9492,0.0088,0.39883,0.39883,0,0,999.3,999.3,200
sph,AF,georgia,away,0.1,lac,none,4115,4115,0.05225,215,0.7217,0.0081,0.4871,0.0089,0.7346,0.0081,0.9179,0.0145,0.39883,0.39883,0,0,999.3,999.3,200
sph,AF,cpsc,away,0.1,lac,none,4124,4124,0.13312,549,0.7823,0.0089,0.7331,0.0113,0.7898,0.0086,0.9243,0.0145,0.39883,0.39883,0,0,999.3,999.3,200
sph,AF,sph-calibration-holdout,calibration holdout,0.1,lac,mondrian,2000,1903,0.028,56,0.9012,0.0135,0.9091,0.0832,0.9009,0.0138,1.1107,0.112,0.38993,0.75191,0,0,999.3,999.3,200
sph,AF,ptbxl,away,0.1,lac,mondrian,8000,6937,0.06875,550,0.8559,0.0103,0.7652,0.1099,0.8626,0.0081,1.1311,0.1286,0.38993,0.75191,0,0,999.3,999.3,200
sph,AF,sph,home,0.1,lac,mondrian,8000,7671,0.027,216,0.9078,0.0051,0.9573,0.0432,0.9064,0.0052,1.1053,0.1091,0.38993,0.75191,0,0,999.3,999.3,200
sph,AF,chapman_ningbo,away,0.1,lac,mondrian,7983,7983,0.04021,321,0.7039,0.0059,0.8607,0.0849,0.6974,0.0054,1.0825,0.0851,0.38993,0.75191,0,0,999.3,999.3,200
sph,AF,georgia,away,0.1,lac,mondrian,4115,4115,0.05225,215,0.7305,0.0106,0.7282,0.1278,0.7307,0.0093,1.1253,0.127,0.38993,0.75191,0,0,999.3,999.3,200
sph,AF,cpsc,away,0.1,lac,mondrian,4124,4124,0.13312,549,0.8006,0.0116,0.8992,0.0638,0.7855,0.0101,1.1166,0.1175,0.38993,0.75191,0,0,999.3,999.3,200
sph,AF,sph-calibration-holdout,calibration holdout,0.1,lac,weighted,2000,1903,0.028,56,0.9044,0.0213,0.8008,0.0752,0.9074,0.0208,0.9868,0.1938,0.39952,0.39977,7,7,999.3,990.6,200
sph,AF,ptbxl,away,0.1,lac,weighted,8000,6937,0.06875,550,0.8513,0.0079,0.5565,0.0139,0.8731,0.0075,0.9533,0.013,0.41808,0.42397,0,0,999.3,901.4,200
sph,AF,sph,home,0.1,lac,weighted,8000,7671,0.027,216,0.9063,0.0044,0.8331,0.012,0.9084,0.0042,0.9578,0.0067,0.39768,0.39721,0,0,999.3,995.8,200
sph,AF,chapman_ningbo,away,0.1,lac,weighted,7983,7983,0.04021,321,0.7194,0.0143,0.7252,0.0388,0.7192,0.0133,0.9952,0.0303,0.47742,0.50489,0,0,999.3,311.3,200
sph,AF,georgia,away,0.1,lac,weighted,4115,4115,0.05225,215,0.7482,0.0177,0.5151,0.0275,0.761,0.0173,0.9749,0.0366,0.46061,0.4774,0,0,999.3,457.2,200
sph,AF,cpsc,away,0.1,lac,weighted,4124,4124,0.13312,549,0.8127,0.0182,0.7907,0.0292,0.8161,0.0167,0.9825,0.0368,0.46557,0.48534,0,0,999.3,403.4,200
sph,AF,sph-calibration-holdout,calibration holdout,0.1,aps,none,2000,1903,0.028,56,0.9011,0.0137,0.8571,0.0558,0.9024,0.0138,1.0684,0.0237,0.87846,0.87846,0,0,999.3,999.3,200
sph,AF,ptbxl,away,0.1,aps,none,8000,6937,0.06875,550,0.8744,0.01,0.71,0.0189,0.8865,0.0097,1.1137,0.0228,0.87846,0.87846,0,0,999.3,999.3,200
sph,AF,sph,home,0.1,aps,none,8000,7671,0.027,216,0.9003,0.0096,0.8941,0.022,0.9004,0.0095,1.0587,0.0199,0.87846,0.87846,0,0,999.3,999.3,200
sph,AF,chapman_ningbo,away,0.1,aps,none,7983,7983,0.04021,321,0.7335,0.0106,0.8048,0.0188,0.7306,0.0106,1.0756,0.0206,0.87846,0.87846,0,0,999.3,999.3,200
sph,AF,georgia,away,0.1,aps,none,4115,4115,0.05225,215,0.8008,0.0114,0.6668,0.0229,0.8082,0.0112,1.1541,0.024,0.87846,0.87846,0,0,999.3,999.3,200
sph,AF,cpsc,away,0.1,aps,none,4124,4124,0.13312,549,0.843,0.0112,0.8342,0.0165,0.8444,0.0111,1.1368,0.0231,0.87846,0.87846,0,0,999.3,999.3,200
sph,AF,sph-calibration-holdout,calibration holdout,0.1,aps,mondrian,2000,1903,0.028,56,0.9018,0.0141,0.9165,0.0735,0.9014,0.0143,1.2063,0.1149,0.87739,0.93539,0,0,999.3,999.3,200
sph,AF,ptbxl,away,0.1,aps,mondrian,8000,6937,0.06875,550,0.8807,0.0105,0.8154,0.0747,0.8855,0.0101,1.2625,0.1177,0.87739,0.93539,0,0,999.3,999.3,200
sph,AF,sph,home,0.1,aps,mondrian,8000,7671,0.027,216,0.9008,0.0096,0.9495,0.042,0.8995,0.0098,1.196,0.112,0.87739,0.93539,0,0,999.3,999.3,200
sph,AF,chapman_ningbo,away,0.1,aps,mondrian,7983,7983,0.04021,321,0.7358,0.0107,0.8865,0.059,0.7294,0.0109,1.1853,0.0902,0.87739,0.93539,0,0,999.3,999.3,200
sph,AF,georgia,away,0.1,aps,mondrian,4115,4115,0.05225,215,0.8058,0.0116,0.7835,0.0832,0.807,0.0114,1.2949,0.1078,0.87739,0.93539,0,0,999.3,999.3,200
sph,AF,cpsc,away,0.1,aps,mondrian,4124,4124,0.13312,549,0.852,0.0122,0.9091,0.0521,0.8432,0.0115,1.2704,0.1033,0.87739,0.93539,0,0,999.3,999.3,200
sph,AF,sph-calibration-holdout,calibration holdout,0.1,aps,weighted,2000,1903,0.028,56,0.9047,0.0225,0.8627,0.0604,0.906,0.0224,1.1016,0.1731,0.8786,0.8787,7,7,999.3,990.6,200
sph,AF,ptbxl,away,0.1,aps,weighted,8000,6937,0.06875,550,0.8772,0.0102,0.7169,0.0185,0.8891,0.0099,1.1226,0.0239,0.88125,0.88317,0,0,999.3,901.4,200
sph,AF,sph,home,0.1,aps,weighted,8000,7671,0.027,216,0.9002,0.0095,0.8937,0.0219,0.9004,0.0094,1.0583,0.0198,0.87836,0.8782,0,0,999.3,995.8,200
sph,AF,chapman_ningbo,away,0.1,aps,weighted,7983,7983,0.04021,321,0.746,0.0191,0.83,0.0267,0.7425,0.019,1.112,0.0419,0.8897,0.89895,0,0,999.3,311.3,200
sph,AF,georgia,away,0.1,aps,weighted,4115,4115,0.05225,215,0.8103,0.016,0.6881,0.0278,0.817,0.0157,1.1861,0.0384,0.88717,0.89353,0,0,999.3,457.2,200
sph,AF,cpsc,away,0.1,aps,weighted,4124,4124,0.13312,549,0.8542,0.0168,0.8543,0.022,0.8542,0.0165,1.1711,0.0403,0.88805,0.89517,0,0,999.3,403.4,200
sph,AF,sph-calibration-holdout,calibration holdout,0.05,lac,none,2000,1903,0.028,56,0.951,0.01,0.8727,0.0527,0.9532,0.0099,1.0507,0.0143,0.60407,0.60407,0,0,999.3,999.3,200
sph,AF,ptbxl,away,0.05,lac,none,8000,6937,0.06875,550,0.9039,0.0048,0.6531,0.0117,0.9225,0.0043,1.0614,0.0142,0.60407,0.60407,0,0,999.3,999.3,200
sph,AF,sph,home,0.05,lac,none,8000,7671,0.027,216,0.9489,0.0034,0.9252,0.0083,0.9495,0.0033,1.043,0.0099,0.60407,0.60407,0,0,999.3,999.3,200
sph,AF,chapman_ningbo,away,0.05,lac,none,7983,7983,0.04021,321,0.7497,0.0054,0.7873,0.0154,0.7482,0.005,1.0525,0.0117,0.60407,0.60407,0,0,999.3,999.3,200
sph,AF,georgia,away,0.05,lac,none,4115,4115,0.05225,215,0.8046,0.0084,0.5977,0.0151,0.816,0.008,1.0843,0.0191,0.60407,0.60407,0,0,999.3,999.3,200
sph,AF,cpsc,away,0.05,lac,none,4124,4124,0.13312,549,0.8587,0.0073,0.8515,0.0083,0.8598,0.0072,1.0782,0.0189,0.60407,0.60407,0,0,999.3,999.3,200
sph,AF,sph-calibration-holdout,calibration holdout,0.05,lac,mondrian,2000,1903,0.028,56,0.9515,0.0099,0.9633,0.0491,0.9512,0.0099,1.3319,0.0933,0.5949,0.90499,0,0,999.3,999.3,200
sph,AF,ptbxl,away,0.05,lac,mondrian,8000,6937,0.06875,550,0.9189,0.006,0.894,0.0629,0.9208,0.0039,1.3815,0.0997,0.5949,0.90499,0,0,999.3,999.3,200
sph,AF,sph,home,0.05,lac,mondrian,8000,7671,0.027,216,0.9495,0.0028,0.9939,0.0172,0.9482,0.0028,1.3209,0.0937,0.5949,0.90499,0,0,999.3,999.3,200
sph,AF,chapman_ningbo,away,0.05,lac,mondrian,7983,7983,0.04021,321,0.7545,0.0047,0.9534,0.0433,0.7462,0.0043,1.2609,0.0672,0.5949,0.90499,0,0,999.3,999.3,200
sph,AF,georgia,away,0.05,lac,mondrian,4115,4115,0.05225,215,0.8166,0.0083,0.8833,0.0763,0.813,0.0073,1.3896,0.0946,0.5949,0.90499,0,0,999.3,999.3,200
sph,AF,cpsc,away,0.05,lac,mondrian,4124,4124,0.13312,549,0.8715,0.0072,0.9658,0.0316,0.8571,0.0063,1.3609,0.0875,0.5949,0.90499,0,0,999.3,999.3,200
sph,AF,sph-calibration-holdout,calibration holdout,0.05,lac,weighted,2000,1903,0.028,56,0.9526,0.0126,0.8779,0.0566,0.9548,0.0122,1.0841,0.1753,0.60369,0.6037,7,7,999.3,990.6,200
sph,AF,ptbxl,away,0.05,lac,weighted,8000,6937,0.06875,550,0.909,0.0064,0.6711,0.0185,0.9265,0.0056,1.0812,0.0219,0.62707,0.63742,0,0,999.3,901.4,200
sph,AF,sph,home,0.05,lac,weighted,8000,7671,0.027,216,0.9486,0.003,0.9243,0.0073,0.9493,0.0029,1.0421,0.0083,0.60249,0.60158,0,0,999.3,995.8,200
sph,AF,chapman_ningbo,away,0.05,lac,weighted,7983,7983,0.04021,321,0.7743,0.0212,0.8613,0.0393,0.7707,0.0207,1.1348,0.0628,0.6904,0.74391,0,0,999.3,311.3,200
sph,AF,georgia,away,0.05,lac,weighted,4115,4115,0.05225,215,0.8305,0.0212,0.6797,0.0518,0.8388,0.0197,1.171,0.0683,0.66926,0.70814,0,0,999.3,457.2,200
sph,AF,cpsc,away,0.05,lac,weighted,4124,4124,0.13312,549,0.8826,0.0194,0.8854,0.0239,0.8822,0.019,1.1703,0.0712,0.67619,0.72039,0,0,999.3,403.4,200
sph,AF,sph-calibration-holdout,calibration holdout,0.05,aps,none,2000,1903,0.028,56,0.9508,0.009,0.9155,0.0446,0.9518,0.009,1.2135,0.0276,0.93469,0.93469,0,0,999.3,999.3,200
sph,AF,ptbxl,away,0.05,aps,none,8000,6937,0.06875,550,0.9274,0.0074,0.8009,0.0176,0.9368,0.0069,1.2745,0.0291,0.93469,0.93469,0,0,999.3,999.3,200
sph,AF,sph,home,0.05,aps,none,8000,7671,0.027,216,0.95,0.0067,0.9517,0.0146,0.95,0.0067,1.2046,0.0268,0.93469,0.93469,0,0,999.3,999.3,200
sph,AF,chapman_ningbo,away,0.05,aps,none,7983,7983,0.04021,321,0.7972,0.0098,0.88,0.0161,0.7938,0.0098,1.2192,0.0253,0.93469,0.93469,0,0,999.3,999.3,200
sph,AF,georgia,away,0.05,aps,none,4115,4115,0.05225,215,0.8635,0.0098,0.7664,0.0254,0.8689,0.0094,1.3241,0.0296,0.93469,0.93469,0,0,999.3,999.3,200
sph,AF,cpsc,away,0.05,aps,none,4124,4124,0.13312,549,0.903,0.0092,0.9048,0.0139,0.9027,0.0091,1.2998,0.0288,0.93469,0.93469,0,0,999.3,999.3,200
sph,AF,sph-calibration-holdout,calibration holdout,0.05,aps,mondrian,2000,1903,0.028,56,0.9514,0.009,0.9676,0.0447,0.951,0.0092,1.482,0.1867,0.93347,0.97557,0,0,999.3,999.3,200
sph,AF,ptbxl,away,0.05,aps,mondrian,8000,6937,0.06875,550,0.9342,0.0079,0.9134,0.0602,0.9357,0.0071,1.5354,0.17,0.93347,0.97557,0,0,999.3,999.3,200
sph,AF,sph,home,0.05,aps,mondrian,8000,7671,0.027,216,0.9499,0.0068,0.9835,0.0218,0.9489,0.0069,1.4724,0.1867,0.93347,0.97557,0,0,999.3,999.3,200
sph,AF,chapman_ningbo,away,0.05,aps,mondrian,7983,7983,0.04021,321,0.7987,0.0098,0.9517,0.0389,0.7923,0.0101,1.4282,0.1476,0.93347,0.97557,0,0,999.3,999.3,200
sph,AF,georgia,away,0.05,aps,mondrian,4115,4115,0.05225,215,0.869,0.0098,0.897,0.0714,0.8674,0.0096,1.5467,0.1413,0.93347,0.97557,0,0,999.3,999.3,200
sph,AF,cpsc,away,0.05,aps,mondrian,4124,4124,0.13312,549,0.9096,0.0092,0.9627,0.032,0.9014,0.0093,1.5176,0.1413,0.93347,0.97557,0,0,999.3,999.3,200
sph,AF,sph-calibration-holdout,calibration holdout,0.05,aps,weighted,2000,1903,0.028,56,0.9525,0.0126,0.9181,0.0468,0.9534,0.0124,1.2412,0.1473,0.93468,0.93475,7,7,999.3,990.6,200
sph,AF,ptbxl,away,0.05,aps,weighted,8000,6937,0.06875,550,0.9301,0.0074,0.8098,0.0174,0.939,0.007,1.2906,0.0309,0.93717,0.9391,0,0,999.3,901.4,200
sph,AF,sph,home,0.05,aps,weighted,8000,7671,0.027,216,0.95,0.0066,0.9513,0.0146,0.95,0.0066,1.2036,0.0262,0.93465,0.93435,0,0,999.3,995.8,200
sph,AF,chapman_ningbo,away,0.05,aps,weighted,7983,7983,0.04021,321,0.8105,0.0174,0.9101,0.0223,0.8064,0.0175,1.2827,0.057,0.94361,0.95263,0,0,999.3,311.3,200
sph,AF,georgia,away,0.05,aps,weighted,4115,4115,0.05225,215,0.8735,0.0136,0.8014,0.0305,0.8775,0.0131,1.3789,0.0501,0.94142,0.94867,0,0,999.3,457.2,200
sph,AF,cpsc,away,0.05,aps,weighted,4124,4124,0.13312,549,0.913,0.0129,0.9264,0.0173,0.9109,0.0127,1.3583,0.054,0.94206,0.95005,0,0,999.3,403.4,200
sph,LBBB,sph-calibration-holdout,calibration holdout,0.2,lac,none,2000,1903,0.006,12,0.801,0.0169,0.0,0.0,0.8058,0.0169,0.801,0.0169,0.00117,0.00117,0,0,999.3,999.3,200
sph,LBBB,ptbxl,away,0.2,lac,none,8000,6937,0.027,216,0.4696,0.0108,0.0,0.0,0.4826,0.0111,0.4697,0.0109,0.00117,0.00117,0,0,999.3,999.3,200
sph,LBBB,sph,home,0.2,lac,none,8000,7671,0.00287,23,0.804,0.0082,0.0,0.0,0.8063,0.0082,0.804,0.0082,0.00117,0.00117,0,0,999.3,999.3,200
sph,LBBB,chapman_ningbo,away,0.2,lac,none,7983,7983,0.01015,81,0.5342,0.0102,0.0,0.0,0.5397,0.0103,0.5352,0.0103,0.00117,0.00117,0,0,999.3,999.3,200
sph,LBBB,georgia,away,0.2,lac,none,4115,4115,0.02187,90,0.4441,0.0099,0.0,0.0,0.454,0.0101,0.4443,0.0099,0.00117,0.00117,0,0,999.3,999.3,200
sph,LBBB,cpsc,away,0.2,lac,none,4124,4124,0.0274,113,0.5699,0.0086,0.0,0.0,0.5859,0.0088,0.5711,0.0086,0.00117,0.00117,0,0,999.3,999.3,200
sph,LBBB,sph-calibration-holdout,calibration holdout,0.2,lac,mondrian,2000,1903,0.006,12,0.8016,0.0171,0.8822,0.1616,0.8011,0.0172,0.8758,0.2439,0.00115,0.98858,13,0,999.3,999.3,200
sph,LBBB,ptbxl,away,0.2,lac,mondrian,8000,6937,0.027,216,0.489,0.0099,0.9268,0.0632,0.4768,0.0101,0.6262,0.2242,0.00115,0.98858,13,0,999.3,999.3,200
sph,LBBB,sph,home,0.2,lac,mondrian,8000,7671,0.00287,23,0.8026,0.0073,0.943,0.0869,0.8022,0.0073,0.8777,0.244,0.00115,0.98858,13,0,999.3,999.3,200
sph,LBBB,chapman_ningbo,away,0.2,lac,mondrian,7983,7983,0.01015,81,0.5375,0.0087,0.8213,0.0599,0.5346,0.0088,0.6598,0.2316,0.00115,0.98858,13,0,999.3,999.3,200
sph,LBBB,georgia,away,0.2,lac,mondrian,4115,4115,0.02187,90,0.4566,0.009,0.8018,0.1123,0.4489,0.0089,0.5931,0.2271,0.00115,0.98858,13,0,999.3,999.3,200
sph,LBBB,cpsc,away,0.2,lac,mondrian,4124,4124,0.0274,113,0.5872,0.0077,0.7878,0.0901,0.5816,0.0076,0.7144,0.2278,0.00115,0.98858,13,0,999.3,999.3,200
sph,LBBB,sph-calibration-holdout,calibration holdout,0.2,lac,weighted,2000,1903,0.006,12,1.0,0.0,1.0,0.0,1.0,0.0,2.0,0.0,inf,inf,200,200,999.3,0.0,200
sph,LBBB,ptbxl,away,0.2,lac,weighted,8000,6937,0.027,216,1.0,0.0,1.0,0.0,1.0,0.0,2.0,0.0,inf,inf,200,200,999.3,0.0,200
sph,LBBB,sph,home,0.2,lac,weighted,8000,7671,0.00287,23,1.0,0.0,1.0,0.0,1.0,0.0,2.0,0.0,inf,inf,200,200,999.3,0.0,200
sph,LBBB,chapman_ningbo,away,0.2,lac,weighted,7983,7983,0.01015,81,1.0,0.0,1.0,0.0,1.0,0.0,2.0,0.0,inf,inf,200,200,999.3,0.0,200
sph,LBBB,georgia,away,0.2,lac,weighted,4115,4115,0.02187,90,1.0,0.0,1.0,0.0,1.0,0.0,2.0,0.0,inf,inf,200,200,999.3,0.0,200
sph,LBBB,cpsc,away,0.2,lac,weighted,4124,4124,0.0274,113,1.0,0.0,1.0,0.0,1.0,0.0,2.0,0.0,inf,inf,200,200,999.3,0.0,200
sph,LBBB,sph-calibration-holdout,calibration holdout,0.2,aps,none,2000,1903,0.006,12,0.8004,0.0171,0.0979,0.1111,0.8046,0.0172,0.8057,0.0173,0.80501,0.80501,0,0,999.3,999.3,200
sph,LBBB,ptbxl,away,0.2,aps,none,8000,6937,0.027,216,0.793,0.0127,0.2239,0.0192,0.8087,0.0128,0.817,0.0131,0.80501,0.80501,0,0,999.3,999.3,200
sph,LBBB,sph,home,0.2,aps,none,8000,7671,0.00287,23,0.8041,0.0128,0.1561,0.0552,0.806,0.0129,0.8068,0.0129,0.80501,0.80501,0,0,999.3,999.3,200
sph,LBBB,chapman_ningbo,away,0.2,aps,none,7983,7983,0.01015,81,0.8019,0.0128,0.2555,0.0239,0.8075,0.0128,0.8116,0.013,0.80501,0.80501,0,0,999.3,999.3,200
sph,LBBB,georgia,away,0.2,aps,none,4115,4115,0.02187,90,0.7928,0.0126,0.1172,0.0198,0.8079,0.0128,0.8126,0.013,0.80501,0.80501,0,0,999.3,999.3,200
sph,LBBB,cpsc,away,0.2,aps,none,4124,4124,0.0274,113,0.788,0.0143,0.1414,0.0168,0.8063,0.0145,0.8139,0.0146,0.80501,0.80501,0,0,999.3,999.3,200
sph,LBBB,sph-calibration-holdout,calibration holdout,0.2,aps,mondrian,2000,1903,0.006,12,0.8011,0.0172,0.8662,0.1847,0.8007,0.0171,0.9382,0.2615,0.80084,0.99596,13,0,999.3,999.3,200
sph,LBBB,ptbxl,away,0.2,aps,mondrian,8000,6937,0.027,216,0.8074,0.0126,0.9091,0.0798,0.8046,0.0127,1.0741,0.2655,0.80084,0.99596,13,0,999.3,999.3,200
sph,LBBB,sph,home,0.2,aps,mondrian,8000,7671,0.00287,23,0.802,0.0129,0.9096,0.1007,0.8017,0.013,0.937,0.2612,0.80084,0.99596,13,0,999.3,999.3,200
sph,LBBB,chapman_ningbo,away,0.2,aps,mondrian,7983,7983,0.01015,81,0.8034,0.0129,0.8144,0.089,0.8033,0.0129,1.033,0.2641,0.80084,0.99596,13,0,999.3,999.3,200
sph,LBBB,georgia,away,0.2,aps,mondrian,4115,4115,0.02187,90,0.8039,0.0132,0.8085,0.1348,0.8038,0.013,1.0736,0.2703,0.80084,0.99596,13,0,999.3,999.3,200
sph,LBBB,cpsc,away,0.2,aps,mondrian,4124,4124,0.0274,113,0.8021,0.0144,0.8001,0.1192,0.8022,0.0143,1.0398,0.2556,0.80084,0.99596,13,0,999.3,999.3,200
sph,LBBB,sph-calibration-holdout,calibration holdout,0.2,aps,weighted,2000,1903,0.006,12,1.0,0.0,1.0,0.0,1.0,0.0,2.0,0.0,inf,inf,200,200,999.3,0.0,200
sph,LBBB,ptbxl,away,0.2,aps,weighted,8000,6937,0.027,216,1.0,0.0,1.0,0.0,1.0,0.0,2.0,0.0,inf,inf,200,200,999.3,0.0,200
sph,LBBB,sph,home,0.2,aps,weighted,8000,7671,0.00287,23,1.0,0.0,1.0,0.0,1.0,0.0,2.0,0.0,inf,inf,200,200,999.3,0.0,200
sph,LBBB,chapman_ningbo,away,0.2,aps,weighted,7983,7983,0.01015,81,1.0,0.0,1.0,0.0,1.0,0.0,2.0,0.0,inf,inf,200,200,999.3,0.0,200
sph,LBBB,georgia,away,0.2,aps,weighted,4115,4115,0.02187,90,1.0,0.0,1.0,0.0,1.0,0.0,2.0,0.0,inf,inf,200,200,999.3,0.0,200
sph,LBBB,cpsc,away,0.2,aps,weighted,4124,4124,0.0274,113,1.0,0.0,1.0,0.0,1.0,0.0,2.0,0.0,inf,inf,200,200,999.3,0.0,200
sph,LBBB,sph-calibration-holdout,calibration holdout,0.1,lac,none,2000,1903,0.006,12,0.9003,0.0133,0.0,0.0,0.9057,0.0133,0.9003,0.0133,0.00202,0.00202,0,0,999.3,999.3,200
sph,LBBB,ptbxl,away,0.1,lac,none,8000,6937,0.027,216,0.6304,0.012,0.0,0.0,0.6479,0.0124,0.6306,0.012,0.00202,0.00202,0,0,999.3,999.3,200
sph,LBBB,sph,home,0.1,lac,none,8000,7671,0.00287,23,0.9044,0.0058,0.0,0.0,0.907,0.0058,0.9044,0.0058,0.00202,0.00202,0,0,999.3,999.3,200
sph,LBBB,chapman_ningbo,away,0.1,lac,none,7983,7983,0.01015,81,0.6801,0.0112,0.0,0.0,0.6871,0.0113,0.6813,0.0112,0.00202,0.00202,0,0,999.3,999.3,200
sph,LBBB,georgia,away,0.1,lac,none,4115,4115,0.02187,90,0.6032,0.0113,0.0,0.0,0.6167,0.0116,0.6037,0.0113,0.00202,0.00202,0,0,999.3,999.3,200
sph,LBBB,cpsc,away,0.1,lac,none,4124,4124,0.0274,113,0.6828,0.0091,0.0,0.0,0.7021,0.0093,0.6846,0.0091,0.00202,0.00202,0,0,999.3,999.3,200
sph,LBBB,sph-calibration-holdout,calibration holdout,0.1,lac,mondrian,2000,1903,0.006,12,0.9009,0.0138,0.9958,0.0424,0.9003,0.0139,1.8408,0.225,0.00195,0.99319,189,0,999.3,999.3,200
sph,LBBB,ptbxl,away,0.1,lac,mondrian,8000,6937,0.027,216,0.6479,0.0117,0.9978,0.0099,0.6382,0.012,1.5729,0.2003,0.00195,0.99319,189,0,999.3,999.3,200
sph,LBBB,sph,home,0.1,lac,mondrian,8000,7671,0.00287,23,0.9026,0.0061,0.9996,0.0043,0.9023,0.0061,1.8457,0.2247,0.00195,0.99319,189,0,999.3,999.3,200
sph,LBBB,chapman_ningbo,away,0.1,lac,mondrian,7983,7983,0.01015,81,0.6814,0.011,0.9905,0.0395,0.6782,0.0111,1.6222,0.2094,0.00195,0.99319,189,0,999.3,999.3,200
sph,LBBB,georgia,away,0.1,lac,mondrian,4115,4115,0.02187,90,0.6162,0.0109,0.9919,0.0344,0.6078,0.0111,1.5466,0.2016,0.00195,0.99319,189,0,999.3,999.3,200
sph,LBBB,cpsc,away,0.1,lac,mondrian,4124,4124,0.0274,113,0.7027,0.0094,0.9899,0.042,0.6946,0.0096,1.6283,0.2038,0.00195,0.99319,189,0,999.3,999.3,200
sph,LBBB,sph-calibration-holdout,calibration holdout,0.1,lac,weighted,2000,1903,0.006,12,1.0,0.0,1.0,0.0,1.0,0.0,2.0,0.0,inf,inf,200,200,999.3,0.0,200
sph,LBBB,ptbxl,away,0.1,lac,weighted,8000,6937,0.027,216,1.0,0.0,1.0,0.0,1.0,0.0,2.0,0.0,inf,inf,200,200,999.3,0.0,200
sph,LBBB,sph,home,0.1,lac,weighted,8000,7671,0.00287,23,1.0,0.0,1.0,0.0,1.0,0.0,2.0,0.0,inf,inf,200,200,999.3,0.0,200
sph,LBBB,chapman_ningbo,away,0.1,lac,weighted,7983,7983,0.01015,81,1.0,0.0,1.0,0.0,1.0,0.0,2.0,0.0,inf,inf,200,200,999.3,0.0,200
sph,LBBB,georgia,away,0.1,lac,weighted,4115,4115,0.02187,90,1.0,0.0,1.0,0.0,1.0,0.0,2.0,0.0,inf,inf,200,200,999.3,0.0,200
sph,LBBB,cpsc,away,0.1,lac,weighted,4124,4124,0.0274,113,1.0,0.0,1.0,0.0,1.0,0.0,2.0,0.0,inf,inf,200,200,999.3,0.0,200
sph,LBBB,sph-calibration-holdout,calibration holdout,0.1,aps,none,2000,1903,0.006,12,0.9004,0.0142,0.1696,0.1394,0.9048,0.0141,0.9061,0.0141,0.90469,0.90469,0,0,999.3,999.3,200
sph,LBBB,ptbxl,away,0.1,aps,none,8000,6937,0.027,216,0.8931,0.0103,0.3589,0.0284,0.908,0.0101,0.9221,0.011,0.90469,0.90469,0,0,999.3,999.3,200
sph,LBBB,sph,home,0.1,aps,none,8000,7671,0.00287,23,0.9038,0.0103,0.2704,0.0603,0.9056,0.0103,0.907,0.0104,0.90469,0.90469,0,0,999.3,999.3,200
sph,LBBB,chapman_ningbo,away,0.1,aps,none,7983,7983,0.01015,81,0.9011,0.0105,0.3399,0.0291,0.9069,0.0105,0.9145,0.0112,0.90469,0.90469,0,0,999.3,999.3,200
sph,LBBB,georgia,away,0.1,aps,none,4115,4115,0.02187,90,0.8919,0.0103,0.2056,0.0288,0.9073,0.0102,0.9152,0.0108,0.90469,0.90469,0,0,999.3,999.3,200
sph,LBBB,cpsc,away,0.1,aps,none,4124,4124,0.0274,113,0.8885,0.0108,0.2404,0.0282,0.9068,0.0107,0.9182,0.0113,0.90469,0.90469,0,0,999.3,999.3,200
sph,LBBB,sph-calibration-holdout,calibration holdout,0.1,aps,mondrian,2000,1903,0.006,12,0.9013,0.0143,0.9983,0.0236,0.9007,0.0143,1.8509,0.208,0.90064,0.99792,189,0,999.3,999.3,200
sph,LBBB,ptbxl,away,0.1,aps,mondrian,8000,6937,0.027,216,0.9064,0.0098,0.9969,0.0158,0.9039,0.0101,1.8644,0.1698,0.90064,0.99792,189,0,999.3,999.3,200
sph,LBBB,sph,home,0.1,aps,mondrian,8000,7671,0.00287,23,0.9018,0.0106,0.997,0.0172,0.9016,0.0106,1.8516,0.2093,0.90064,0.99792,189,0,999.3,999.3,200
sph,LBBB,chapman_ningbo,away,0.1,aps,mondrian,7983,7983,0.01015,81,0.9037,0.0106,0.991,0.04,0.9028,0.0107,1.8597,0.18,0.90064,0.99792,189,0,999.3,999.3,200
sph,LBBB,georgia,away,0.1,aps,mondrian,4115,4115,0.02187,90,0.9052,0.0104,0.9916,0.0396,0.9033,0.0106,1.8643,0.1693,0.90064,0.99792,189,0,999.3,999.3,200
sph,LBBB,cpsc,away,0.1,aps,mondrian,4124,4124,0.0274,113,0.9051,0.0106,0.9914,0.0396,0.9027,0.0107,1.8612,0.1785,0.90064,0.99792,189,0,999.3,999.3,200
sph,LBBB,sph-calibration-holdout,calibration holdout,0.1,aps,weighted,2000,1903,0.006,12,1.0,0.0,1.0,0.0,1.0,0.0,2.0,0.0,inf,inf,200,200,999.3,0.0,200
sph,LBBB,ptbxl,away,0.1,aps,weighted,8000,6937,0.027,216,1.0,0.0,1.0,0.0,1.0,0.0,2.0,0.0,inf,inf,200,200,999.3,0.0,200
sph,LBBB,sph,home,0.1,aps,weighted,8000,7671,0.00287,23,1.0,0.0,1.0,0.0,1.0,0.0,2.0,0.0,inf,inf,200,200,999.3,0.0,200
sph,LBBB,chapman_ningbo,away,0.1,aps,weighted,7983,7983,0.01015,81,1.0,0.0,1.0,0.0,1.0,0.0,2.0,0.0,inf,inf,200,200,999.3,0.0,200
sph,LBBB,georgia,away,0.1,aps,weighted,4115,4115,0.02187,90,1.0,0.0,1.0,0.0,1.0,0.0,2.0,0.0,inf,inf,200,200,999.3,0.0,200
sph,LBBB,cpsc,away,0.1,aps,weighted,4124,4124,0.0274,113,1.0,0.0,1.0,0.0,1.0,0.0,2.0,0.0,inf,inf,200,200,999.3,0.0,200
sph,LBBB,sph-calibration-holdout,calibration holdout,0.05,lac,none,2000,1903,0.006,12,0.9504,0.0091,0.0,0.0,0.9561,0.0088,0.9504,0.0091,0.00327,0.00327,0,0,999.3,999.3,200
sph,LBBB,ptbxl,away,0.05,lac,none,8000,6937,0.027,216,0.7525,0.0117,0.0,0.0,0.7734,0.012,0.753,0.0117,0.00327,0.00327,0,0,999.3,999.3,200
sph,LBBB,sph,home,0.05,lac,none,8000,7671,0.00287,23,0.9534,0.0036,0.0,0.0,0.9561,0.0036,0.9534,0.0036,0.00327,0.00327,0,0,999.3,999.3,200
sph,LBBB,chapman_ningbo,away,0.05,lac,none,7983,7983,0.01015,81,0.8024,0.0131,0.0,0.0,0.8106,0.0132,0.804,0.0131,0.00327,0.00327,0,0,999.3,999.3,200
sph,LBBB,georgia,away,0.05,lac,none,4115,4115,0.02187,90,0.731,0.0141,0.0,0.0,0.7473,0.0144,0.7325,0.0142,0.00327,0.00327,0,0,999.3,999.3,200
sph,LBBB,cpsc,away,0.05,lac,none,4124,4124,0.0274,113,0.7755,0.01,0.0,0.0,0.7973,0.0103,0.7782,0.0101,0.00327,0.00327,0,0,999.3,999.3,200
sph,LBBB,sph-calibration-holdout,calibration holdout,0.05,lac,mondrian,2000,1903,0.006,12,0.9508,0.0094,1.0,0.0,0.9505,0.0094,1.9448,0.0094,0.00307,inf,200,0,999.3,999.3,200
sph,LBBB,ptbxl,away,0.05,lac,mondrian,8000,6937,0.027,216,0.7662,0.0107,1.0,0.0,0.7597,0.011,1.7393,0.0107,0.00307,inf,200,0,999.3,999.3,200
sph,LBBB,sph,home,0.05,lac,mondrian,8000,7671,0.00287,23,0.952,0.0035,1.0,0.0,0.9519,0.0035,1.9492,0.0035,0.00307,inf,200,0,999.3,999.3,200
sph,LBBB,chapman_ningbo,away,0.05,lac,mondrian,7983,7983,0.01015,81,0.7975,0.0126,1.0,0.0,0.7954,0.0127,1.7888,0.0127,0.00307,inf,200,0,999.3,999.3,200
sph,LBBB,georgia,away,0.05,lac,mondrian,4115,4115,0.02187,90,0.7373,0.0119,1.0,0.0,0.7314,0.0121,1.7168,0.0121,0.00307,inf,200,0,999.3,999.3,200
sph,LBBB,cpsc,away,0.05,lac,mondrian,4124,4124,0.0274,113,0.7917,0.009,1.0,0.0,0.7858,0.0093,1.7669,0.009,0.00307,inf,200,0,999.3,999.3,200
sph,LBBB,sph-calibration-holdout,calibration holdout,0.05,lac,weighted,2000,1903,0.006,12,1.0,0.0,1.0,0.0,1.0,0.0,2.0,0.0,inf,inf,200,200,999.3,0.0,200
sph,LBBB,ptbxl,away,0.05,lac,weighted,8000,6937,0.027,216,1.0,0.0,1.0,0.0,1.0,0.0,2.0,0.0,inf,inf,200,200,999.3,0.0,200
sph,LBBB,sph,home,0.05,lac,weighted,8000,7671,0.00287,23,1.0,0.0,1.0,0.0,1.0,0.0,2.0,0.0,inf,inf,200,200,999.3,0.0,200
sph,LBBB,chapman_ningbo,away,0.05,lac,weighted,7983,7983,0.01015,81,1.0,0.0,1.0,0.0,1.0,0.0,2.0,0.0,inf,inf,200,200,999.3,0.0,200
sph,LBBB,georgia,away,0.05,lac,weighted,4115,4115,0.02187,90,1.0,0.0,1.0,0.0,1.0,0.0,2.0,0.0,inf,inf,200,200,999.3,0.0,200
sph,LBBB,cpsc,away,0.05,lac,weighted,4124,4124,0.0274,113,1.0,0.0,1.0,0.0,1.0,0.0,2.0,0.0,inf,inf,200,200,999.3,0.0,200
sph,LBBB,sph-calibration-holdout,calibration holdout,0.05,aps,none,2000,1903,0.006,12,0.9502,0.0104,0.2688,0.1692,0.9543,0.0101,0.9564,0.0103,0.95357,0.95357,0,0,999.3,999.3,200
sph,LBBB,ptbxl,away,0.05,aps,none,8000,6937,0.027,216,0.9439,0.0077,0.5007,0.0366,0.9562,0.0071,0.9788,0.0089,0.95357,0.95357,0,0,999.3,999.3,200
sph,LBBB,sph,home,0.05,aps,none,8000,7671,0.00287,23,0.953,0.0072,0.412,0.0777,0.9546,0.0071,0.9565,0.0073,0.95357,0.95357,0,0,999.3,999.3,200
sph,LBBB,chapman_ningbo,away,0.05,aps,none,7983,7983,0.01015,81,0.9503,0.0073,0.441,0.0376,0.9555,0.0071,0.9681,0.0084,0.95357,0.95357,0,0,999.3,999.3,200
sph,LBBB,georgia,away,0.05,aps,none,4115,4115,0.02187,90,0.9419,0.0076,0.3244,0.0368,0.9557,0.0072,0.9695,0.0086,0.95357,0.95357,0,0,999.3,999.3,200
sph,LBBB,cpsc,away,0.05,aps,none,4124,4124,0.0274,113,0.9397,0.008,0.3735,0.0378,0.9556,0.0075,0.9724,0.0087,0.95357,0.95357,0,0,999.3,999.3,200
sph,LBBB,sph-calibration-holdout,calibration holdout,0.05,aps,mondrian,2000,1903,0.006,12,0.9503,0.0107,1.0,0.0,0.95,0.0107,1.9502,0.0107,0.9496,inf,200,0,999.3,999.3,200
sph,LBBB,ptbxl,away,0.05,aps,mondrian,8000,6937,0.027,216,0.9536,0.0072,1.0,0.0,0.9523,0.0074,1.9527,0.0074,0.9496,inf,200,0,999.3,999.3,200
sph,LBBB,sph,home,0.05,aps,mondrian,8000,7671,0.00287,23,0.9507,0.0076,1.0,0.0,0.9506,0.0076,1.9507,0.0076,0.9496,inf,200,0,999.3,999.3,200
sph,LBBB,chapman_ningbo,away,0.05,aps,mondrian,7983,7983,0.01015,81,0.9519,0.0075,1.0,0.0,0.9515,0.0076,1.9512,0.0076,0.9496,inf,200,0,999.3,999.3,200
sph,LBBB,georgia,away,0.05,aps,mondrian,4115,4115,0.02187,90,0.953,0.0076,1.0,0.0,0.9519,0.0078,1.9523,0.0077,0.9496,inf,200,0,999.3,999.3,200
sph,LBBB,cpsc,away,0.05,aps,mondrian,4124,4124,0.0274,113,0.953,0.0078,1.0,0.0,0.9517,0.008,1.9522,0.0079,0.9496,inf,200,0,999.3,999.3,200
sph,LBBB,sph-calibration-holdout,calibration holdout,0.05,aps,weighted,2000,1903,0.006,12,1.0,0.0,1.0,0.0,1.0,0.0,2.0,0.0,inf,inf,200,200,999.3,0.0,200
sph,LBBB,ptbxl,away,0.05,aps,weighted,8000,6937,0.027,216,1.0,0.0,1.0,0.0,1.0,0.0,2.0,0.0,inf,inf,200,200,999.3,0.0,200
sph,LBBB,sph,home,0.05,aps,weighted,8000,7671,0.00287,23,1.0,0.0,1.0,0.0,1.0,0.0,2.0,0.0,inf,inf,200,200,999.3,0.0,200
sph,LBBB,chapman_ningbo,away,0.05,aps,weighted,7983,7983,0.01015,81,1.0,0.0,1.0,0.0,1.0,0.0,2.0,0.0,inf,inf,200,200,999.3,0.0,200
sph,LBBB,georgia,away,0.05,aps,weighted,4115,4115,0.02187,90,1.0,0.0,1.0,0.0,1.0,0.0,2.0,0.0,inf,inf,200,200,999.3,0.0,200
sph,LBBB,cpsc,away,0.05,aps,weighted,4124,4124,0.0274,113,1.0,0.0,1.0,0.0,1.0,0.0,2.0,0.0,inf,inf,200,200,999.3,0.0,200
sph,RBBB,sph-calibration-holdout,calibration holdout,0.2,lac,none,2000,1903,0.0265,53,0.8006,0.0177,0.0,0.0,0.8224,0.017,0.802,0.0175,0.01217,0.01217,0,0,999.3,999.3,200
sph,RBBB,ptbxl,away,0.2,lac,none,8000,6937,0.026,208,0.5203,0.0134,0.0,0.0,0.5342,0.0138,0.5207,0.0135,0.01217,0.01217,0,0,999.3,999.3,200
sph,RBBB,sph,home,0.2,lac,none,8000,7671,0.02738,219,0.8177,0.0102,0.0,0.0,0.8407,0.0105,0.819,0.0102,0.01217,0.01217,0,0,999.3,999.3,200
sph,RBBB,chapman_ningbo,away,0.2,lac,none,7983,7983,0.04121,329,0.5879,0.012,0.0036,0.0011,0.6131,0.0125,0.5918,0.012,0.01217,0.01217,0,0,999.3,999.3,200
sph,RBBB,georgia,away,0.2,lac,none,4115,4115,0.052,214,0.457,0.01,0.0,0.0,0.482,0.0106,0.4627,0.0103,0.01217,0.01217,0,0,999.3,999.3,200
sph,RBBB,cpsc,away,0.2,lac,none,4124,4124,0.18768,774,0.5869,0.0097,0.0012,0.0003,0.7222,0.0119,0.6281,0.01,0.01217,0.01217,0,0,999.3,999.3,200
sph,RBBB,sph-calibration-holdout,calibration holdout,0.2,lac,mondrian,2000,1903,0.0265,53,0.8003,0.0168,0.8107,0.1183,0.8001,0.017,0.8096,0.0191,0.01044,0.60457,0,0,999.3,999.3,200
sph,RBBB,ptbxl,away,0.2,lac,mondrian,8000,6937,0.026,208,0.512,0.011,0.8803,0.0477,0.5021,0.0113,0.5724,0.0445,0.01044,0.60457,0,0,999.3,999.3,200
sph,RBBB,sph,home,0.2,lac,mondrian,8000,7671,0.02738,219,0.8162,0.0095,0.8381,0.0353,0.8155,0.0097,0.8228,0.0125,0.01044,0.60457,0,0,999.3,999.3,200
sph,RBBB,chapman_ningbo,away,0.2,lac,mondrian,7983,7983,0.04121,329,0.5908,0.0105,0.7639,0.044,0.5834,0.0108,0.6231,0.0321,0.01044,0.60457,0,0,999.3,999.3,200
sph,RBBB,georgia,away,0.2,lac,mondrian,4115,4115,0.052,214,0.4709,0.0096,0.7419,0.0512,0.4561,0.0098,0.5487,0.0605,0.01044,0.60457,0,0,999.3,999.3,200
sph,RBBB,cpsc,away,0.2,lac,mondrian,4124,4124,0.18768,774,0.6796,0.011,0.6153,0.0407,0.6945,0.0095,0.7512,0.0268,0.01044,0.60457,0,0,999.3,999.3,200
sph,RBBB,sph-calibration-holdout,calibration holdout,0.2,lac,weighted,2000,1903,0.0265,53,0.8012,0.0159,0.0,0.0,0.8231,0.0166,0.8027,0.0158,0.01222,0.01222,0,0,999.3,995.4,200
sph,RBBB,ptbxl,away,0.2,lac,weighted,8000,6937,0.026,208,0.5685,0.0117,0.0,0.0,0.5837,0.012,0.569,0.0117,0.01547,0.01563,0,0,999.3,921.8,200
sph,RBBB,sph,home,0.2,lac,weighted,8000,7671,0.02738,219,0.8173,0.0094,0.0,0.0,0.8403,0.0096,0.8187,0.0094,0.01214,0.01214,0,0,999.3,998.3,200
sph,RBBB,chapman_ningbo,away,0.2,lac,weighted,7983,7983,0.04121,329,0.6146,0.0088,0.009,0.0032,0.6406,0.0091,0.6185,0.0088,0.01404,0.01412,0,0,999.3,969.7,200
sph,RBBB,georgia,away,0.2,lac,weighted,4115,4115,0.052,214,0.5213,0.0148,0.0086,0.0028,0.5494,0.0154,0.5276,0.0148,0.01795,0.01828,0,0,999.3,840.5,200
sph,RBBB,cpsc,away,0.2,lac,weighted,4124,4124,0.18768,774,0.7066,0.0225,0.0883,0.0364,0.8494,0.02,0.7571,0.0242,0.03384,0.03567,0,0,999.3,571.3,200
sph,RBBB,sph-calibration-holdout,calibration holdout,0.2,aps,none,2000,1903,0.0265,53,0.8009,0.0167,0.7573,0.0716,0.8021,0.0168,0.814,0.0175,0.79786,0.79786,0,0,999.3,999.3,200
sph,RBBB,ptbxl,away,0.2,aps,none,8000,6937,0.026,208,0.8012,0.0126,0.8038,0.0239,0.8012,0.0127,0.8554,0.0143,0.79786,0.79786,0,0,999.3,999.3,200
sph,RBBB,sph,home,0.2,aps,none,8000,7671,0.02738,219,0.802,0.0121,0.7572,0.0223,0.8033,0.0122,0.8113,0.0125,0.79786,0.79786,0,0,999.3,999.3,200
sph,RBBB,chapman_ningbo,away,0.2,aps,none,7983,7983,0.04121,329,0.8032,0.0121,0.691,0.0171,0.808,0.0122,0.8365,0.0132,0.79786,0.79786,0,0,999.3,999.3,200
sph,RBBB,georgia,away,0.2,aps,none,4115,4115,0.052,214,0.7988,0.0118,0.6729,0.0194,0.8058,0.012,0.8724,0.0148,0.79786,0.79786,0,0,999.3,999.3,200
sph,RBBB,cpsc,away,0.2,aps,none,4124,4124,0.18768,774,0.7474,0.013,0.5436,0.0127,0.7945,0.0141,0.8446,0.0151,0.79786,0.79786,0,0,999.3,999.3,200
sph,RBBB,sph-calibration-holdout,calibration holdout,0.2,aps,mondrian,2000,1903,0.0265,53,0.801,0.0168,0.8116,0.1107,0.8008,0.0171,0.8232,0.0265,0.79661,0.8728,0,0,999.3,999.3,200
sph,RBBB,ptbxl,away,0.2,aps,mondrian,8000,6937,0.026,208,0.8018,0.0125,0.8727,0.0778,0.7999,0.0129,0.8957,0.0613,0.79661,0.8728,0,0,999.3,999.3,200
sph,RBBB,sph,home,0.2,aps,mondrian,8000,7671,0.02738,219,0.8025,0.0122,0.8179,0.0728,0.802,0.0126,0.8191,0.0216,0.79661,0.8728,0,0,999.3,999.3,200
sph,RBBB,chapman_ningbo,away,0.2,aps,mondrian,7983,7983,0.04121,329,0.8047,0.0121,0.7561,0.0751,0.8067,0.0124,0.8653,0.0507,0.79661,0.8728,0,0,999.3,999.3,200
sph,RBBB,georgia,away,0.2,aps,mondrian,4115,4115,0.052,214,0.8011,0.0121,0.7397,0.0777,0.8045,0.0125,0.9273,0.0737,0.79661,0.8728,0,0,999.3,999.3,200
sph,RBBB,cpsc,away,0.2,aps,mondrian,4124,4124,0.18768,774,0.7583,0.017,0.6072,0.0695,0.7932,0.0143,0.8729,0.0406,0.79661,0.8728,0,0,999.3,999.3,200
sph,RBBB,sph-calibration-holdout,calibration holdout,0.2,aps,weighted,2000,1903,0.0265,53,0.8011,0.0168,0.7575,0.0715,0.8023,0.0168,0.8142,0.0176,0.79805,0.79809,0,0,999.3,995.4,200
sph,RBBB,ptbxl,away,0.2,aps,weighted,8000,6937,0.026,208,0.8036,0.0131,0.8075,0.0247,0.8034,0.0132,0.8584,0.0149,0.80017,0.80175,0,0,999.3,921.8,200
sph,RBBB,sph,home,0.2,aps,weighted,8000,7671,0.02738,219,0.8022,0.0121,0.7573,0.0224,0.8035,0.0122,0.8115,0.0125,0.79807,0.79805,0,0,999.3,998.3,200
sph,RBBB,chapman_ningbo,away,0.2,aps,weighted,7983,7983,0.04121,329,0.8047,0.0124,0.6929,0.017,0.8095,0.0126,0.8383,0.0136,0.7993,0.80023,0,0,999.3,969.7,200
sph,RBBB,georgia,away,0.2,aps,weighted,4115,4115,0.052,214,0.8024,0.0129,0.6771,0.0195,0.8092,0.0131,0.8773,0.016,0.8013,0.80343,0,0,999.3,840.5,200
sph,RBBB,cpsc,away,0.2,aps,weighted,4124,4124,0.18768,774,0.7544,0.0169,0.5517,0.0147,0.8012,0.0183,0.8532,0.0198,0.80431,0.80898,0,0,999.3,571.3,200
sph,RBBB,sph-calibration-holdout,calibration holdout,0.1,lac,none,2000,1903,0.0265,53,0.9014,0.0132,0.0377,0.0304,0.9249,0.0114,0.9033,0.013,0.02544,0.02544,0,0,999.3,999.3,200
sph,RBBB,ptbxl,away,0.1,lac,none,8000,6937,0.026,208,0.6681,0.013,0.0151,0.0107,0.6856,0.0131,0.6691,0.0132,0.02544,0.02544,0,0,999.3,999.3,200
sph,RBBB,sph,home,0.1,lac,none,8000,7671,0.02738,219,0.9044,0.0058,0.0135,0.005,0.9295,0.0058,0.9063,0.0058,0.02544,0.02544,0,0,999.3,999.3,200
sph,RBBB,chapman_ningbo,away,0.1,lac,none,7983,7983,0.04121,329,0.7285,0.0129,0.0428,0.0054,0.7579,0.0133,0.733,0.013,0.02544,0.02544,0,0,999.3,999.3,200
sph,RBBB,georgia,away,0.1,lac,none,4115,4115,0.052,214,0.5831,0.0124,0.0231,0.0022,0.6138,0.013,0.5896,0.0125,0.02544,0.02544,0,0,999.3,999.3,200
sph,RBBB,cpsc,away,0.1,lac,none,4124,4124,0.18768,774,0.6695,0.0089,0.0361,0.008,0.8159,0.0091,0.7175,0.0096,0.02544,0.02544,0,0,999.3,999.3,200
sph,RBBB,sph-calibration-holdout,calibration holdout,0.1,lac,mondrian,2000,1903,0.0265,53,0.9019,0.0133,0.9224,0.0762,0.9014,0.0132,1.0748,0.157,0.02039,0.9368,0,0,999.3,999.3,200
sph,RBBB,ptbxl,away,0.1,lac,mondrian,8000,6937,0.026,208,0.65,0.0123,0.9696,0.0313,0.6414,0.0126,1.0368,0.2224,0.02039,0.9368,0,0,999.3,999.3,200
sph,RBBB,sph,home,0.1,lac,mondrian,8000,7671,0.02738,219,0.9093,0.0066,0.9306,0.0414,0.9087,0.0066,1.0754,0.1546,0.02039,0.9368,0,0,999.3,999.3,200
sph,RBBB,chapman_ningbo,away,0.1,lac,mondrian,7983,7983,0.04121,329,0.7221,0.0121,0.8902,0.0529,0.7148,0.0122,1.0303,0.1972,0.02039,0.9368,0,0,999.3,999.3,200
sph,RBBB,georgia,away,0.1,lac,mondrian,4115,4115,0.052,214,0.591,0.0116,0.8782,0.0572,0.5752,0.0116,1.0083,0.2059,0.02039,0.9368,0,0,999.3,999.3,200
sph,RBBB,cpsc,away,0.1,lac,mondrian,4124,4124,0.18768,774,0.7861,0.0157,0.7631,0.0773,0.7915,0.006,1.0421,0.152,0.02039,0.9368,0,0,999.3,999.3,200
sph,RBBB,sph-calibration-holdout,calibration holdout,0.1,lac,weighted,2000,1903,0.0265,53,0.9018,0.012,0.0385,0.0335,0.9253,0.0123,0.9037,0.0118,0.02565,0.0257,0,0,999.3,995.4,200
sph,RBBB,ptbxl,away,0.1,lac,weighted,8000,6937,0.026,208,0.7615,0.0159,0.1039,0.0426,0.779,0.0153,0.7637,0.0164,0.0435,0.04455,0,0,999.3,921.8,200
sph,RBBB,sph,home,0.1,lac,weighted,8000,7671,0.02738,219,0.9039,0.0049,0.013,0.005,0.929,0.005,0.9058,0.005,0.02527,0.02527,0,0,999.3,998.3,200
sph,RBBB,chapman_ningbo,away,0.1,lac,weighted,7983,7983,0.04121,329,0.7866,0.0166,0.0782,0.0111,0.817,0.0168,0.7918,0.0168,0.0358,0.03631,0,0,999.3,969.7,200
sph,RBBB,georgia,away,0.1,lac,weighted,4115,4115,0.052,214,0.7193,0.036,0.2001,0.089,0.7477,0.0332,0.7303,0.0392,0.05838,0.0619,0,0,999.3,840.5,200
sph,RBBB,cpsc,away,0.1,lac,weighted,4124,4124,0.18768,774,0.8505,0.0239,0.4538,0.0676,0.9422,0.0141,0.9223,0.0326,0.15774,0.17662,0,0,999.3,571.3,200
sph,RBBB,sph-calibration-holdout,calibration holdout,0.1,aps,none,2000,1903,0.0265,53,0.9008,0.0137,0.8344,0.0623,0.9026,0.0138,0.9214,0.0147,0.89768,0.89768,0,0,999.3,999.3,200
sph,RBBB,ptbxl,away,0.1,aps,none,8000,6937,0.026,208,0.9026,0.01,0.8979,0.0151,0.9027,0.0101,0.9853,0.0148,0.89768,0.89768,0,0,999.3,999.3,200
sph,RBBB,sph,home,0.1,aps,none,8000,7671,0.02738,219,0.902,0.0103,0.8384,0.0139,0.9038,0.0104,0.9167,0.0113,0.89768,0.89768,0,0,999.3,999.3,200
sph,RBBB,chapman_ningbo,away,0.1,aps,none,7983,7983,0.04121,329,0.9029,0.0104,0.7741,0.0127,0.9085,0.0105,0.9546,0.0136,0.89768,0.89768,0,0,999.3,999.3,200
sph,RBBB,georgia,away,0.1,aps,none,4115,4115,0.052,214,0.8965,0.0102,0.7576,0.0159,0.9041,0.0103,1.0141,0.017,0.89768,0.89768,0,0,999.3,999.3,200
sph,RBBB,cpsc,away,0.1,aps,none,4124,4124,0.18768,774,0.8456,0.0104,0.6206,0.0104,0.8976,0.011,0.9713,0.0147,0.89768,0.89768,0,0,999.3,999.3,200
sph,RBBB,sph-calibration-holdout,calibration holdout,0.1,aps,mondrian,2000,1903,0.0265,53,0.9012,0.0138,0.9211,0.0781,0.9007,0.0139,1.1241,0.2136,0.89585,0.97791,0,0,999.3,999.3,200
sph,RBBB,ptbxl,away,0.1,aps,mondrian,8000,6937,0.026,208,0.9026,0.01,0.9652,0.0393,0.9009,0.0101,1.3155,0.2309,0.89585,0.97791,0,0,999.3,999.3,200
sph,RBBB,sph,home,0.1,aps,mondrian,8000,7671,0.02738,219,0.9026,0.0103,0.9268,0.0463,0.902,0.0104,1.116,0.2136,0.89585,0.97791,0,0,999.3,999.3,200
sph,RBBB,chapman_ningbo,away,0.1,aps,mondrian,7983,7983,0.04121,329,0.9058,0.0104,0.8854,0.0584,0.9066,0.0105,1.2391,0.2008,0.89585,0.97791,0,0,999.3,999.3,200
sph,RBBB,georgia,away,0.1,aps,mondrian,4115,4115,0.052,214,0.9008,0.0103,0.874,0.0624,0.9023,0.0101,1.3466,0.2103,0.89585,0.97791,0,0,999.3,999.3,200
sph,RBBB,cpsc,away,0.1,aps,mondrian,4124,4124,0.18768,774,0.8713,0.0193,0.7651,0.0883,0.8958,0.0111,1.1929,0.1821,0.89585,0.97791,0,0,999.3,999.3,200
sph,RBBB,sph-calibration-holdout,calibration holdout,0.1,aps,weighted,2000,1903,0.0265,53,0.901,0.0137,0.8346,0.0622,0.9028,0.0138,0.9216,0.0147,0.89791,0.89794,0,0,999.3,995.4,200
sph,RBBB,ptbxl,away,0.1,aps,weighted,8000,6937,0.026,208,0.9058,0.0106,0.9019,0.0154,0.9059,0.0107,0.9912,0.0165,0.90086,0.90258,0,0,999.3,921.8,200
sph,RBBB,sph,home,0.1,aps,weighted,8000,7671,0.02738,219,0.9021,0.0104,0.8384,0.014,0.9039,0.0105,0.9167,0.0113,0.89776,0.89777,0,0,999.3,998.3,200
sph,RBBB,chapman_ningbo,away,0.1,aps,weighted,7983,7983,0.04121,329,0.9048,0.0109,0.7766,0.0129,0.9103,0.011,0.9575,0.0145,0.89957,0.90045,0,0,999.3,969.7,200
sph,RBBB,georgia,away,0.1,aps,weighted,4115,4115,0.052,214,0.9014,0.0116,0.7647,0.0168,0.9089,0.0116,1.0251,0.0208,0.90262,0.9051,0,0,999.3,840.5,200
sph,RBBB,cpsc,away,0.1,aps,weighted,4124,4124,0.18768,774,0.8565,0.0141,0.6334,0.0135,0.908,0.0146,0.9892,0.0223,0.90756,0.91257,0,0,999.3,571.3,200
sph,RBBB,sph-calibration-holdout,calibration holdout,0.05,lac,none,2000,1903,0.0265,53,0.9509,0.0103,0.2693,0.0848,0.9695,0.008,0.9538,0.0099,0.05746,0.05746,0,0,999.3,999.3,200
sph,RBBB,ptbxl,away,0.05,lac,none,8000,6937,0.026,208,0.7986,0.018,0.1938,0.0645,0.8148,0.0168,0.8021,0.0191,0.05746,0.05746,0,0,999.3,999.3,200
sph,RBBB,sph,home,0.05,lac,none,8000,7671,0.02738,219,0.9549,0.0058,0.2633,0.0685,0.9744,0.0041,0.9575,0.006,0.05746,0.05746,0,0,999.3,999.3,200
sph,RBBB,chapman_ningbo,away,0.05,lac,none,7983,7983,0.04121,329,0.8527,0.0179,0.2042,0.0571,0.8805,0.0163,0.8592,0.0184,0.05746,0.05746,0,0,999.3,999.3,200
sph,RBBB,georgia,away,0.05,lac,none,4115,4115,0.052,214,0.7194,0.0221,0.1855,0.0542,0.7487,0.0204,0.7298,0.0238,0.05746,0.05746,0,0,999.3,999.3,200
sph,RBBB,cpsc,away,0.05,lac,none,4124,4124,0.18768,774,0.7683,0.0156,0.2065,0.0427,0.8981,0.0094,0.8239,0.017,0.05746,0.05746,0,0,999.3,999.3,200
sph,RBBB,sph-calibration-holdout,calibration holdout,0.05,lac,mondrian,2000,1903,0.0265,53,0.952,0.0094,0.9673,0.0495,0.9516,0.0094,1.6242,0.3555,0.03946,0.99062,3,0,999.3,999.3,200
sph,RBBB,ptbxl,away,0.05,lac,mondrian,8000,6937,0.026,208,0.7703,0.0152,0.9892,0.0123,0.7645,0.0156,1.5529,0.2478,0.03946,0.99062,3,0,999.3,999.3,200
sph,RBBB,sph,home,0.05,lac,mondrian,8000,7671,0.02738,219,0.9602,0.0049,0.9808,0.0288,0.9596,0.0049,1.6267,0.3591,0.03946,0.99062,3,0,999.3,999.3,200
sph,RBBB,chapman_ningbo,away,0.05,lac,mondrian,7983,7983,0.04121,329,0.8379,0.014,0.9635,0.044,0.8325,0.0143,1.5496,0.2656,0.03946,0.99062,3,0,999.3,999.3,200
sph,RBBB,georgia,away,0.05,lac,mondrian,4115,4115,0.052,214,0.7047,0.016,0.9585,0.0487,0.6908,0.0163,1.4784,0.2259,0.03946,0.99062,3,0,999.3,999.3,200
sph,RBBB,cpsc,away,0.05,lac,mondrian,4124,4124,0.18768,774,0.8772,0.0208,0.9163,0.0989,0.8681,0.009,1.5114,0.2755,0.03946,0.99062,3,0,999.3,999.3,200
sph,RBBB,sph-calibration-holdout,calibration holdout,0.05,lac,weighted,2000,1903,0.0265,53,0.9517,0.0097,0.2808,0.1041,0.9699,0.0084,0.9546,0.0095,0.05977,0.06024,0,0,999.3,995.4,200
sph,RBBB,ptbxl,away,0.05,lac,weighted,8000,6937,0.026,208,0.8975,0.0231,0.6175,0.0974,0.905,0.0211,0.9132,0.0288,0.16502,0.17715,0,0,999.3,921.8,200
sph,RBBB,sph,home,0.05,lac,weighted,8000,7671,0.02738,219,0.9548,0.0055,0.2616,0.0652,0.9743,0.0038,0.9574,0.0056,0.05708,0.05713,0,0,999.3,998.3,200
sph,RBBB,chapman_ningbo,away,0.05,lac,weighted,7983,7983,0.04121,329,0.9131,0.0185,0.439,0.0868,0.9335,0.0157,0.9225,0.0201,0.10946,0.11457,0,0,999.3,969.7,200
sph,RBBB,georgia,away,0.05,lac,weighted,4115,4115,0.052,214,0.8869,0.0315,0.5873,0.0696,0.9033,0.0295,0.9232,0.0401,0.24439,0.26566,0,0,999.3,840.5,200
sph,RBBB,cpsc,away,0.05,lac,weighted,4124,4124,0.18768,774,0.8962,0.0101,0.5826,0.0317,0.9687,0.0054,0.9935,0.0275,0.42667,0.46804,0,0,999.3,571.3,200
sph,RBBB,sph-calibration-holdout,calibration holdout,0.05,aps,none,2000,1903,0.0265,53,0.9498,0.0103,0.8688,0.0551,0.9521,0.0104,0.9806,0.0127,0.94687,0.94687,0,0,999.3,999.3,200
sph,RBBB,ptbxl,away,0.05,aps,none,8000,6937,0.026,208,0.9525,0.0076,0.9374,0.0114,0.9529,0.0076,1.0803,0.0184,0.94687,0.94687,0,0,999.3,999.3,200
sph,RBBB,sph,home,0.05,aps,none,8000,7671,0.02738,219,0.951,0.0073,0.8769,0.0104,0.9531,0.0074,0.9766,0.0103,0.94687,0.94687,0,0,999.3,999.3,200
sph,RBBB,chapman_ningbo,away,0.05,aps,none,7983,7983,0.04121,329,0.9512,0.0074,0.8175,0.0115,0.9569,0.0073,1.0371,0.0169,0.94687,0.94687,0,0,999.3,999.3,200
sph,RBBB,georgia,away,0.05,aps,none,4115,4115,0.052,214,0.9456,0.0073,0.8047,0.0124,0.9534,0.0073,1.1259,0.022,0.94687,0.94687,0,0,999.3,999.3,200
sph,RBBB,cpsc,away,0.05,aps,none,4124,4124,0.18768,774,0.8962,0.0082,0.6652,0.009,0.9496,0.0085,1.0625,0.0175,0.94687,0.94687,0,0,999.3,999.3,200
sph,RBBB,sph-calibration-holdout,calibration holdout,0.05,aps,mondrian,2000,1903,0.0265,53,0.9504,0.0102,0.9677,0.0504,0.9499,0.0105,1.665,0.3335,0.94482,0.9967,3,0,999.3,999.3,200
sph,RBBB,ptbxl,away,0.05,aps,mondrian,8000,6937,0.026,208,0.9518,0.0074,0.9886,0.0128,0.9508,0.0076,1.7563,0.2442,0.94482,0.9967,3,0,999.3,999.3,200
sph,RBBB,sph,home,0.05,aps,mondrian,8000,7671,0.02738,219,0.9519,0.0071,0.9789,0.0307,0.9511,0.0072,1.6602,0.3387,0.94482,0.9967,3,0,999.3,999.3,200
sph,RBBB,chapman_ningbo,away,0.05,aps,mondrian,7983,7983,0.04121,329,0.9551,0.0072,0.9601,0.0442,0.9549,0.0073,1.6848,0.2566,0.94482,0.9967,3,0,999.3,999.3,200
sph,RBBB,georgia,away,0.05,aps,mondrian,4115,4115,0.052,214,0.9517,0.0073,0.959,0.0517,0.9513,0.0073,1.7534,0.2218,0.94482,0.9967,3,0,999.3,999.3,200
sph,RBBB,cpsc,away,0.05,aps,mondrian,4124,4124,0.18768,774,0.942,0.0197,0.9185,0.0982,0.9475,0.0084,1.6491,0.2631,0.94482,0.9967,3,0,999.3,999.3,200
sph,RBBB,sph-calibration-holdout,calibration holdout,0.05,aps,weighted,2000,1903,0.0265,53,0.9499,0.0103,0.8689,0.0553,0.9522,0.0103,0.9808,0.0128,0.94698,0.94697,0,0,999.3,995.4,200
sph,RBBB,ptbxl,away,0.05,aps,weighted,8000,6937,0.026,208,0.9565,0.0079,0.9418,0.0117,0.9569,0.008,1.0943,0.0223,0.95069,0.95262,0,0,999.3,921.8,200
sph,RBBB,sph,home,0.05,aps,weighted,8000,7671,0.02738,219,0.951,0.0073,0.8767,0.0104,0.9531,0.0074,0.9766,0.0102,0.9469,0.94693,0,0,999.3,998.3,200
sph,RBBB,chapman_ningbo,away,0.05,aps,weighted,7983,7983,0.04121,329,0.9533,0.0076,0.8212,0.0118,0.959,0.0075,1.0442,0.0188,0.9491,0.95026,0,0,999.3,969.7,200
sph,RBBB,georgia,away,0.05,aps,weighted,4115,4115,0.052,214,0.9517,0.0082,0.8138,0.014,0.9593,0.0081,1.153,0.0316,0.95267,0.95534,0,0,999.3,840.5,200
sph,RBBB,cpsc,away,0.05,aps,weighted,4124,4124,0.18768,774,0.9097,0.0127,0.6863,0.0182,0.9613,0.0119,1.1067,0.0429,0.95826,0.96387,0,0,999.3,571.3,200
sph,IAVB,sph-calibration-holdout,calibration holdout,0.2,lac,none,2000,1903,0.007,14,0.7993,0.0185,0.0,0.0,0.8049,0.0183,0.7993,0.0185,0.15841,0.15841,0,0,999.3,999.3,200
sph,IAVB,ptbxl,away,0.2,lac,none,8000,6937,0.04813,385,0.5278,0.0118,0.0,0.0,0.5545,0.0124,0.5302,0.012,0.15841,0.15841,0,0,999.3,999.3,200
sph,IAVB,sph,home,0.2,lac,none,8000,7671,0.00838,67,0.8022,0.0093,0.0,0.0,0.8089,0.0093,0.8022,0.0093,0.15841,0.15841,0,0,999.3,999.3,200
sph,IAVB,chapman_ningbo,away,0.2,lac,none,7983,7983,0.02869,229,0.5592,0.0116,0.0,0.0,0.5758,0.012,0.5629,0.0118,0.15841,0.15841,0,0,999.3,999.3,200
sph,IAVB,georgia,away,0.2,lac,none,4115,4115,0.07631,314,0.4637,0.0104,0.0,0.0,0.502,0.0112,0.4654,0.0105,0.15841,0.15841,0,0,999.3,999.3,200
sph,IAVB,cpsc,away,0.2,lac,none,4124,4124,0.08099,334,0.5716,0.0094,0.0,0.0,0.6219,0.0102,0.5751,0.0096,0.15841,0.15841,0,0,999.3,999.3,200
sph,IAVB,sph-calibration-holdout,calibration holdout,0.2,lac,mondrian,2000,1903,0.007,14,0.7996,0.0184,0.8018,0.2352,0.7997,0.0185,0.9352,0.1664,0.15505,0.74786,7,0,999.3,999.3,200
sph,IAVB,ptbxl,away,0.2,lac,mondrian,8000,6937,0.04813,385,0.5646,0.0111,0.9067,0.049,0.5473,0.0115,0.8626,0.1459,0.15505,0.74786,7,0,999.3,999.3,200
sph,IAVB,sph,home,0.2,lac,mondrian,8000,7671,0.00838,67,0.8047,0.009,0.952,0.0694,0.8035,0.0091,0.9296,0.1698,0.15505,0.74786,7,0,999.3,999.3,200
sph,IAVB,chapman_ningbo,away,0.2,lac,mondrian,7983,7983,0.02869,229,0.576,0.0108,0.8212,0.0492,0.5688,0.0111,0.8659,0.1511,0.15505,0.74786,7,0,999.3,999.3,200
sph,IAVB,georgia,away,0.2,lac,mondrian,4115,4115,0.07631,314,0.5289,0.0104,0.9323,0.0459,0.4955,0.0107,0.8634,0.139,0.15505,0.74786,7,0,999.3,999.3,200
sph,IAVB,cpsc,away,0.2,lac,mondrian,4124,4124,0.08099,334,0.6367,0.0105,0.8693,0.0783,0.6162,0.0094,0.8767,0.1487,0.15505,0.74786,7,0,999.3,999.3,200
sph,IAVB,sph-calibration-holdout,calibration holdout,0.2,lac,weighted,2000,1903,0.007,14,0.9013,0.0999,0.4904,0.4952,0.9041,0.0972,1.3641,0.5908,0.19899,0.20145,92,92,999.3,910.0,200
sph,IAVB,ptbxl,away,0.2,lac,weighted,8000,6937,0.04813,385,0.9105,0.1096,0.5339,0.3979,0.9296,0.0974,1.2339,0.4864,0.45729,0.48495,53,53,999.3,168.4,200
sph,IAVB,sph,home,0.2,lac,weighted,8000,7671,0.00838,67,0.8702,0.0916,0.3135,0.4632,0.8749,0.0886,1.1803,0.5515,0.1693,0.17086,62,62,999.3,950.9,200
sph,IAVB,chapman_ningbo,away,0.2,lac,weighted,7983,7983,0.02869,229,0.8106,0.146,0.2852,0.4373,0.8261,0.1397,1.0828,0.5609,0.2795,0.30384,53,53,999.3,419.9,200
sph,IAVB,georgia,away,0.2,lac,weighted,4115,4115,0.07631,314,0.9444,0.086,0.7175,0.3314,0.9631,0.069,1.3473,0.4307,0.54469,0.58895,53,53,999.3,97.1,200
sph,IAVB,cpsc,away,0.2,lac,weighted,4124,4124,0.08099,334,0.8263,0.1366,0.3107,0.4325,0.8718,0.1174,1.1133,0.5461,0.31117,0.3396,53,53,999.3,363.2,200
sph,IAVB,sph-calibration-holdout,calibration holdout,0.2,aps,none,2000,1903,0.007,14,0.7999,0.0168,0.2963,0.1713,0.8035,0.0167,0.8276,0.0197,0.7304,0.7304,0,0,999.3,999.3,200
sph,IAVB,ptbxl,away,0.2,aps,none,8000,6937,0.04813,385,0.8326,0.0117,0.5133,0.0242,0.8487,0.0115,0.9485,0.0194,0.7304,0.7304,0,0,999.3,999.3,200
sph,IAVB,sph,home,0.2,aps,none,8000,7671,0.00838,67,0.7993,0.013,0.423,0.0558,0.8025,0.0129,0.8241,0.0155,0.7304,0.7304,0,0,999.3,999.3,200
sph,IAVB,chapman_ningbo,away,0.2,aps,none,7983,7983,0.02869,229,0.8352,0.0118,0.4132,0.0314,0.8477,0.0116,0.925,0.0192,0.7304,0.7304,0,0,999.3,999.3,200
sph,IAVB,georgia,away,0.2,aps,none,4115,4115,0.07631,314,0.8314,0.0115,0.5313,0.0249,0.8562,0.0112,0.9822,0.0207,0.7304,0.7304,0,0,999.3,999.3,200
sph,IAVB,cpsc,away,0.2,aps,none,4124,4124,0.08099,334,0.7999,0.0131,0.369,0.0299,0.8378,0.0124,0.9247,0.0191,0.7304,0.7304,0,0,999.3,999.3,200
sph,IAVB,sph-calibration-holdout,calibration holdout,0.2,aps,mondrian,2000,1903,0.007,14,0.8004,0.017,0.8596,0.1653,0.8,0.017,1.1778,0.243,0.72699,0.9448,7,0,999.3,999.3,200
sph,IAVB,ptbxl,away,0.2,aps,mondrian,8000,6937,0.04813,385,0.8478,0.0119,0.8894,0.0858,0.8457,0.0117,1.4103,0.2092,0.72699,0.9448,7,0,999.3,999.3,200
sph,IAVB,sph,home,0.2,aps,mondrian,8000,7671,0.00838,67,0.7997,0.013,0.8855,0.0978,0.799,0.013,1.1717,0.2409,0.72699,0.9448,7,0,999.3,999.3,200
sph,IAVB,chapman_ningbo,away,0.2,aps,mondrian,7983,7983,0.02869,229,0.8443,0.0121,0.8316,0.1138,0.8446,0.0119,1.3794,0.2111,0.72699,0.9448,7,0,999.3,999.3,200
sph,IAVB,georgia,away,0.2,aps,mondrian,4115,4115,0.07631,314,0.8567,0.0124,0.8993,0.0815,0.8531,0.0115,1.4499,0.1933,0.72699,0.9448,7,0,999.3,999.3,200
sph,IAVB,cpsc,away,0.2,aps,mondrian,4124,4124,0.08099,334,0.8365,0.0152,0.8565,0.1089,0.8347,0.0126,1.3627,0.2096,0.72699,0.9448,7,0,999.3,999.3,200
sph,IAVB,sph-calibration-holdout,calibration holdout,0.2,aps,weighted,2000,1903,0.007,14,0.8995,0.0969,0.6355,0.3731,0.9013,0.0951,1.38,0.5761,0.74394,0.7459,92,92,999.3,910.0,200
sph,IAVB,ptbxl,away,0.2,aps,weighted,8000,6937,0.04813,385,0.9263,0.0539,0.7577,0.1625,0.9348,0.0487,1.3565,0.3996,0.81028,0.82887,53,53,999.3,168.4,200
sph,IAVB,sph,home,0.2,aps,weighted,8000,7671,0.00838,67,0.8646,0.0928,0.6092,0.269,0.8667,0.0913,1.1931,0.5428,0.73519,0.73613,62,62,999.3,950.9,200
sph,IAVB,chapman_ningbo,away,0.2,aps,weighted,7983,7983,0.02869,229,0.9066,0.06,0.6299,0.2285,0.9148,0.0552,1.2727,0.4406,0.77458,0.78592,53,53,999.3,419.9,200
sph,IAVB,georgia,away,0.2,aps,weighted,4115,4115,0.07631,314,0.9353,0.051,0.8008,0.1463,0.9464,0.0436,1.4363,0.3643,0.82952,0.85366,53,53,999.3,97.1,200
sph,IAVB,cpsc,away,0.2,aps,weighted,4124,4124,0.08099,334,0.8892,0.0718,0.6262,0.2349,0.9123,0.0578,1.2806,0.4366,0.78041,0.79292,53,53,999.3,363.2,200
sph,IAVB,sph-calibration-holdout,calibration holdout,0.1,lac,none,2000,1903,0.007,14,0.9008,0.0135,0.0,0.0,0.9071,0.0133,0.9018,0.0134,0.26336,0.26336,0,0,999.3,999.3,200
sph,IAVB,ptbxl,away,0.1,lac,none,8000,6937,0.04813,385,0.7009,0.0147,0.002,0.0013,0.7362,0.0154,0.7057,0.0149,0.26336,0.26336,0,0,999.3,999.3,200
sph,IAVB,sph,home,0.1,lac,none,8000,7671,0.00838,67,0.9142,0.007,0.0127,0.0053,0.9218,0.007,0.9145,0.0071,0.26336,0.26336,0,0,999.3,999.3,200
sph,IAVB,chapman_ningbo,away,0.1,lac,none,7983,7983,0.02869,229,0.7297,0.0147,0.0,0.0,0.7513,0.0151,0.735,0.0148,0.26336,0.26336,0,0,999.3,999.3,200
sph,IAVB,georgia,away,0.1,lac,none,4115,4115,0.07631,314,0.6312,0.016,0.0019,0.0016,0.6832,0.0172,0.6364,0.0168,0.26336,0.26336,0,0,999.3,999.3,200
sph,IAVB,cpsc,away,0.1,lac,none,4124,4124,0.08099,334,0.7272,0.012,0.0004,0.001,0.7912,0.013,0.739,0.0129,0.26336,0.26336,0,0,999.3,999.3,200
sph,IAVB,sph-calibration-holdout,calibration holdout,0.1,lac,mondrian,2000,1903,0.007,14,0.9012,0.0132,0.9775,0.1,0.9006,0.0133,1.6894,0.3661,0.25433,0.79177,152,0,999.3,999.3,200
sph,IAVB,ptbxl,away,0.1,lac,mondrian,8000,6937,0.04813,385,0.7349,0.0127,0.9842,0.0302,0.7223,0.0134,1.5439,0.2656,0.25433,0.79177,152,0,999.3,999.3,200
sph,IAVB,sph,home,0.1,lac,mondrian,8000,7671,0.00838,67,0.9161,0.0062,0.9969,0.0138,0.9154,0.0063,1.7016,0.3681,0.25433,0.79177,152,0,999.3,999.3,200
sph,IAVB,chapman_ningbo,away,0.1,lac,mondrian,7983,7983,0.02869,229,0.7442,0.0124,0.962,0.0685,0.7377,0.0128,1.5662,0.2784,0.25433,0.79177,152,0,999.3,999.3,200
sph,IAVB,georgia,away,0.1,lac,mondrian,4115,4115,0.07631,314,0.6928,0.0128,0.9902,0.0212,0.6682,0.0139,1.4906,0.2355,0.25433,0.79177,152,0,999.3,999.3,200
sph,IAVB,cpsc,away,0.1,lac,mondrian,4124,4124,0.08099,334,0.7956,0.0111,0.981,0.0402,0.7792,0.0118,1.5699,0.2813,0.25433,0.79177,152,0,999.3,999.3,200
sph,IAVB,sph-calibration-holdout,calibration holdout,0.1,lac,weighted,2000,1903,0.007,14,0.9527,0.049,0.4958,0.4982,0.9558,0.0459,1.4222,0.5415,0.30581,0.30503,93,92,999.3,910.0,200
sph,IAVB,ptbxl,away,0.1,lac,weighted,8000,6937,0.04813,385,0.9847,0.0267,0.8213,0.2135,0.993,0.0183,1.4132,0.3706,0.62588,0.6666,53,53,999.3,168.4,200
sph,IAVB,sph,home,0.1,lac,weighted,8000,7671,0.00838,67,0.9454,0.0407,0.3465,0.4598,0.9505,0.0372,1.2569,0.4999,0.28655,0.28826,62,62,999.3,950.9,200
sph,IAVB,chapman_ningbo,away,0.1,lac,weighted,7983,7983,0.02869,229,0.9542,0.0555,0.5316,0.3969,0.9667,0.0471,1.2743,0.4485,0.49385,0.52492,53,53,999.3,419.9,200
sph,IAVB,georgia,away,0.1,lac,weighted,4115,4115,0.07631,314,0.9909,0.0163,0.9225,0.0965,0.9966,0.0106,1.5146,0.3118,0.68282,0.72453,53,53,999.3,97.1,200
sph,IAVB,cpsc,away,0.1,lac,weighted,4124,4124,0.08099,334,0.9435,0.0588,0.5526,0.387,0.9779,0.0333,1.296,0.4377,0.51305,0.55246,53,53,999.3,363.2,200
sph,IAVB,sph-calibration-holdout,calibration holdout,0.1,aps,none,2000,1903,0.007,14,0.9001,0.0144,0.5634,0.2048,0.9026,0.0143,0.9747,0.022,0.8366,0.8366,0,0,999.3,999.3,200
sph,IAVB,ptbxl,away,0.1,aps,none,8000,6937,0.04813,385,0.9196,0.0079,0.6781,0.0281,0.9318,0.0073,1.1428,0.0241,0.8366,0.8366,0,0,999.3,999.3,200
sph,IAVB,sph,home,0.1,aps,none,8000,7671,0.00838,67,0.9002,0.0101,0.6523,0.0591,0.9023,0.0101,0.9704,0.018,0.8366,0.8366,0,0,999.3,999.3,200
sph,IAVB,chapman_ningbo,away,0.1,aps,none,7983,7983,0.02869,229,0.9206,0.0084,0.5826,0.0302,0.9306,0.0081,1.1159,0.024,0.8366,0.8366,0,0,999.3,999.3,200
sph,IAVB,georgia,away,0.1,aps,none,4115,4115,0.07631,314,0.9168,0.0085,0.699,0.0282,0.9347,0.0076,1.1882,0.025,0.8366,0.8366,0,0,999.3,999.3,200
sph,IAVB,cpsc,away,0.1,aps,none,4124,4124,0.08099,334,0.8975,0.0101,0.5855,0.0343,0.925,0.0088,1.1122,0.0237,0.8366,0.8366,0,0,999.3,999.3,200
sph,IAVB,sph-calibration-holdout,calibration holdout,0.1,aps,mondrian,2000,1903,0.007,14,0.9009,0.0143,0.9832,0.0638,0.9002,0.0144,1.7772,0.2469,0.83381,0.96868,152,0,999.3,999.3,200
sph,IAVB,ptbxl,away,0.1,aps,mondrian,8000,6937,0.04813,385,0.9326,0.0073,0.9845,0.0379,0.93,0.0075,1.8491,0.1638,0.83381,0.96868,152,0,999.3,999.3,200
sph,IAVB,sph,home,0.1,aps,mondrian,8000,7671,0.00838,67,0.9006,0.0101,0.9849,0.041,0.8999,0.0102,1.776,0.247,0.83381,0.96868,152,0,999.3,999.3,200
sph,IAVB,chapman_ningbo,away,0.1,aps,mondrian,7983,7983,0.02869,229,0.93,0.0081,0.9734,0.0636,0.9288,0.0083,1.8419,0.1777,0.83381,0.96868,152,0,999.3,999.3,200
sph,IAVB,georgia,away,0.1,aps,mondrian,4115,4115,0.07631,314,0.937,0.0076,0.9855,0.0371,0.933,0.0077,1.8563,0.1509,0.83381,0.96868,152,0,999.3,999.3,200
sph,IAVB,cpsc,away,0.1,aps,mondrian,4124,4124,0.08099,334,0.9277,0.0091,0.9796,0.0493,0.9231,0.0089,1.8351,0.1825,0.83381,0.96868,152,0,999.3,999.3,200
sph,IAVB,sph-calibration-holdout,calibration holdout,0.1,aps,weighted,2000,1903,0.007,14,0.9509,0.0479,0.775,0.2669,0.9521,0.0467,1.465,0.5027,0.84548,0.84702,93,92,999.3,910.0,200
sph,IAVB,ptbxl,away,0.1,aps,weighted,8000,6937,0.04813,385,0.9689,0.0259,0.8737,0.098,0.9737,0.0226,1.5414,0.3053,0.8938,0.91643,53,53,999.3,168.4,200
sph,IAVB,sph,home,0.1,aps,weighted,8000,7671,0.00838,67,0.9324,0.0467,0.7654,0.1654,0.9338,0.0458,1.2936,0.4754,0.83923,0.84032,62,62,999.3,950.9,200
sph,IAVB,chapman_ningbo,away,0.1,aps,weighted,7983,7983,0.02869,229,0.9581,0.0288,0.7605,0.1537,0.9639,0.0253,1.4346,0.348,0.87015,0.88422,53,53,999.3,419.9,200
sph,IAVB,georgia,away,0.1,aps,weighted,4115,4115,0.07631,314,0.9727,0.0262,0.9121,0.0834,0.9777,0.0221,1.6435,0.2724,0.90607,0.93621,53,53,999.3,97.1,200
sph,IAVB,cpsc,away,0.1,aps,weighted,4124,4124,0.08099,334,0.9483,0.0362,0.7885,0.1438,0.9623,0.0271,1.4419,0.346,0.87425,0.89021,53,53,999.3,363.2,200
sph,IAVB,sph-calibration-holdout,calibration holdout,0.05,lac,none,2000,1903,0.007,14,0.9507,0.0097,0.0,0.0,0.9574,0.0092,0.9537,0.0094,0.34415,0.34415,0,0,999.3,999.3,200
sph,IAVB,ptbxl,away,0.05,lac,none,8000,6937,0.04813,385,0.8043,0.0115,0.025,0.0039,0.8437,0.0119,0.8136,0.0122,0.34415,0.34415,0,0,999.3,999.3,200
sph,IAVB,sph,home,0.05,lac,none,8000,7671,0.00838,67,0.9571,0.004,0.0149,0.0,0.965,0.0041,0.9587,0.0042,0.34415,0.34415,0,0,999.3,999.3,200
sph,IAVB,chapman_ningbo,away,0.05,lac,none,7983,7983,0.02869,229,0.8429,0.0113,0.0,0.0,0.8677,0.0117,0.8505,0.0119,0.34415,0.34415,0,0,999.3,999.3,200
sph,IAVB,georgia,away,0.05,lac,none,4115,4115,0.07631,314,0.7542,0.0139,0.0293,0.0072,0.8141,0.0144,0.7681,0.0152,0.34415,0.34415,0,0,999.3,999.3,200
sph,IAVB,cpsc,away,0.05,lac,none,4124,4124,0.08099,334,0.8146,0.0086,0.003,0.0,0.8861,0.0094,0.8373,0.0107,0.34415,0.34415,0,0,999.3,999.3,200
sph,IAVB,sph-calibration-holdout,calibration holdout,0.05,lac,mondrian,2000,1903,0.007,14,0.9508,0.0098,1.0,0.0,0.9504,0.0099,1.9468,0.0101,0.33195,inf,200,0,999.3,999.3,200
sph,IAVB,ptbxl,away,0.05,lac,mondrian,8000,6937,0.04813,385,0.8365,0.0093,1.0,0.0,0.8282,0.0098,1.7965,0.0098,0.33195,inf,200,0,999.3,999.3,200
sph,IAVB,sph,home,0.05,lac,mondrian,8000,7671,0.00838,67,0.96,0.0034,1.0,0.0,0.9597,0.0034,1.9531,0.0036,0.33195,inf,200,0,999.3,999.3,200
sph,IAVB,chapman_ningbo,away,0.05,lac,mondrian,7983,7983,0.02869,229,0.8565,0.0103,1.0,0.0,0.8522,0.0106,1.8344,0.0105,0.33195,inf,200,0,999.3,999.3,200
sph,IAVB,georgia,away,0.05,lac,mondrian,4115,4115,0.07631,314,0.8104,0.0121,1.0,0.0,0.7947,0.0131,1.7453,0.0129,0.33195,inf,200,0,999.3,999.3,200
sph,IAVB,cpsc,away,0.05,lac,mondrian,4124,4124,0.08099,334,0.8833,0.0085,1.0,0.0,0.873,0.0092,1.8221,0.0099,0.33195,inf,200,0,999.3,999.3,200
sph,IAVB,sph-calibration-holdout,calibration holdout,0.05,lac,weighted,2000,1903,0.007,14,0.9782,0.0238,0.508,0.4963,0.9815,0.0206,1.4673,0.5189,0.3902,0.37731,97,92,999.3,910.0,200
sph,IAVB,ptbxl,away,0.05,lac,weighted,8000,6937,0.04813,385,0.9952,0.0074,0.9218,0.0747,0.9989,0.0052,1.4916,0.3164,0.69938,0.74365,53,53,999.3,168.4,200
sph,IAVB,sph,home,0.05,lac,weighted,8000,7671,0.00838,67,0.9732,0.0204,0.3593,0.4672,0.9784,0.0168,1.2922,0.4818,0.3694,0.36973,63,62,999.3,950.9,200
sph,IAVB,chapman_ningbo,away,0.05,lac,weighted,7983,7983,0.02869,229,0.99,0.0143,0.7756,0.2154,0.9963,0.0088,1.4002,0.3741,0.63146,0.67353,53,53,999.3,419.9,200
sph,IAVB,georgia,away,0.05,lac,weighted,4115,4115,0.07631,314,0.9978,0.0048,0.9758,0.0494,0.9996,0.0014,1.8116,0.2935,0.74365,0.74276,140,53,999.3,97.1,200
sph,IAVB,cpsc,away,0.05,lac,weighted,4124,4124,0.08099,334,0.9812,0.0227,0.7986,0.2167,0.9972,0.0066,1.4091,0.3657,0.6383,0.68299,53,53,999.3,363.2,200
sph,IAVB,sph-calibration-holdout,calibration holdout,0.05,aps,none,2000,1903,0.007,14,0.9501,0.0108,0.7289,0.1705,0.9517,0.0106,1.0941,0.027,0.89814,0.89814,0,0,999.3,999.3,200
sph,IAVB,ptbxl,away,0.05,aps,none,8000,6937,0.04813,385,0.9596,0.0057,0.7878,0.0261,0.9682,0.0051,1.3019,0.0308,0.89814,0.89814,0,0,999.3,999.3,200
sph,IAVB,sph,home,0.05,aps,none,8000,7671,0.00838,67,0.9502,0.0077,0.7807,0.0509,0.9516,0.0076,1.0902,0.0241,0.89814,0.89814,0,0,999.3,999.3,200
sph,IAVB,chapman_ningbo,away,0.05,aps,none,7983,7983,0.02869,229,0.9593,0.0059,0.6985,0.0318,0.967,0.0054,1.2712,0.0294,0.89814,0.89814,0,0,999.3,999.3,200
sph,IAVB,georgia,away,0.05,aps,none,4115,4115,0.07631,314,0.9564,0.0063,0.8093,0.0265,0.9686,0.0053,1.3513,0.0301,0.89814,0.89814,0,0,999.3,999.3,200
sph,IAVB,cpsc,away,0.05,aps,none,4124,4124,0.08099,334,0.9451,0.0078,0.732,0.0325,0.9638,0.0063,1.2627,0.0292,0.89814,0.89814,0,0,999.3,999.3,200
sph,IAVB,sph-calibration-holdout,calibration holdout,0.05,aps,mondrian,2000,1903,0.007,14,0.9506,0.0108,1.0,0.0,0.9503,0.0109,1.9504,0.0108,0.89608,inf,200,0,999.3,999.3,200
sph,IAVB,ptbxl,away,0.05,aps,mondrian,8000,6937,0.04813,385,0.9688,0.005,1.0,0.0,0.9672,0.0052,1.9649,0.0054,0.89608,inf,200,0,999.3,999.3,200
sph,IAVB,sph,home,0.05,aps,mondrian,8000,7671,0.00838,67,0.9506,0.0077,1.0,0.0,0.9502,0.0078,1.9502,0.0077,0.89608,inf,200,0,999.3,999.3,200
sph,IAVB,chapman_ningbo,away,0.05,aps,mondrian,7983,7983,0.02869,229,0.9669,0.0054,1.0,0.0,0.9659,0.0056,1.9655,0.0056,0.89608,inf,200,0,999.3,999.3,200
sph,IAVB,georgia,away,0.05,aps,mondrian,4115,4115,0.07631,314,0.9701,0.005,1.0,0.0,0.9676,0.0054,1.9639,0.0055,0.89608,inf,200,0,999.3,999.3,200
sph,IAVB,cpsc,away,0.05,aps,mondrian,4124,4124,0.08099,334,0.9657,0.0059,1.0,0.0,0.9627,0.0064,1.9629,0.0063,0.89608,inf,200,0,999.3,999.3,200
sph,IAVB,sph-calibration-holdout,calibration holdout,0.05,aps,weighted,2000,1903,0.007,14,0.9755,0.0247,0.8649,0.1847,0.9762,0.0239,1.5447,0.4471,0.90375,0.90423,97,92,999.3,910.0,200
sph,IAVB,ptbxl,away,0.05,aps,weighted,8000,6937,0.04813,385,0.9857,0.0134,0.9361,0.056,0.9882,0.0117,1.6876,0.2287,0.93686,0.95891,53,53,999.3,168.4,200
sph,IAVB,sph,home,0.05,aps,weighted,8000,7671,0.00838,67,0.9664,0.0241,0.8551,0.1083,0.9674,0.0234,1.3834,0.4205,0.90012,0.90146,63,62,999.3,950.9,200
sph,IAVB,chapman_ningbo,away,0.05,aps,weighted,7983,7983,0.02869,229,0.9805,0.0149,0.8552,0.1037,0.9842,0.0125,1.5817,0.2704,0.92408,0.93968,53,53,999.3,419.9,200
sph,IAVB,georgia,away,0.05,aps,weighted,4115,4115,0.07631,314,0.9886,0.0134,0.9781,0.0438,0.9895,0.0124,1.8847,0.1908,0.94546,0.96084,140,53,999.3,97.1,200
sph,IAVB,cpsc,away,0.05,aps,weighted,4124,4124,0.08099,334,0.9756,0.0193,0.8866,0.0877,0.9835,0.0138,1.587,0.2706,0.92716,0.9437,53,53,999.3,363.2,200
chapman_ningbo,NSR,chapman_ningbo-calibration-holdout,calibration holdout,0.2,lac,none,1995,1995,0.15789,315,0.8018,0.0183,0.665,0.0361,0.8276,0.0169,0.8186,0.0189,0.101,0.101,0,0,997.0,997.0,200
chapman_ningbo,NSR,ptbxl,away,0.2,lac,none,8000,6937,0.82675,6614,0.4619,0.0085,0.3948,0.0091,0.7818,0.0055,0.649,0.0114,0.101,0.101,0,0,997.0,997.0,200
chapman_ningbo,NSR,chapman_ningbo,home,0.2,lac,none,7983,7983,0.18539,1480,0.8149,0.0063,0.6744,0.0098,0.8469,0.0055,0.8325,0.007,0.101,0.101,0,0,997.0,997.0,200
chapman_ningbo,NSR,georgia,away,0.2,lac,none,4115,4115,0.17375,715,0.4826,0.006,0.6181,0.0107,0.4541,0.005,0.6585,0.0102,0.101,0.101,0,0,997.0,997.0,200
chapman_ningbo,NSR,cpsc,away,0.2,lac,none,4124,4124,0.08754,361,0.3911,0.0042,0.7023,0.0059,0.3612,0.0041,0.6361,0.0091,0.101,0.101,0,0,997.0,997.0,200
chapman_ningbo,NSR,chapman_ningbo-calibration-holdout,calibration holdout,0.2,lac,mondrian,1995,1995,0.15789,315,0.8022,0.0176,0.798,0.044,0.803,0.0191,0.8261,0.0181,0.08448,0.22256,0,0,997.0,997.0,200
chapman_ningbo,NSR,ptbxl,away,0.2,lac,mondrian,8000,6937,0.82675,6614,0.5488,0.0202,0.5037,0.0244,0.764,0.0073,0.7319,0.0217,0.08448,0.22256,0,0,997.0,997.0,200
chapman_ningbo,NSR,chapman_ningbo,home,0.2,lac,mondrian,7983,7983,0.18539,1480,0.8199,0.0081,0.785,0.0203,0.8278,0.0088,0.8448,0.0095,0.08448,0.22256,0,0,997.0,997.0,200
chapman_ningbo,NSR,georgia,away,0.2,lac,mondrian,4115,4115,0.17375,715,0.4966,0.0065,0.7621,0.0268,0.4408,0.0056,0.7273,0.0199,0.08448,0.22256,0,0,997.0,997.0,200
chapman_ningbo,NSR,cpsc,away,0.2,lac,mondrian,4124,4124,0.08754,361,0.3867,0.0059,0.7999,0.0221,0.3471,0.0061,0.7,0.0178,0.08448,0.22256,0,0,997.0,997.0,200
chapman_ningbo,NSR,chapman_ningbo-calibration-holdout,calibration holdout,0.2,lac,weighted,1995,1995,0.15789,315,0.8019,0.018,0.6653,0.0368,0.8277,0.0166,0.8188,0.0187,0.10109,0.10109,0,0,997.0,994.1,200
chapman_ningbo,NSR,ptbxl,away,0.2,lac,weighted,8000,6937,0.82675,6614,0.5173,0.0143,0.4539,0.0152,0.8196,0.0102,0.7303,0.0227,0.1489,0.15154,0,0,997.0,442.7,200
chapman_ningbo,NSR,chapman_ningbo,home,0.2,lac,weighted,7983,7983,0.18539,1480,0.8166,0.0059,0.6773,0.0088,0.8484,0.0052,0.8344,0.0065,0.10252,0.1026,0,0,997.0,994.4,200
chapman_ningbo,NSR,georgia,away,0.2,lac,weighted,4115,4115,0.17375,715,0.5222,0.0121,0.68,0.0184,0.489,0.0108,0.7228,0.0189,0.13649,0.1383,0,0,997.0,566.8,200
chapman_ningbo,NSR,cpsc,away,0.2,lac,weighted,4124,4124,0.08754,361,0.4145,0.0076,0.7448,0.0099,0.3828,0.0075,0.6879,0.017,0.14027,0.1424,0,0,997.0,525.3,200
chapman_ningbo,NSR,chapman_ningbo-calibration-holdout,calibration holdout,0.2,aps,none,1995,1995,0.15789,315,0.8004,0.0179,0.7921,0.0311,0.802,0.0193,0.8714,0.0204,0.79849,0.79849,0,0,997.0,997.0,200
chapman_ningbo,NSR,ptbxl,away,0.2,aps,none,8000,6937,0.82675,6614,0.6206,0.0117,0.59,0.0118,0.7669,0.0155,0.9544,0.0194,0.79849,0.79849,0,0,997.0,997.0,200
chapman_ningbo,NSR,chapman_ningbo,home,0.2,aps,none,7983,7983,0.18539,1480,0.7974,0.014,0.7758,0.016,0.8024,0.0142,0.8726,0.0167,0.79849,0.79849,0,0,997.0,997.0,200
chapman_ningbo,NSR,georgia,away,0.2,aps,none,4115,4115,0.17375,715,0.6202,0.0119,0.8002,0.0182,0.5823,0.0117,0.9461,0.0194,0.79849,0.79849,0,0,997.0,997.0,200
chapman_ningbo,NSR,cpsc,away,0.2,aps,none,4124,4124,0.08754,361,0.5536,0.0111,0.774,0.0225,0.5324,0.0108,0.9695,0.0202,0.79849,0.79849,0,0,997.0,997.0,200
chapman_ningbo,NSR,chapman_ningbo-calibration-holdout,calibration holdout,0.2,aps,mondrian,1995,1995,0.15789,315,0.8008,0.0175,0.8034,0.0405,0.8004,0.0192,0.8742,0.021,0.79662,0.81095,0,0,997.0,997.0,200
chapman_ningbo,NSR,ptbxl,away,0.2,aps,mondrian,8000,6937,0.82675,6614,0.6293,0.0211,0.6009,0.0254,0.765,0.0161,0.9629,0.0246,0.79662,0.81095,0,0,997.0,997.0,200
chapman_ningbo,NSR,chapman_ningbo,home,0.2,aps,mondrian,7983,7983,0.18539,1480,0.7985,0.0137,0.7897,0.0315,0.8005,0.0151,0.876,0.0172,0.79662,0.81095,0,0,997.0,997.0,200
chapman_ningbo,NSR,georgia,away,0.2,aps,mondrian,4115,4115,0.17375,715,0.621,0.0116,0.8127,0.0306,0.5807,0.0125,0.9538,0.0235,0.79662,0.81095,0,0,997.0,997.0,200
chapman_ningbo,NSR,cpsc,away,0.2,aps,mondrian,4124,4124,0.08754,361,0.5533,0.011,0.7863,0.033,0.5309,0.0113,0.9789,0.026,0.79662,0.81095,0,0,997.0,997.0,200
chapman_ningbo,NSR,chapman_ningbo-calibration-holdout,calibration holdout,0.2,aps,weighted,1995,1995,0.15789,315,0.8004,0.0179,0.7921,0.0312,0.802,0.0193,0.8714,0.0205,0.79849,0.79851,0,0,997.0,994.1,200
chapman_ningbo,NSR,ptbxl,away,0.2,aps,weighted,8000,6937,0.82675,6614,0.6265,0.0161,0.5962,0.016,0.7714,0.0194,0.9636,0.0271,0.80306,0.80555,0,0,997.0,442.7,200
chapman_ningbo,NSR,chapman_ningbo,home,0.2,aps,weighted,7983,7983,0.18539,1480,0.7976,0.014,0.7761,0.0159,0.8025,0.0142,0.8728,0.0167,0.79864,0.79876,0,0,997.0,994.4,200
chapman_ningbo,NSR,georgia,away,0.2,aps,weighted,4115,4115,0.17375,715,0.6238,0.0145,0.8055,0.0196,0.5856,0.0144,0.9528,0.0239,0.80221,0.80393,0,0,997.0,566.8,200
chapman_ningbo,NSR,cpsc,away,0.2,aps,weighted,4124,4124,0.08754,361,0.5569,0.0136,0.7794,0.024,0.5355,0.0133,0.9774,0.0255,0.80251,0.8045,0,0,997.0,525.3,200
chapman_ningbo,NSR,chapman_ningbo-calibration-holdout,calibration holdout,0.1,lac,none,1995,1995,0.15789,315,0.9005,0.0132,0.814,0.0279,0.9169,0.0121,0.9322,0.0145,0.24507,0.24507,0,0,997.0,997.0,200
chapman_ningbo,NSR,ptbxl,away,0.1,lac,none,8000,6937,0.82675,6614,0.5774,0.0139,0.5189,0.0152,0.8562,0.0075,0.8267,0.0236,0.24507,0.24507,0,0,997.0,997.0,200
chapman_ningbo,NSR,chapman_ningbo,home,0.1,lac,none,7983,7983,0.18539,1480,0.898,0.0077,0.7954,0.0124,0.9213,0.0066,0.9305,0.0102,0.24507,0.24507,0,0,997.0,997.0,200
chapman_ningbo,NSR,georgia,away,0.1,lac,none,4115,4115,0.17375,715,0.5927,0.011,0.7771,0.0151,0.5539,0.0102,0.8381,0.0214,0.24507,0.24507,0,0,997.0,997.0,200
chapman_ningbo,NSR,cpsc,away,0.1,lac,none,4124,4124,0.08754,361,0.4742,0.0137,0.815,0.0113,0.4415,0.0141,0.7991,0.0232,0.24507,0.24507,0,0,997.0,997.0,200
chapman_ningbo,NSR,chapman_ningbo-calibration-holdout,calibration holdout,0.1,lac,mondrian,1995,1995,0.15789,315,0.9012,0.0133,0.898,0.033,0.9018,0.0142,0.9532,0.0175,0.18876,0.53774,0,0,997.0,997.0,200
chapman_ningbo,NSR,ptbxl,away,0.1,lac,mondrian,8000,6937,0.82675,6614,0.669,0.0287,0.6337,0.0346,0.8378,0.0075,0.907,0.0328,0.18876,0.53774,0,0,997.0,997.0,200
chapman_ningbo,NSR,chapman_ningbo,home,0.1,lac,mondrian,7983,7983,0.18539,1480,0.8994,0.0081,0.8791,0.0269,0.904,0.0076,0.9484,0.0159,0.18876,0.53774,0,0,997.0,997.0,200
chapman_ningbo,NSR,georgia,away,0.1,lac,mondrian,4115,4115,0.17375,715,0.5896,0.0121,0.892,0.0305,0.526,0.0128,0.9067,0.0329,0.18876,0.53774,0,0,997.0,997.0,200
chapman_ningbo,NSR,cpsc,away,0.1,lac,mondrian,4124,4124,0.08754,361,0.4526,0.0112,0.8882,0.0164,0.4108,0.0121,0.8752,0.0433,0.18876,0.53774,0,0,997.0,997.0,200
chapman_ningbo,NSR,chapman_ningbo-calibration-holdout,calibration holdout,0.1,lac,weighted,1995,1995,0.15789,315,0.9005,0.0129,0.8139,0.0286,0.9169,0.0116,0.9321,0.0141,0.24441,0.24435,0,0,997.0,994.1,200
chapman_ningbo,NSR,ptbxl,away,0.1,lac,weighted,8000,6937,0.82675,6614,0.6344,0.0152,0.5827,0.0169,0.8811,0.0074,0.9296,0.0275,0.37921,0.38988,0,0,997.0,442.7,200
chapman_ningbo,NSR,chapman_ningbo,home,0.1,lac,weighted,7983,7983,0.18539,1480,0.8995,0.0076,0.7982,0.0127,0.9226,0.0065,0.9326,0.0102,0.25049,0.25112,0,0,997.0,994.4,200
chapman_ningbo,NSR,georgia,away,0.1,lac,weighted,4115,4115,0.17375,715,0.6341,0.0117,0.8349,0.0136,0.5919,0.0114,0.9176,0.0219,0.35704,0.36414,0,0,997.0,566.8,200
chapman_ningbo,NSR,cpsc,away,0.1,lac,weighted,4124,4124,0.08754,361,0.5311,0.0164,0.8578,0.0095,0.4998,0.0171,0.8978,0.0284,0.36374,0.37235,0,0,997.0,525.3,200
chapman_ningbo,NSR,chapman_ningbo-calibration-holdout,calibration holdout,0.1,aps,none,1995,1995,0.15789,315,0.8991,0.0137,0.8865,0.0244,0.9015,0.0143,1.0121,0.0206,0.89749,0.89749,0,0,997.0,997.0,200
chapman_ningbo,NSR,ptbxl,away,0.1,aps,none,8000,6937,0.82675,6614,0.7161,0.0109,0.6845,0.0112,0.8672,0.0121,1.1333,0.0223,0.89749,0.89749,0,0,997.0,997.0,200
chapman_ningbo,NSR,chapman_ningbo,home,0.1,aps,none,7983,7983,0.18539,1480,0.8974,0.0103,0.883,0.0124,0.9007,0.0103,1.011,0.017,0.89749,0.89749,0,0,997.0,997.0,200
chapman_ningbo,NSR,georgia,away,0.1,aps,none,4115,4115,0.17375,715,0.7178,0.0117,0.8989,0.0126,0.6797,0.0122,1.1231,0.0227,0.89749,0.89749,0,0,997.0,997.0,200
chapman_ningbo,NSR,cpsc,away,0.1,aps,none,4124,4124,0.08754,361,0.6451,0.0113,0.8751,0.0162,0.6231,0.0115,1.1507,0.0217,0.89749,0.89749,0,0,997.0,997.0,200
chapman_ningbo,NSR,chapman_ningbo-calibration-holdout,calibration holdout,0.1,aps,mondrian,1995,1995,0.15789,315,0.8993,0.0136,0.8997,0.0321,0.8992,0.0147,1.0238,0.0267,0.89521,0.91063,0,0,997.0,997.0,200
chapman_ningbo,NSR,ptbxl,away,0.1,aps,mondrian,8000,6937,0.82675,6614,0.729,0.0215,0.7005,0.0258,0.8647,0.0132,1.1458,0.0284,0.89521,0.91063,0,0,997.0,997.0,200
chapman_ningbo,NSR,chapman_ningbo,home,0.1,aps,mondrian,7983,7983,0.18539,1480,0.8982,0.0103,0.8971,0.0242,0.8984,0.0109,1.021,0.022,0.89521,0.91063,0,0,997.0,997.0,200
chapman_ningbo,NSR,georgia,away,0.1,aps,mondrian,4115,4115,0.17375,715,0.7179,0.0117,0.912,0.0232,0.6771,0.0127,1.1369,0.03,0.89521,0.91063,0,0,997.0,997.0,200
chapman_ningbo,NSR,cpsc,away,0.1,aps,mondrian,4124,4124,0.08754,361,0.6441,0.0115,0.8897,0.025,0.6205,0.0121,1.1647,0.0294,0.89521,0.91063,0,0,997.0,997.0,200
chapman_ningbo,NSR,chapman_ningbo-calibration-holdout,calibration holdout,0.1,aps,weighted,1995,1995,0.15789,315,0.8989,0.0138,0.8864,0.0244,0.9013,0.0144,1.0118,0.0208,0.8973,0.89733,0,0,997.0,994.1,200
chapman_ningbo,NSR,ptbxl,away,0.1,aps,weighted,8000,6937,0.82675,6614,0.7235,0.0157,0.6925,0.016,0.8715,0.016,1.1468,0.0329,0.90154,0.90431,0,0,997.0,442.7,200
chapman_ningbo,NSR,chapman_ningbo,home,0.1,aps,weighted,7983,7983,0.18539,1480,0.8974,0.0103,0.8831,0.0123,0.9006,0.0103,1.011,0.017,0.89745,0.89757,0,0,997.0,994.4,200
chapman_ningbo,NSR,georgia,away,0.1,aps,weighted,4115,4115,0.17375,715,0.7219,0.015,0.904,0.0144,0.6837,0.0157,1.1333,0.0296,0.90064,0.90273,0,0,997.0,566.8,200
chapman_ningbo,NSR,cpsc,away,0.1,aps,weighted,4124,4124,0.08754,361,0.6495,0.0151,0.881,0.0179,0.6273,0.0154,1.1615,0.0294,0.90093,0.90317,0,0,997.0,525.3,200
chapman_ningbo,NSR,chapman_ningbo-calibration-holdout,calibration holdout,0.05,lac,none,1995,1995,0.15789,315,0.9515,0.0093,0.9053,0.0195,0.9603,0.0088,1.0143,0.0106,0.55746,0.55746,0,0,997.0,997.0,200
chapman_ningbo,NSR,ptbxl,away,0.05,lac,none,8000,6937,0.82675,6614,0.6868,0.0121,0.6401,0.0135,0.91,0.0052,1.0344,0.0262,0.55746,0.55746,0,0,997.0,997.0,200
chapman_ningbo,NSR,chapman_ningbo,home,0.05,lac,none,7983,7983,0.18539,1480,0.946,0.0053,0.8819,0.0135,0.9606,0.0035,1.0142,0.0107,0.55746,0.55746,0,0,997.0,997.0,200
chapman_ningbo,NSR,georgia,away,0.05,lac,none,4115,4115,0.17375,715,0.6948,0.0112,0.8984,0.0111,0.6519,0.0113,1.0323,0.0252,0.55746,0.55746,0,0,997.0,997.0,200
chapman_ningbo,NSR,cpsc,away,0.05,lac,none,4124,4124,0.08754,361,0.6102,0.0143,0.8938,0.0057,0.583,0.0152,1.0434,0.033,0.55746,0.55746,0,0,997.0,997.0,200
chapman_ningbo,NSR,chapman_ningbo-calibration-holdout,calibration holdout,0.05,lac,mondrian,1995,1995,0.15789,315,0.9514,0.0093,0.9496,0.0229,0.9517,0.0101,1.078,0.0328,0.48643,0.84841,0,0,997.0,997.0,200
chapman_ningbo,NSR,ptbxl,away,0.05,lac,mondrian,8000,6937,0.82675,6614,0.7804,0.0227,0.7552,0.0273,0.9002,0.0076,1.1221,0.031,0.48643,0.84841,0,0,997.0,997.0,200
chapman_ningbo,NSR,chapman_ningbo,home,0.05,lac,mondrian,7983,7983,0.18539,1480,0.9547,0.0046,0.958,0.0124,0.954,0.0048,1.0781,0.0276,0.48643,0.84841,0,0,997.0,997.0,200
chapman_ningbo,NSR,georgia,away,0.05,lac,mondrian,4115,4115,0.17375,715,0.6911,0.0112,0.9688,0.0111,0.6327,0.0133,1.1286,0.0364,0.48643,0.84841,0,0,997.0,997.0,200
chapman_ningbo,NSR,cpsc,away,0.05,lac,mondrian,4124,4124,0.08754,361,0.59,0.0175,0.9481,0.0139,0.5557,0.0191,1.1574,0.036,0.48643,0.84841,0,0,997.0,997.0,200
chapman_ningbo,NSR,chapman_ningbo-calibration-holdout,calibration holdout,0.05,lac,weighted,1995,1995,0.15789,315,0.9514,0.009,0.9051,0.0198,0.9601,0.0084,1.0138,0.0102,0.55533,0.55522,0,0,997.0,994.1,200
chapman_ningbo,NSR,ptbxl,away,0.05,lac,weighted,8000,6937,0.82675,6614,0.7499,0.0211,0.712,0.0239,0.9308,0.0083,1.1647,0.05,0.73066,0.75387,0,0,997.0,442.7,200
chapman_ningbo,NSR,chapman_ningbo,home,0.05,lac,weighted,7983,7983,0.18539,1480,0.9467,0.0054,0.8839,0.014,0.961,0.0035,1.0156,0.011,0.5626,0.5636,0,0,997.0,994.4,200
chapman_ningbo,NSR,georgia,away,0.05,lac,weighted,4115,4115,0.17375,715,0.7389,0.0211,0.9433,0.0167,0.6959,0.0222,1.1335,0.0446,0.70421,0.72361,0,0,997.0,566.8,200
chapman_ningbo,NSR,cpsc,away,0.05,lac,weighted,4124,4124,0.08754,361,0.6617,0.0227,0.9201,0.0123,0.6369,0.0238,1.1762,0.0524,0.71317,0.73265,0,0,997.0,525.3,200
chapman_ningbo,NSR,chapman_ningbo-calibration-holdout,calibration holdout,0.05,aps,none,1995,1995,0.15789,315,0.9494,0.0091,0.9381,0.0184,0.9516,0.0092,1.1317,0.0232,0.94894,0.94894,0,0,997.0,997.0,200
chapman_ningbo,NSR,ptbxl,away,0.05,aps,none,8000,6937,0.82675,6614,0.7805,0.0099,0.7502,0.0104,0.9252,0.0094,1.2912,0.0277,0.94894,0.94894,0,0,997.0,997.0,200
chapman_ningbo,NSR,chapman_ningbo,home,0.05,aps,none,7983,7983,0.18539,1480,0.9487,0.0066,0.9372,0.0079,0.9513,0.0067,1.1243,0.0199,0.94894,0.94894,0,0,997.0,997.0,200
chapman_ningbo,NSR,georgia,away,0.05,aps,none,4115,4115,0.17375,715,0.7898,0.0124,0.9508,0.0093,0.7559,0.0135,1.2745,0.0269,0.94894,0.94894,0,0,997.0,997.0,200
chapman_ningbo,NSR,cpsc,away,0.05,aps,none,4124,4124,0.08754,361,0.7209,0.0135,0.9309,0.0116,0.7008,0.0141,1.2979,0.0257,0.94894,0.94894,0,0,997.0,997.0,200
chapman_ningbo,NSR,chapman_ningbo-calibration-holdout,calibration holdout,0.05,aps,mondrian,1995,1995,0.15789,315,0.9497,0.0091,0.9498,0.0247,0.9497,0.0099,1.1603,0.0385,0.94697,0.95992,0,0,997.0,997.0,200
chapman_ningbo,NSR,ptbxl,away,0.05,aps,mondrian,8000,6937,0.82675,6614,0.7969,0.0202,0.7705,0.0245,0.9228,0.0105,1.3082,0.0322,0.94697,0.95992,0,0,997.0,997.0,200
chapman_ningbo,NSR,chapman_ningbo,home,0.05,aps,mondrian,7983,7983,0.18539,1480,0.9493,0.0066,0.9491,0.0151,0.9493,0.0075,1.1506,0.0354,0.94697,0.95992,0,0,997.0,997.0,200
chapman_ningbo,NSR,georgia,away,0.05,aps,mondrian,4115,4115,0.17375,715,0.7886,0.0124,0.9616,0.0142,0.7522,0.0147,1.296,0.0346,0.94697,0.95992,0,0,997.0,997.0,200
chapman_ningbo,NSR,cpsc,away,0.05,aps,mondrian,4124,4124,0.08754,361,0.7183,0.014,0.9437,0.0169,0.6967,0.0154,1.3173,0.0314,0.94697,0.95992,0,0,997.0,997.0,200
chapman_ningbo,NSR,chapman_ningbo-calibration-holdout,calibration holdout,0.05,aps,weighted,1995,1995,0.15789,315,0.9493,0.0091,0.9379,0.0183,0.9514,0.0092,1.131,0.0233,0.94873,0.9487,0,0,997.0,994.1,200
chapman_ningbo,NSR,ptbxl,away,0.05,aps,weighted,8000,6937,0.82675,6614,0.7895,0.0144,0.7603,0.0152,0.929,0.0119,1.3118,0.0425,0.95189,0.95495,0,0,997.0,442.7,200
chapman_ningbo,NSR,chapman_ningbo,home,0.05,aps,weighted,7983,7983,0.18539,1480,0.9485,0.0066,0.9371,0.0079,0.9511,0.0067,1.1239,0.0198,0.94877,0.94887,0,0,997.0,994.4,200
chapman_ningbo,NSR,georgia,away,0.05,aps,weighted,4115,4115,0.17375,715,0.795,0.0155,0.9556,0.0101,0.7612,0.0172,1.2898,0.0352,0.95129,0.9536,0,0,997.0,566.8,200
chapman_ningbo,NSR,cpsc,away,0.05,aps,weighted,4124,4124,0.08754,361,0.727,0.0178,0.9368,0.012,0.7069,0.0187,1.314,0.0342,0.95142,0.95403,0,0,997.0,525.3,200
chapman_ningbo,AF,chapman_ningbo-calibration-holdout,calibration holdout,0.2,lac,none,1995,1995,0.0411,82,0.8003,0.017,0.0,0.0,0.8345,0.017,0.8052,0.0181,0.05675,0.05675,0,0,997.0,997.0,200
chapman_ningbo,AF,ptbxl,away,0.2,lac,none,8000,6937,0.06875,550,0.8938,0.0045,0.0,0.0,0.9598,0.0048,0.9081,0.0059,0.05675,0.05675,0,0,997.0,997.0,200
chapman_ningbo,AF,sph,away,0.2,lac,none,8000,7671,0.027,216,0.9644,0.0007,0.0,0.0,0.9911,0.0007,0.9658,0.001,0.05675,0.05675,0,0,997.0,997.0,200
chapman_ningbo,AF,chapman_ningbo,home,0.2,lac,none,7983,7983,0.04021,321,0.8014,0.0073,0.0,0.0,0.835,0.0076,0.8073,0.0082,0.05675,0.05675,0,0,997.0,997.0,200
chapman_ningbo,AF,georgia,away,0.2,lac,none,4115,4115,0.05225,215,0.8812,0.0079,0.0,0.0,0.9298,0.0084,0.8952,0.0091,0.05675,0.05675,0,0,997.0,997.0,200
chapman_ningbo,AF,cpsc,away,0.2,lac,none,4124,4124,0.13312,549,0.8249,0.0054,0.0,0.0,0.9516,0.0062,0.8511,0.0088,0.05675,0.05675,0,0,997.0,997.0,200
chapman_ningbo,AF,chapman_ningbo-calibration-holdout,calibration holdout,0.2,lac,mondrian,1995,1995,0.0411,82,0.8006,0.0183,0.8143,0.0782,0.8,0.0191,0.9438,0.0175,0.03546,0.93117,0,0,997.0,997.0,200
chapman_ningbo,AF,ptbxl,away,0.2,lac,mondrian,8000,6937,0.06875,550,0.9192,0.0095,0.7375,0.0358,0.9326,0.0101,0.957,0.0122,0.03546,0.93117,0,0,997.0,997.0,200
chapman_ningbo,AF,sph,away,0.2,lac,mondrian,8000,7671,0.027,216,0.9842,0.0021,0.9224,0.0148,0.9859,0.0021,0.992,0.0025,0.03546,0.93117,0,0,997.0,997.0,200
chapman_ningbo,AF,chapman_ningbo,home,0.2,lac,mondrian,7983,7983,0.04021,321,0.8015,0.0093,0.8031,0.0345,0.8014,0.0098,0.9472,0.0138,0.03546,0.93117,0,0,997.0,997.0,200
chapman_ningbo,AF,georgia,away,0.2,lac,mondrian,4115,4115,0.05225,215,0.8762,0.0133,0.6854,0.0288,0.8867,0.0141,0.9393,0.0157,0.03546,0.93117,0,0,997.0,997.0,200
chapman_ningbo,AF,cpsc,away,0.2,lac,mondrian,4124,4124,0.13312,549,0.8972,0.0099,0.7583,0.0288,0.9186,0.0108,0.9463,0.0135,0.03546,0.93117,0,0,997.0,997.0,200
chapman_ningbo,AF,chapman_ningbo-calibration-holdout,calibration holdout,0.2,lac,weighted,1995,1995,0.0411,82,1.0,0.0,1.0,0.0,1.0,0.0,2.0,0.0,inf,inf,200,200,997.0,0.0,200
chapman_ningbo,AF,ptbxl,away,0.2,lac,weighted,8000,6937,0.06875,550,1.0,0.0,1.0,0.0,1.0,0.0,2.0,0.0,inf,inf,200,200,997.0,0.0,200
chapman_ningbo,AF,sph,away,0.2,lac,weighted,8000,7671,0.027,216,1.0,0.0,1.0,0.0,1.0,0.0,2.0,0.0,inf,inf,200,200,997.0,0.0,200
chapman_ningbo,AF,chapman_ningbo,home,0.2,lac,weighted,7983,7983,0.04021,321,1.0,0.0,1.0,0.0,1.0,0.0,2.0,0.0,inf,inf,200,200,997.0,0.0,200
chapman_ningbo,AF,georgia,away,0.2,lac,weighted,4115,4115,0.05225,215,1.0,0.0,1.0,0.0,1.0,0.0,2.0,0.0,inf,inf,200,200,997.0,0.0,200
chapman_ningbo,AF,cpsc,away,0.2,lac,weighted,4124,4124,0.13312,549,1.0,0.0,1.0,0.0,1.0,0.0,2.0,0.0,inf,inf,200,200,997.0,0.0,200
chapman_ningbo,AF,chapman_ningbo-calibration-holdout,calibration holdout,0.2,aps,none,1995,1995,0.0411,82,0.8003,0.018,0.065,0.0399,0.8318,0.0174,0.8482,0.0195,0.80812,0.80812,0,0,997.0,997.0,200
chapman_ningbo,AF,ptbxl,away,0.2,aps,none,8000,6937,0.06875,550,0.7643,0.0134,0.0595,0.0161,0.8164,0.0134,0.829,0.0143,0.80812,0.80812,0,0,997.0,997.0,200
chapman_ningbo,AF,sph,away,0.2,aps,none,8000,7671,0.027,216,0.791,0.0133,0.0939,0.0284,0.8104,0.013,0.8171,0.0135,0.80812,0.80812,0,0,997.0,997.0,200
chapman_ningbo,AF,chapman_ningbo,home,0.2,aps,none,7983,7983,0.04021,321,0.8021,0.0131,0.0707,0.0197,0.8328,0.0131,0.8497,0.0157,0.80812,0.80812,0,0,997.0,997.0,200
chapman_ningbo,AF,georgia,away,0.2,aps,none,4115,4115,0.05225,215,0.782,0.0136,0.0828,0.0219,0.8205,0.0136,0.8328,0.0145,0.80812,0.80812,0,0,997.0,997.0,200
chapman_ningbo,AF,cpsc,away,0.2,aps,none,4124,4124,0.13312,549,0.717,0.0145,0.0672,0.0162,0.8167,0.0149,0.8414,0.0162,0.80812,0.80812,0,0,997.0,997.0,200
chapman_ningbo,AF,chapman_ningbo-calibration-holdout,calibration holdout,0.2,aps,mondrian,1995,1995,0.0411,82,0.8007,0.0183,0.8076,0.0854,0.8004,0.0192,1.0045,0.0315,0.77601,0.98153,0,0,997.0,997.0,200
chapman_ningbo,AF,ptbxl,away,0.2,aps,mondrian,8000,6937,0.06875,550,0.7817,0.0138,0.7511,0.0597,0.784,0.0147,0.902,0.0244,0.77601,0.98153,0,0,997.0,997.0,200
chapman_ningbo,AF,sph,away,0.2,aps,mondrian,8000,7671,0.027,216,0.7802,0.014,0.8567,0.0443,0.778,0.0146,0.8185,0.0145,0.77601,0.98153,0,0,997.0,997.0,200
chapman_ningbo,AF,chapman_ningbo,home,0.2,aps,mondrian,7983,7983,0.04021,321,0.8009,0.0137,0.802,0.0562,0.8009,0.0145,1.0027,0.0253,0.77601,0.98153,0,0,997.0,997.0,200
chapman_ningbo,AF,georgia,away,0.2,aps,mondrian,4115,4115,0.05225,215,0.7846,0.0144,0.7138,0.0606,0.7885,0.0152,0.9283,0.0291,0.77601,0.98153,0,0,997.0,997.0,200
chapman_ningbo,AF,cpsc,away,0.2,aps,mondrian,4124,4124,0.13312,549,0.7809,0.0149,0.7581,0.0545,0.7844,0.0156,0.9663,0.0286,0.77601,0.98153,0,0,997.0,997.0,200
chapman_ningbo,AF,chapman_ningbo-calibration-holdout,calibration holdout,0.2,aps,weighted,1995,1995,0.0411,82,1.0,0.0,1.0,0.0,1.0,0.0,2.0,0.0,inf,inf,200,200,997.0,0.0,200
chapman_ningbo,AF,ptbxl,away,0.2,aps,weighted,8000,6937,0.06875,550,1.0,0.0,1.0,0.0,1.0,0.0,2.0,0.0,inf,inf,200,200,997.0,0.0,200
chapman_ningbo,AF,sph,away,0.2,aps,weighted,8000,7671,0.027,216,1.0,0.0,1.0,0.0,1.0,0.0,2.0,0.0,inf,inf,200,200,997.0,0.0,200
chapman_ningbo,AF,chapman_ningbo,home,0.2,aps,weighted,7983,7983,0.04021,321,1.0,0.0,1.0,0.0,1.0,0.0,2.0,0.0,inf,inf,200,200,997.0,0.0,200
chapman_ningbo,AF,georgia,away,0.2,aps,weighted,4115,4115,0.05225,215,1.0,0.0,1.0,0.0,1.0,0.0,2.0,0.0,inf,inf,200,200,997.0,0.0,200
chapman_ningbo,AF,cpsc,away,0.2,aps,weighted,4124,4124,0.13312,549,1.0,0.0,1.0,0.0,1.0,0.0,2.0,0.0,inf,inf,200,200,997.0,0.0,200
chapman_ningbo,AF,chapman_ningbo-calibration-holdout,calibration holdout,0.1,lac,none,1995,1995,0.0411,82,0.9002,0.0125,0.0,0.0,0.9388,0.0116,0.9286,0.0122,0.16997,0.16997,0,0,997.0,997.0,200
chapman_ningbo,AF,ptbxl,away,0.1,lac,none,8000,6937,0.06875,550,0.9252,0.0007,0.0,0.0,0.9936,0.0007,0.9715,0.0029,0.16997,0.16997,0,0,997.0,997.0,200
chapman_ningbo,AF,sph,away,0.1,lac,none,8000,7671,0.027,216,0.9716,0.0002,0.0,0.0,0.9985,0.0002,0.9847,0.0012,0.16997,0.16997,0,0,997.0,997.0,200
chapman_ningbo,AF,chapman_ningbo,home,0.1,lac,none,7983,7983,0.04021,321,0.904,0.0054,0.0,0.0,0.9419,0.0057,0.9288,0.0067,0.16997,0.16997,0,0,997.0,997.0,200
chapman_ningbo,AF,georgia,away,0.1,lac,none,4115,4115,0.05225,215,0.9338,0.0016,0.0,0.0,0.9853,0.0017,0.9674,0.0026,0.16997,0.16997,0,0,997.0,997.0,200
chapman_ningbo,AF,cpsc,away,0.1,lac,none,4124,4124,0.13312,549,0.8582,0.0009,0.0,0.0,0.99,0.001,0.9457,0.0053,0.16997,0.16997,0,0,997.0,997.0,200
chapman_ningbo,AF,chapman_ningbo-calibration-holdout,calibration holdout,0.1,lac,mondrian,1995,1995,0.0411,82,0.8999,0.0123,0.9121,0.061,0.8995,0.0126,1.0934,0.0212,0.11468,0.9542,0,0,997.0,997.0,200
chapman_ningbo,AF,ptbxl,away,0.1,lac,mondrian,8000,6937,0.06875,550,0.9753,0.003,0.8362,0.0405,0.9855,0.0012,1.0584,0.0154,0.11468,0.9542,0,0,997.0,997.0,200
chapman_ningbo,AF,sph,away,0.1,lac,mondrian,8000,7671,0.027,216,0.9964,0.0005,0.9622,0.0157,0.9973,0.0003,1.0145,0.0032,0.11468,0.9542,0,0,997.0,997.0,200
chapman_ningbo,AF,chapman_ningbo,home,0.1,lac,mondrian,7983,7983,0.04021,321,0.8997,0.005,0.8967,0.0395,0.8998,0.005,1.09,0.0178,0.11468,0.9542,0,0,997.0,997.0,200
chapman_ningbo,AF,georgia,away,0.1,lac,mondrian,4115,4115,0.05225,215,0.9609,0.0028,0.7813,0.0424,0.9708,0.0019,1.0727,0.0218,0.11468,0.9542,0,0,997.0,997.0,200
chapman_ningbo,AF,cpsc,away,0.1,lac,mondrian,4124,4124,0.13312,549,0.9633,0.0051,0.8475,0.036,0.9811,0.0022,1.0766,0.0189,0.11468,0.9542,0,0,997.0,997.0,200
chapman_ningbo,AF,chapman_ningbo-calibration-holdout,calibration holdout,0.1,lac,weighted,1995,1995,0.0411,82,1.0,0.0,1.0,0.0,1.0,0.0,2.0,0.0,inf,inf,200,200,997.0,0.0,200
chapman_ningbo,AF,ptbxl,away,0.1,lac,weighted,8000,6937,0.06875,550,1.0,0.0,1.0,0.0,1.0,0.0,2.0,0.0,inf,inf,200,200,997.0,0.0,200
chapman_ningbo,AF,sph,away,0.1,lac,weighted,8000,7671,0.027,216,1.0,0.0,1.0,0.0,1.0,0.0,2.0,0.0,inf,inf,200,200,997.0,0.0,200
chapman_ningbo,AF,chapman_ningbo,home,0.1,lac,weighted,7983,7983,0.04021,321,1.0,0.0,1.0,0.0,1.0,0.0,2.0,0.0,inf,inf,200,200,997.0,0.0,200
chapman_ningbo,AF,georgia,away,0.1,lac,weighted,4115,4115,0.05225,215,1.0,0.0,1.0,0.0,1.0,0.0,2.0,0.0,inf,inf,200,200,997.0,0.0,200
chapman_ningbo,AF,cpsc,away,0.1,lac,weighted,4124,4124,0.13312,549,1.0,0.0,1.0,0.0,1.0,0.0,2.0,0.0,inf,inf,200,200,997.0,0.0,200
chapman_ningbo,AF,chapman_ningbo-calibration-holdout,calibration holdout,0.1,aps,none,1995,1995,0.0411,82,0.9001,0.0137,0.2929,0.0754,0.9262,0.0119,0.9922,0.02,0.9091,0.9091,0,0,997.0,997.0,200
chapman_ningbo,AF,ptbxl,away,0.1,aps,none,8000,6937,0.06875,550,0.8723,0.0108,0.2754,0.0375,0.9164,0.0091,0.947,0.0123,0.9091,0.9091,0,0,997.0,997.0,200
chapman_ningbo,AF,sph,away,0.1,aps,none,8000,7671,0.027,216,0.8976,0.0105,0.4081,0.0501,0.9112,0.0097,0.926,0.0109,0.9091,0.9091,0,0,997.0,997.0,200
chapman_ningbo,AF,chapman_ningbo,home,0.1,aps,none,7983,7983,0.04021,321,0.9024,0.0098,0.3218,0.0433,0.9267,0.0087,0.9927,0.0166,0.9091,0.9091,0,0,997.0,997.0,200
chapman_ningbo,AF,georgia,away,0.1,aps,none,4115,4115,0.05225,215,0.8874,0.011,0.2965,0.0392,0.92,0.0099,0.9529,0.0135,0.9091,0.9091,0,0,997.0,997.0,200
chapman_ningbo,AF,cpsc,away,0.1,aps,none,4124,4124,0.13312,549,0.8355,0.0133,0.3007,0.036,0.9176,0.0106,0.9749,0.015,0.9091,0.9091,0,0,997.0,997.0,200
chapman_ningbo,AF,chapman_ningbo-calibration-holdout,calibration holdout,0.1,aps,mondrian,1995,1995,0.0411,82,0.9001,0.014,0.9044,0.0657,0.8999,0.0143,1.1615,0.043,0.88004,0.99114,0,0,997.0,997.0,200
chapman_ningbo,AF,ptbxl,away,0.1,aps,mondrian,8000,6937,0.06875,550,0.8858,0.0111,0.8591,0.0538,0.8878,0.0114,1.063,0.0445,0.88004,0.99114,0,0,997.0,997.0,200
chapman_ningbo,AF,sph,away,0.1,aps,mondrian,8000,7671,0.027,216,0.8834,0.0113,0.927,0.0363,0.8822,0.0117,0.9378,0.0177,0.88004,0.99114,0,0,997.0,997.0,200
chapman_ningbo,AF,chapman_ningbo,home,0.1,aps,mondrian,7983,7983,0.04021,321,0.9006,0.0105,0.9019,0.0479,0.9006,0.0109,1.1604,0.041,0.88004,0.99114,0,0,997.0,997.0,200
chapman_ningbo,AF,georgia,away,0.1,aps,mondrian,4115,4115,0.05225,215,0.888,0.0114,0.8181,0.0557,0.8919,0.0118,1.106,0.0547,0.88004,0.99114,0,0,997.0,997.0,200
chapman_ningbo,AF,cpsc,away,0.1,aps,mondrian,4124,4124,0.13312,549,0.8846,0.0131,0.8567,0.0496,0.8889,0.0128,1.1368,0.0508,0.88004,0.99114,0,0,997.0,997.0,200
chapman_ningbo,AF,chapman_ningbo-calibration-holdout,calibration holdout,0.1,aps,weighted,1995,1995,0.0411,82,1.0,0.0,1.0,0.0,1.0,0.0,2.0,0.0,inf,inf,200,200,997.0,0.0,200
chapman_ningbo,AF,ptbxl,away,0.1,aps,weighted,8000,6937,0.06875,550,1.0,0.0,1.0,0.0,1.0,0.0,2.0,0.0,inf,inf,200,200,997.0,0.0,200
chapman_ningbo,AF,sph,away,0.1,aps,weighted,8000,7671,0.027,216,1.0,0.0,1.0,0.0,1.0,0.0,2.0,0.0,inf,inf,200,200,997.0,0.0,200
chapman_ningbo,AF,chapman_ningbo,home,0.1,aps,weighted,7983,7983,0.04021,321,1.0,0.0,1.0,0.0,1.0,0.0,2.0,0.0,inf,inf,200,200,997.0,0.0,200
chapman_ningbo,AF,georgia,away,0.1,aps,weighted,4115,4115,0.05225,215,1.0,0.0,1.0,0.0,1.0,0.0,2.0,0.0,inf,inf,200,200,997.0,0.0,200
chapman_ningbo,AF,cpsc,away,0.1,aps,weighted,4124,4124,0.13312,549,1.0,0.0,1.0,0.0,1.0,0.0,2.0,0.0,inf,inf,200,200,997.0,0.0,200
chapman_ningbo,AF,chapman_ningbo-calibration-holdout,calibration holdout,0.05,lac,none,1995,1995,0.0411,82,0.9509,0.0091,0.0006,0.0064,0.9916,0.0062,0.9904,0.0082,0.32645,0.32645,0,0,997.0,997.0,200
chapman_ningbo,AF,ptbxl,away,0.05,lac,none,8000,6937,0.06875,550,0.9298,0.0008,0.0011,0.0078,0.9983,0.0005,0.9955,0.0029,0.32645,0.32645,0,0,997.0,997.0,200
chapman_ningbo,AF,sph,away,0.05,lac,none,8000,7671,0.027,216,0.9727,0.0004,0.0015,0.0106,0.9996,0.0002,0.9979,0.0016,0.32645,0.32645,0,0,997.0,997.0,200
chapman_ningbo,AF,chapman_ningbo,home,0.05,lac,none,7983,7983,0.04021,321,0.952,0.0048,0.0013,0.009,0.9918,0.0049,0.9902,0.0067,0.32645,0.32645,0,0,997.0,997.0,200
chapman_ningbo,AF,georgia,away,0.05,lac,none,4115,4115,0.05225,215,0.9452,0.0015,0.002,0.0131,0.9972,0.0012,0.9933,0.004,0.32645,0.32645,0,0,997.0,997.0,200
chapman_ningbo,AF,cpsc,away,0.05,lac,none,4124,4124,0.13312,549,0.8656,0.0015,0.0013,0.0094,0.9983,0.0005,0.991,0.0057,0.32645,0.32645,0,0,997.0,997.0,200
chapman_ningbo,AF,chapman_ningbo-calibration-holdout,calibration holdout,0.05,lac,mondrian,1995,1995,0.0411,82,0.9507,0.0099,0.9627,0.0379,0.9502,0.0104,1.1863,0.0177,0.18404,0.97138,0,0,997.0,997.0,200
chapman_ningbo,AF,ptbxl,away,0.05,lac,mondrian,8000,6937,0.06875,550,0.9881,0.0016,0.9017,0.0239,0.9945,0.0004,1.1157,0.016,0.18404,0.97138,0,0,997.0,997.0,200
chapman_ningbo,AF,sph,away,0.05,lac,mondrian,8000,7671,0.027,216,0.9986,0.0003,0.9837,0.0065,0.999,0.0002,1.0304,0.0034,0.18404,0.97138,0,0,997.0,997.0,200
chapman_ningbo,AF,chapman_ningbo,home,0.05,lac,mondrian,7983,7983,0.04021,321,0.951,0.0033,0.9592,0.0215,0.9506,0.0035,1.181,0.0133,0.18404,0.97138,0,0,997.0,997.0,200
chapman_ningbo,AF,georgia,away,0.05,lac,mondrian,4115,4115,0.05225,215,0.9803,0.0015,0.8457,0.0255,0.9877,0.001,1.1426,0.021,0.18404,0.97138,0,0,997.0,997.0,200
chapman_ningbo,AF,cpsc,away,0.05,lac,mondrian,4124,4124,0.13312,549,0.9792,0.0024,0.8969,0.0177,0.9919,0.0008,1.1594,0.018,0.18404,0.97138,0,0,997.0,997.0,200
chapman_ningbo,AF,chapman_ningbo-calibration-holdout,calibration holdout,0.05,lac,weighted,1995,1995,0.0411,82,1.0,0.0,1.0,0.0,1.0,0.0,2.0,0.0,inf,inf,200,200,997.0,0.0,200
chapman_ningbo,AF,ptbxl,away,0.05,lac,weighted,8000,6937,0.06875,550,1.0,0.0,1.0,0.0,1.0,0.0,2.0,0.0,inf,inf,200,200,997.0,0.0,200
chapman_ningbo,AF,sph,away,0.05,lac,weighted,8000,7671,0.027,216,1.0,0.0,1.0,0.0,1.0,0.0,2.0,0.0,inf,inf,200,200,997.0,0.0,200
chapman_ningbo,AF,chapman_ningbo,home,0.05,lac,weighted,7983,7983,0.04021,321,1.0,0.0,1.0,0.0,1.0,0.0,2.0,0.0,inf,inf,200,200,997.0,0.0,200
chapman_ningbo,AF,georgia,away,0.05,lac,weighted,4115,4115,0.05225,215,1.0,0.0,1.0,0.0,1.0,0.0,2.0,0.0,inf,inf,200,200,997.0,0.0,200
chapman_ningbo,AF,cpsc,away,0.05,lac,weighted,4124,4124,0.13312,549,1.0,0.0,1.0,0.0,1.0,0.0,2.0,0.0,inf,inf,200,200,997.0,0.0,200
chapman_ningbo,AF,chapman_ningbo-calibration-holdout,calibration holdout,0.05,aps,none,1995,1995,0.0411,82,0.9504,0.0098,0.5785,0.0848,0.9664,0.0076,1.0937,0.0187,0.95526,0.95526,0,0,997.0,997.0,200
chapman_ningbo,AF,ptbxl,away,0.05,aps,none,8000,6937,0.06875,550,0.9313,0.008,0.5253,0.0423,0.9613,0.0058,1.0211,0.0116,0.95526,0.95526,0,0,997.0,997.0,200
chapman_ningbo,AF,sph,away,0.05,aps,none,8000,7671,0.027,216,0.9493,0.0073,0.6733,0.0482,0.957,0.0064,0.9812,0.008,0.95526,0.95526,0,0,997.0,997.0,200
chapman_ningbo,AF,chapman_ningbo,home,0.05,aps,none,7983,7983,0.04021,321,0.9507,0.0064,0.5802,0.0452,0.9662,0.0051,1.0931,0.0161,0.95526,0.95526,0,0,997.0,997.0,200
chapman_ningbo,AF,georgia,away,0.05,aps,none,4115,4115,0.05225,215,0.9399,0.0076,0.5118,0.0458,0.9635,0.006,1.031,0.014,0.95526,0.95526,0,0,997.0,997.0,200
chapman_ningbo,AF,cpsc,away,0.05,aps,none,4124,4124,0.13312,549,0.9065,0.011,0.5451,0.0449,0.962,0.0065,1.0635,0.0152,0.95526,0.95526,0,0,997.0,997.0,200
chapman_ningbo,AF,chapman_ningbo-calibration-holdout,calibration holdout,0.05,aps,mondrian,1995,1995,0.0411,82,0.9498,0.0103,0.9534,0.0498,0.9496,0.0106,1.2933,0.1011,0.9357,0.99579,0,0,997.0,997.0,200
chapman_ningbo,AF,ptbxl,away,0.05,aps,mondrian,8000,6937,0.06875,550,0.9411,0.0086,0.9224,0.0469,0.9424,0.0088,1.2147,0.1264,0.9357,0.99579,0,0,997.0,997.0,200
chapman_ningbo,AF,sph,away,0.05,aps,mondrian,8000,7671,0.027,216,0.9384,0.0089,0.963,0.0275,0.9377,0.0092,1.0404,0.0919,0.9357,0.99579,0,0,997.0,997.0,200
chapman_ningbo,AF,chapman_ningbo,home,0.05,aps,mondrian,7983,7983,0.04021,321,0.9499,0.0077,0.9538,0.0361,0.9498,0.0079,1.2945,0.1033,0.9357,0.99579,0,0,997.0,997.0,200
chapman_ningbo,AF,georgia,away,0.05,aps,mondrian,4115,4115,0.05225,215,0.9423,0.0089,0.8883,0.0532,0.9453,0.0092,1.2692,0.124,0.9357,0.99579,0,0,997.0,997.0,200
chapman_ningbo,AF,cpsc,away,0.05,aps,mondrian,4124,4124,0.13312,549,0.9397,0.0101,0.9164,0.0447,0.9433,0.0095,1.2908,0.1198,0.9357,0.99579,0,0,997.0,997.0,200
chapman_ningbo,AF,chapman_ningbo-calibration-holdout,calibration holdout,0.05,aps,weighted,1995,1995,0.0411,82,1.0,0.0,1.0,0.0,1.0,0.0,2.0,0.0,inf,inf,200,200,997.0,0.0,200
chapman_ningbo,AF,ptbxl,away,0.05,aps,weighted,8000,6937,0.06875,550,1.0,0.0,1.0,0.0,1.0,0.0,2.0,0.0,inf,inf,200,200,997.0,0.0,200
chapman_ningbo,AF,sph,away,0.05,aps,weighted,8000,7671,0.027,216,1.0,0.0,1.0,0.0,1.0,0.0,2.0,0.0,inf,inf,200,200,997.0,0.0,200
chapman_ningbo,AF,chapman_ningbo,home,0.05,aps,weighted,7983,7983,0.04021,321,1.0,0.0,1.0,0.0,1.0,0.0,2.0,0.0,inf,inf,200,200,997.0,0.0,200
chapman_ningbo,AF,georgia,away,0.05,aps,weighted,4115,4115,0.05225,215,1.0,0.0,1.0,0.0,1.0,0.0,2.0,0.0,inf,inf,200,200,997.0,0.0,200
chapman_ningbo,AF,cpsc,away,0.05,aps,weighted,4124,4124,0.13312,549,1.0,0.0,1.0,0.0,1.0,0.0,2.0,0.0,inf,inf,200,200,997.0,0.0,200
chapman_ningbo,LBBB,chapman_ningbo-calibration-holdout,calibration holdout,0.2,lac,none,1995,1995,0.00802,16,0.8012,0.0183,0.0,0.0,0.8077,0.0181,0.8018,0.0183,0.00827,0.00827,0,0,997.0,997.0,200
chapman_ningbo,LBBB,ptbxl,away,0.2,lac,none,8000,6937,0.027,216,0.8022,0.0066,0.0,0.0,0.8244,0.0068,0.8024,0.0066,0.00827,0.00827,0,0,997.0,997.0,200
chapman_ningbo,LBBB,sph,away,0.2,lac,none,8000,7671,0.00287,23,0.96,0.0026,0.0,0.0,0.9628,0.0026,0.96,0.0026,0.00827,0.00827,0,0,997.0,997.0,200
chapman_ningbo,LBBB,chapman_ningbo,home,0.2,lac,none,7983,7983,0.01015,81,0.7882,0.0109,0.0,0.0,0.7963,0.011,0.7884,0.0109,0.00827,0.00827,0,0,997.0,997.0,200
chapman_ningbo,LBBB,georgia,away,0.2,lac,none,4115,4115,0.02187,90,0.807,0.0071,0.0,0.0,0.8251,0.0073,0.808,0.0071,0.00827,0.00827,0,0,997.0,997.0,200
chapman_ningbo,LBBB,cpsc,away,0.2,lac,none,4124,4124,0.0274,113,0.8017,0.0102,0.0,0.0,0.8243,0.0105,0.8033,0.0103,0.00827,0.00827,0,0,997.0,997.0,200
chapman_ningbo,LBBB,chapman_ningbo-calibration-holdout,calibration holdout,0.2,lac,mondrian,1995,1995,0.00802,16,0.8006,0.0179,0.837,0.1847,0.8003,0.018,1.0714,0.402,0.00794,0.92141,2,0,997.0,997.0,200
chapman_ningbo,LBBB,ptbxl,away,0.2,lac,mondrian,8000,6937,0.027,216,0.8209,0.0067,0.8705,0.1481,0.8195,0.0056,1.0774,0.3693,0.00794,0.92141,2,0,997.0,997.0,200
chapman_ningbo,LBBB,sph,away,0.2,lac,mondrian,8000,7671,0.00287,23,0.9605,0.0025,0.868,0.1616,0.9608,0.0025,1.147,0.3086,0.00794,0.92141,2,0,997.0,997.0,200
chapman_ningbo,LBBB,chapman_ningbo,home,0.2,lac,mondrian,7983,7983,0.01015,81,0.7884,0.0098,0.8167,0.1482,0.7881,0.0098,1.0587,0.3971,0.00794,0.92141,2,0,997.0,997.0,200
chapman_ningbo,LBBB,georgia,away,0.2,lac,mondrian,4115,4115,0.02187,90,0.8188,0.0072,0.7848,0.1845,0.8196,0.0062,1.0669,0.3611,0.00794,0.92141,2,0,997.0,997.0,200
chapman_ningbo,LBBB,cpsc,away,0.2,lac,mondrian,4124,4124,0.0274,113,0.8149,0.0107,0.7583,0.1907,0.8165,0.0096,1.0513,0.3656,0.00794,0.92141,2,0,997.0,997.0,200
chapman_ningbo,LBBB,chapman_ningbo-calibration-holdout,calibration holdout,0.2,lac,weighted,1995,1995,0.00802,16,0.8472,0.0825,0.215,0.4119,0.8524,0.0798,1.0626,0.4922,0.00853,0.00857,43,43,997.0,974.6,200
chapman_ningbo,LBBB,ptbxl,away,0.2,lac,weighted,8000,6937,0.027,216,0.8142,0.025,0.015,0.1219,0.8364,0.0226,0.8294,0.1451,0.00892,0.00902,3,3,997.0,957.2,200
chapman_ningbo,LBBB,sph,away,0.2,lac,weighted,8000,7671,0.00287,23,0.9986,0.0076,0.9639,0.1847,0.9987,0.007,1.9536,0.2142,0.26705,0.21221,191,190,997.0,696.4,200
chapman_ningbo,LBBB,chapman_ningbo,home,0.2,lac,weighted,7983,7983,0.01015,81,0.8019,0.028,0.015,0.1219,0.81,0.0272,0.8172,0.147,0.00877,0.00885,3,3,997.0,968.1,200
chapman_ningbo,LBBB,georgia,away,0.2,lac,weighted,4115,4115,0.02187,90,0.8103,0.0248,0.015,0.1219,0.828,0.0228,0.8262,0.1454,0.00829,0.0083,3,3,997.0,991.5,200
chapman_ningbo,LBBB,cpsc,away,0.2,lac,weighted,4124,4124,0.0274,113,0.8099,0.0262,0.015,0.1219,0.8323,0.0239,0.8265,0.1456,0.00852,0.00856,3,3,997.0,983.9,200
chapman_ningbo,LBBB,chapman_ningbo-calibration-holdout,calibration holdout,0.2,aps,none,1995,1995,0.00802,16,0.8011,0.0178,0.4693,0.1486,0.8038,0.0177,0.812,0.0181,0.79732,0.79732,0,0,997.0,997.0,200
chapman_ningbo,LBBB,ptbxl,away,0.2,aps,none,8000,6937,0.027,216,0.7922,0.0136,0.3438,0.0267,0.8046,0.0134,0.8209,0.0143,0.79732,0.79732,0,0,997.0,997.0,200
chapman_ningbo,LBBB,sph,away,0.2,aps,none,8000,7671,0.00287,23,0.7974,0.0136,0.2874,0.0668,0.7989,0.0136,0.8004,0.0137,0.79732,0.79732,0,0,997.0,997.0,200
chapman_ningbo,LBBB,chapman_ningbo,home,0.2,aps,none,7983,7983,0.01015,81,0.801,0.0134,0.5044,0.0253,0.804,0.0134,0.8144,0.0139,0.79732,0.79732,0,0,997.0,997.0,200
chapman_ningbo,LBBB,georgia,away,0.2,aps,none,4115,4115,0.02187,90,0.7919,0.0137,0.2473,0.0326,0.804,0.0137,0.8162,0.0142,0.79732,0.79732,0,0,997.0,997.0,200
chapman_ningbo,LBBB,cpsc,away,0.2,aps,none,4124,4124,0.0274,113,0.7862,0.0143,0.2593,0.0271,0.801,0.0144,0.8118,0.0148,0.79732,0.79732,0,0,997.0,997.0,200
chapman_ningbo,LBBB,chapman_ningbo-calibration-holdout,calibration holdout,0.2,aps,mondrian,1995,1995,0.00802,16,0.8013,0.0183,0.8392,0.1822,0.801,0.0182,1.0994,0.3812,0.79451,0.97323,2,0,997.0,997.0,200
chapman_ningbo,LBBB,ptbxl,away,0.2,aps,mondrian,8000,6937,0.027,216,0.8036,0.0145,0.8692,0.148,0.8018,0.0137,1.092,0.3427,0.79451,0.97323,2,0,997.0,997.0,200
chapman_ningbo,LBBB,sph,away,0.2,aps,mondrian,8000,7671,0.00287,23,0.7962,0.0141,0.8487,0.1714,0.7961,0.0141,0.9879,0.3085,0.79451,0.97323,2,0,997.0,997.0,200
chapman_ningbo,LBBB,chapman_ningbo,home,0.2,aps,mondrian,7983,7983,0.01015,81,0.8016,0.0138,0.8467,0.1374,0.8011,0.0137,1.1004,0.3745,0.79451,0.97323,2,0,997.0,997.0,200
chapman_ningbo,LBBB,georgia,away,0.2,aps,mondrian,4115,4115,0.02187,90,0.8013,0.0148,0.7987,0.1851,0.8013,0.014,1.0834,0.3425,0.79451,0.97323,2,0,997.0,997.0,200
chapman_ningbo,LBBB,cpsc,away,0.2,aps,mondrian,4124,4124,0.0274,113,0.7977,0.0157,0.7804,0.1857,0.7982,0.0146,1.0726,0.3445,0.79451,0.97323,2,0,997.0,997.0,200
chapman_ningbo,LBBB,chapman_ningbo-calibration-holdout,calibration holdout,0.2,aps,weighted,1995,1995,0.00802,16,0.846,0.0826,0.6007,0.245,0.848,0.0815,1.0699,0.4883,0.79983,0.80058,43,43,997.0,974.6,200
chapman_ningbo,LBBB,ptbxl,away,0.2,aps,weighted,8000,6937,0.027,216,0.8008,0.0291,0.3636,0.0844,0.813,0.0278,0.8445,0.1439,0.80283,0.8044,3,3,997.0,957.2,200
chapman_ningbo,LBBB,sph,away,0.2,aps,weighted,8000,7671,0.00287,23,0.9921,0.0381,0.9741,0.1343,0.9922,0.0378,1.9474,0.2418,0.84231,0.83914,191,190,997.0,696.4,200
chapman_ningbo,LBBB,chapman_ningbo,home,0.2,aps,weighted,7983,7983,0.01015,81,0.8084,0.028,0.5152,0.065,0.8114,0.0277,0.8368,0.1447,0.80184,0.80307,3,3,997.0,968.1,200
chapman_ningbo,LBBB,georgia,away,0.2,aps,weighted,4115,4115,0.02187,90,0.7956,0.029,0.2603,0.0972,0.8075,0.0278,0.8345,0.1449,0.79792,0.79808,3,3,997.0,991.5,200
chapman_ningbo,LBBB,cpsc,away,0.2,aps,weighted,4124,4124,0.0274,113,0.7918,0.0299,0.2735,0.0942,0.8064,0.0284,0.8321,0.1453,0.79975,0.80043,3,3,997.0,983.9,200
chapman_ningbo,LBBB,chapman_ningbo-calibration-holdout,calibration holdout,0.1,lac,none,1995,1995,0.00802,16,0.9012,0.0117,0.0,0.0,0.9085,0.0114,0.9017,0.0117,0.01844,0.01844,0,0,997.0,997.0,200
chapman_ningbo,LBBB,ptbxl,away,0.1,lac,none,8000,6937,0.027,216,0.8784,0.0043,0.0,0.0,0.9028,0.0044,0.8787,0.0043,0.01844,0.01844,0,0,997.0,997.0,200
chapman_ningbo,LBBB,sph,away,0.1,lac,none,8000,7671,0.00287,23,0.9856,0.0011,0.0,0.0,0.9884,0.0011,0.9856,0.0011,0.01844,0.01844,0,0,997.0,997.0,200
chapman_ningbo,LBBB,chapman_ningbo,home,0.1,lac,none,7983,7983,0.01015,81,0.8968,0.0052,0.0,0.0,0.906,0.0052,0.8974,0.0052,0.01844,0.01844,0,0,997.0,997.0,200
chapman_ningbo,LBBB,georgia,away,0.1,lac,none,4115,4115,0.02187,90,0.8845,0.0043,0.0,0.0,0.9043,0.0044,0.886,0.0044,0.01844,0.01844,0,0,997.0,997.0,200
chapman_ningbo,LBBB,cpsc,away,0.1,lac,none,4124,4124,0.0274,113,0.9018,0.0048,0.0,0.0,0.9272,0.005,0.9042,0.005,0.01844,0.01844,0,0,997.0,997.0,200
chapman_ningbo,LBBB,chapman_ningbo-calibration-holdout,calibration holdout,0.1,lac,mondrian,1995,1995,0.00802,16,0.9011,0.0118,0.9666,0.0872,0.9005,0.0119,1.7288,0.3426,0.01697,0.97984,122,0,997.0,997.0,200
chapman_ningbo,LBBB,ptbxl,away,0.1,lac,mondrian,8000,6937,0.027,216,0.8993,0.0045,0.9914,0.0355,0.8968,0.0046,1.7001,0.3291,0.01697,0.97984,122,0,997.0,997.0,200
chapman_ningbo,LBBB,sph,away,0.1,lac,mondrian,8000,7671,0.00287,23,0.9869,0.0014,0.9935,0.0372,0.9869,0.0014,1.7532,0.3572,0.01697,0.97984,122,0,997.0,997.0,200
chapman_ningbo,LBBB,chapman_ningbo,home,0.1,lac,mondrian,7983,7983,0.01015,81,0.8997,0.0056,0.9777,0.0617,0.8989,0.0057,1.7248,0.34,0.01697,0.97984,122,0,997.0,997.0,200
chapman_ningbo,LBBB,georgia,away,0.1,lac,mondrian,4115,4115,0.02187,90,0.9005,0.004,0.9751,0.0682,0.8988,0.0039,1.6993,0.3314,0.01697,0.97984,122,0,997.0,997.0,200
chapman_ningbo,LBBB,cpsc,away,0.1,lac,mondrian,4124,4124,0.0274,113,0.9222,0.0049,0.9673,0.0779,0.9209,0.0047,1.7134,0.3384,0.01697,0.97984,122,0,997.0,997.0,200
chapman_ningbo,LBBB,chapman_ningbo-calibration-holdout,calibration holdout,0.1,lac,weighted,1995,1995,0.00802,16,0.9264,0.0409,0.2164,0.4116,0.9323,0.038,1.1418,0.4505,0.02028,0.02106,43,43,997.0,974.6,200
chapman_ningbo,LBBB,ptbxl,away,0.1,lac,weighted,8000,6937,0.027,216,0.89,0.0169,0.0151,0.1219,0.9143,0.0148,0.9054,0.1358,0.02249,0.02383,3,3,997.0,957.2,200
chapman_ningbo,LBBB,sph,away,0.1,lac,weighted,8000,7671,0.00287,23,0.9995,0.0028,0.965,0.1842,0.9996,0.0023,1.9645,0.1871,0.28604,0.01742,193,190,997.0,696.4,200
chapman_ningbo,LBBB,chapman_ningbo,home,0.1,lac,weighted,7983,7983,0.01015,81,0.9074,0.0152,0.0151,0.1219,0.9166,0.0145,0.9232,0.1336,0.02135,0.02202,3,3,997.0,968.1,200
chapman_ningbo,LBBB,georgia,away,0.1,lac,weighted,4115,4115,0.02187,90,0.8868,0.0152,0.015,0.1219,0.9062,0.013,0.9032,0.1358,0.01859,0.01864,3,3,997.0,991.5,200
chapman_ningbo,LBBB,cpsc,away,0.1,lac,weighted,4124,4124,0.0274,113,0.9075,0.0139,0.015,0.1219,0.9327,0.0116,0.925,0.1332,0.01969,0.01998,3,3,997.0,983.9,200
chapman_ningbo,LBBB,chapman_ningbo-calibration-holdout,calibration holdout,0.1,aps,none,1995,1995,0.00802,16,0.8994,0.0141,0.6309,0.1513,0.9016,0.0139,0.9175,0.0151,0.8961,0.8961,0,0,997.0,997.0,200
chapman_ningbo,LBBB,ptbxl,away,0.1,aps,none,8000,6937,0.027,216,0.8929,0.0099,0.5414,0.036,0.9026,0.0095,0.9314,0.0113,0.8961,0.8961,0,0,997.0,997.0,200
chapman_ningbo,LBBB,sph,away,0.1,aps,none,8000,7671,0.00287,23,0.8965,0.0099,0.503,0.0876,0.8977,0.0098,0.9003,0.01,0.8961,0.8961,0,0,997.0,997.0,200
chapman_ningbo,LBBB,chapman_ningbo,home,0.1,aps,none,7983,7983,0.01015,81,0.8994,0.0098,0.5904,0.0298,0.9025,0.0098,0.9205,0.0109,0.8961,0.8961,0,0,997.0,997.0,200
chapman_ningbo,LBBB,georgia,away,0.1,aps,none,4115,4115,0.02187,90,0.8921,0.0104,0.4295,0.0391,0.9025,0.0102,0.9233,0.0114,0.8961,0.8961,0,0,997.0,997.0,200
chapman_ningbo,LBBB,cpsc,away,0.1,aps,none,4124,4124,0.0274,113,0.8877,0.011,0.4231,0.0362,0.9008,0.0108,0.9187,0.0116,0.8961,0.8961,0,0,997.0,997.0,200
chapman_ningbo,LBBB,chapman_ningbo-calibration-holdout,calibration holdout,0.1,aps,mondrian,1995,1995,0.00802,16,0.8998,0.0138,0.9612,0.1086,0.8992,0.0138,1.7401,0.3154,0.8936,0.99278,122,0,997.0,997.0,200
chapman_ningbo,LBBB,ptbxl,away,0.1,aps,mondrian,8000,6937,0.027,216,0.9025,0.0095,0.985,0.0479,0.9002,0.0097,1.7257,0.312,0.8936,0.99278,122,0,997.0,997.0,200
chapman_ningbo,LBBB,sph,away,0.1,aps,mondrian,8000,7671,0.00287,23,0.8954,0.01,0.982,0.0608,0.8952,0.01,1.6648,0.3581,0.8936,0.99278,122,0,997.0,997.0,200
chapman_ningbo,LBBB,chapman_ningbo,home,0.1,aps,mondrian,7983,7983,0.01015,81,0.9009,0.0099,0.9778,0.064,0.9001,0.0099,1.7397,0.312,0.8936,0.99278,122,0,997.0,997.0,200
chapman_ningbo,LBBB,georgia,away,0.1,aps,mondrian,4115,4115,0.02187,90,0.9014,0.0103,0.9716,0.0766,0.8999,0.0103,1.722,0.3149,0.8936,0.99278,122,0,997.0,997.0,200
chapman_ningbo,LBBB,cpsc,away,0.1,aps,mondrian,4124,4124,0.0274,113,0.9002,0.0108,0.9672,0.0843,0.8983,0.0106,1.7182,0.3181,0.8936,0.99278,122,0,997.0,997.0,200
chapman_ningbo,LBBB,chapman_ningbo-calibration-holdout,calibration holdout,0.1,aps,weighted,1995,1995,0.00802,16,0.9222,0.0433,0.7264,0.1925,0.9238,0.0423,1.1521,0.4451,0.89756,0.89832,43,43,997.0,974.6,200
chapman_ningbo,LBBB,ptbxl,away,0.1,aps,weighted,8000,6937,0.027,216,0.8988,0.017,0.5666,0.0698,0.908,0.0157,0.9527,0.1303,0.90017,0.90192,3,3,997.0,957.2,200
chapman_ningbo,LBBB,sph,away,0.1,aps,weighted,8000,7671,0.00287,23,0.996,0.0191,0.982,0.0963,0.9961,0.0189,1.9612,0.2019,0.92006,0.89968,193,190,997.0,696.4,200
chapman_ningbo,LBBB,chapman_ningbo,home,0.1,aps,weighted,7983,7983,0.01015,81,0.9042,0.0163,0.6045,0.0581,0.9072,0.016,0.9406,0.1317,0.89939,0.90079,3,3,997.0,968.1,200
chapman_ningbo,LBBB,georgia,away,0.1,aps,weighted,4115,4115,0.02187,90,0.8938,0.0171,0.4387,0.0806,0.904,0.016,0.9396,0.1317,0.89619,0.89624,3,3,997.0,991.5,200
chapman_ningbo,LBBB,cpsc,away,0.1,aps,weighted,4124,4124,0.0274,113,0.8911,0.0181,0.4376,0.0793,0.9039,0.0167,0.9368,0.1322,0.89778,0.89857,3,3,997.0,983.9,200
chapman_ningbo,LBBB,chapman_ningbo-calibration-holdout,calibration holdout,0.05,lac,none,1995,1995,0.00802,16,0.9515,0.0091,0.0,0.0,0.9592,0.0085,0.9525,0.0091,0.05203,0.05203,0,0,997.0,997.0,200
chapman_ningbo,LBBB,ptbxl,away,0.05,lac,none,8000,6937,0.027,216,0.9252,0.0053,0.0,0.0,0.9509,0.0055,0.9261,0.0056,0.05203,0.05203,0,0,997.0,997.0,200
chapman_ningbo,LBBB,sph,away,0.05,lac,none,8000,7671,0.00287,23,0.9938,0.0005,0.0,0.0,0.9967,0.0005,0.9942,0.0006,0.05203,0.05203,0,0,997.0,997.0,200
chapman_ningbo,LBBB,chapman_ningbo,home,0.05,lac,none,7983,7983,0.01015,81,0.9502,0.0056,0.0,0.0,0.9599,0.0057,0.9517,0.0058,0.05203,0.05203,0,0,997.0,997.0,200
chapman_ningbo,LBBB,georgia,away,0.05,lac,none,4115,4115,0.02187,90,0.9373,0.0072,0.0,0.0,0.9583,0.0074,0.9404,0.0076,0.05203,0.05203,0,0,997.0,997.0,200
chapman_ningbo,LBBB,cpsc,away,0.05,lac,none,4124,4124,0.0274,113,0.9496,0.0044,0.0,0.0,0.9763,0.0045,0.9548,0.0046,0.05203,0.05203,0,0,997.0,997.0,200
chapman_ningbo,LBBB,chapman_ningbo-calibration-holdout,calibration holdout,0.05,lac,mondrian,1995,1995,0.00802,16,0.9516,0.0091,1.0,0.0,0.9512,0.0092,1.9445,0.0094,0.03853,inf,200,0,997.0,997.0,200
chapman_ningbo,LBBB,ptbxl,away,0.05,lac,mondrian,8000,6937,0.027,216,0.9424,0.0067,1.0,0.0,0.9408,0.0069,1.916,0.0068,0.03853,inf,200,0,997.0,997.0,200
chapman_ningbo,LBBB,sph,away,0.05,lac,mondrian,8000,7671,0.00287,23,0.9957,0.0008,1.0,0.0,0.9957,0.0008,1.993,0.0009,0.03853,inf,200,0,997.0,997.0,200
chapman_ningbo,LBBB,chapman_ningbo,home,0.05,lac,mondrian,7983,7983,0.01015,81,0.9495,0.0076,1.0,0.0,0.9489,0.0077,1.9405,0.0078,0.03853,inf,200,0,997.0,997.0,200
chapman_ningbo,LBBB,georgia,away,0.05,lac,mondrian,4115,4115,0.02187,90,0.9462,0.0089,1.0,0.0,0.945,0.0091,1.9268,0.0093,0.03853,inf,200,0,997.0,997.0,200
chapman_ningbo,LBBB,cpsc,away,0.05,lac,mondrian,4124,4124,0.0274,113,0.9684,0.0062,1.0,0.0,0.9675,0.0064,1.9457,0.0067,0.03853,inf,200,0,997.0,997.0,200
chapman_ningbo,LBBB,chapman_ningbo-calibration-holdout,calibration holdout,0.05,lac,weighted,1995,1995,0.00802,16,0.9649,0.0218,0.262,0.4121,0.9707,0.0188,1.181,0.4299,0.07875,0.08588,43,43,997.0,974.6,200
chapman_ningbo,LBBB,ptbxl,away,0.05,lac,weighted,8000,6937,0.027,216,0.9404,0.0139,0.041,0.1456,0.9654,0.0111,0.9594,0.1299,0.10416,0.11762,3,3,997.0,957.2,200
chapman_ningbo,LBBB,sph,away,0.05,lac,weighted,8000,7671,0.00287,23,0.9997,0.0014,0.965,0.1842,0.9998,0.0008,1.9647,0.1856,0.29947,0.03556,193,190,997.0,696.4,200
chapman_ningbo,LBBB,chapman_ningbo,home,0.05,lac,weighted,7983,7983,0.01015,81,0.96,0.0096,0.0557,0.1603,0.9692,0.0083,0.9773,0.1269,0.08859,0.10165,3,3,997.0,968.1,200
chapman_ningbo,LBBB,georgia,away,0.05,lac,weighted,4115,4115,0.02187,90,0.9385,0.0118,0.0159,0.1219,0.9591,0.0105,0.9567,0.1294,0.05447,0.05529,3,3,997.0,991.5,200
chapman_ningbo,LBBB,cpsc,away,0.05,lac,weighted,4124,4124,0.0274,113,0.9537,0.0079,0.0196,0.1239,0.98,0.0058,0.9747,0.1271,0.06807,0.07239,3,3,997.0,983.9,200
chapman_ningbo,LBBB,chapman_ningbo-calibration-holdout,calibration holdout,0.05,aps,none,1995,1995,0.00802,16,0.9498,0.0099,0.7448,0.1478,0.9514,0.0097,0.9783,0.0125,0.946,0.946,0,0,997.0,997.0,200
chapman_ningbo,LBBB,ptbxl,away,0.05,aps,none,8000,6937,0.027,216,0.9453,0.0078,0.7254,0.04,0.9514,0.0071,0.9967,0.0106,0.946,0.946,0,0,997.0,997.0,200
chapman_ningbo,LBBB,sph,away,0.05,aps,none,8000,7671,0.00287,23,0.9468,0.0073,0.6704,0.0792,0.9476,0.0073,0.9513,0.0075,0.946,0.946,0,0,997.0,997.0,200
chapman_ningbo,LBBB,chapman_ningbo,home,0.05,aps,none,7983,7983,0.01015,81,0.9493,0.0072,0.6985,0.0358,0.9518,0.0071,0.9804,0.0095,0.946,0.946,0,0,997.0,997.0,200
chapman_ningbo,LBBB,georgia,away,0.05,aps,none,4115,4115,0.02187,90,0.9438,0.0079,0.6094,0.0464,0.9513,0.0075,0.9852,0.0103,0.946,0.946,0,0,997.0,997.0,200
chapman_ningbo,LBBB,cpsc,away,0.05,aps,none,4124,4124,0.0274,113,0.9405,0.0083,0.5854,0.0442,0.9505,0.0077,0.9778,0.0098,0.946,0.946,0,0,997.0,997.0,200
chapman_ningbo,LBBB,chapman_ningbo-calibration-holdout,calibration holdout,0.05,aps,mondrian,1995,1995,0.00802,16,0.9499,0.0097,1.0,0.0,0.9495,0.0097,1.9487,0.0098,0.94397,inf,200,0,997.0,997.0,200
chapman_ningbo,LBBB,ptbxl,away,0.05,aps,mondrian,8000,6937,0.027,216,0.9508,0.0069,1.0,0.0,0.9495,0.0071,1.9493,0.007,0.94397,inf,200,0,997.0,997.0,200
chapman_ningbo,LBBB,sph,away,0.05,aps,mondrian,8000,7671,0.00287,23,0.9458,0.0072,1.0,0.0,0.9456,0.0072,1.9457,0.0072,0.94397,inf,200,0,997.0,997.0,200
chapman_ningbo,LBBB,chapman_ningbo,home,0.05,aps,mondrian,7983,7983,0.01015,81,0.9504,0.007,1.0,0.0,0.9499,0.007,1.9489,0.0072,0.94397,inf,200,0,997.0,997.0,200
chapman_ningbo,LBBB,georgia,away,0.05,aps,mondrian,4115,4115,0.02187,90,0.9504,0.0073,1.0,0.0,0.9493,0.0075,1.9496,0.0074,0.94397,inf,200,0,997.0,997.0,200
chapman_ningbo,LBBB,cpsc,away,0.05,aps,mondrian,4124,4124,0.0274,113,0.9499,0.0074,1.0,0.0,0.9485,0.0076,1.9486,0.0077,0.94397,inf,200,0,997.0,997.0,200
chapman_ningbo,LBBB,chapman_ningbo-calibration-holdout,calibration holdout,0.05,aps,weighted,1995,1995,0.00802,16,0.9615,0.0226,0.8163,0.1546,0.9627,0.0219,1.2003,0.4199,0.9471,0.94785,43,43,997.0,974.6,200
chapman_ningbo,LBBB,ptbxl,away,0.05,aps,weighted,8000,6937,0.027,216,0.9494,0.0111,0.7506,0.0565,0.9549,0.01,1.0175,0.1225,0.94893,0.95072,3,3,997.0,957.2,200
chapman_ningbo,LBBB,sph,away,0.05,aps,weighted,8000,7671,0.00287,23,0.9977,0.0107,0.9876,0.0677,0.9978,0.0106,1.9629,0.1928,0.95378,0.94825,193,190,997.0,696.4,200
chapman_ningbo,LBBB,chapman_ningbo,home,0.05,aps,weighted,7983,7983,0.01015,81,0.9524,0.0103,0.7149,0.0554,0.9549,0.01,0.9999,0.1244,0.94836,0.94988,3,3,997.0,968.1,200
chapman_ningbo,LBBB,georgia,away,0.05,aps,weighted,4115,4115,0.02187,90,0.9446,0.0109,0.6168,0.0694,0.952,0.01,1.0007,0.1242,0.94603,0.94624,3,3,997.0,991.5,200
chapman_ningbo,LBBB,cpsc,away,0.05,aps,weighted,4124,4124,0.0274,113,0.9427,0.0118,0.5998,0.0695,0.9523,0.0105,0.9951,0.1249,0.94718,0.94796,3,3,997.0,983.9,200
chapman_ningbo,RBBB,chapman_ningbo-calibration-holdout,calibration holdout,0.2,lac,none,1995,1995,0.0411,82,0.8012,0.0175,0.0,0.0,0.8353,0.0171,0.8028,0.0175,0.00492,0.00492,0,0,997.0,997.0,200
chapman_ningbo,RBBB,ptbxl,away,0.2,lac,none,8000,6937,0.026,208,0.7861,0.0072,0.0,0.0,0.8071,0.0074,0.7862,0.0072,0.00492,0.00492,0,0,997.0,997.0,200
chapman_ningbo,RBBB,sph,away,0.2,lac,none,8000,7671,0.02738,219,0.9305,0.0021,0.0,0.0,0.9567,0.0022,0.932,0.0021,0.00492,0.00492,0,0,997.0,997.0,200
chapman_ningbo,RBBB,chapman_ningbo,home,0.2,lac,none,7983,7983,0.04121,329,0.7962,0.0077,0.0,0.0004,0.8304,0.0081,0.7976,0.0079,0.00492,0.00492,0,0,997.0,997.0,200
chapman_ningbo,RBBB,georgia,away,0.2,lac,none,4115,4115,0.052,214,0.7548,0.0067,0.0047,0.0,0.796,0.007,0.7603,0.0068,0.00492,0.00492,0,0,997.0,997.0,200
chapman_ningbo,RBBB,cpsc,away,0.2,lac,none,4124,4124,0.18768,774,0.7141,0.0036,0.0026,0.0,0.8785,0.0044,0.7652,0.0039,0.00492,0.00492,0,0,997.0,997.0,200
chapman_ningbo,RBBB,chapman_ningbo-calibration-holdout,calibration holdout,0.2,lac,mondrian,1995,1995,0.0411,82,0.8,0.0175,0.8132,0.0786,0.7994,0.0181,0.8036,0.0177,0.0042,0.40986,0,0,997.0,997.0,200
chapman_ningbo,RBBB,ptbxl,away,0.2,lac,mondrian,8000,6937,0.026,208,0.7783,0.0093,0.8565,0.0578,0.7762,0.0095,0.7845,0.0095,0.0042,0.40986,0,0,997.0,997.0,200
chapman_ningbo,RBBB,sph,away,0.2,lac,mondrian,8000,7671,0.02738,219,0.9432,0.0034,0.8381,0.0336,0.9461,0.0034,0.945,0.0034,0.0042,0.40986,0,0,997.0,997.0,200
chapman_ningbo,RBBB,chapman_ningbo,home,0.2,lac,mondrian,7983,7983,0.04121,329,0.7955,0.0097,0.7898,0.0527,0.7957,0.01,0.7992,0.01,0.0042,0.40986,0,0,997.0,997.0,200
chapman_ningbo,RBBB,georgia,away,0.2,lac,mondrian,4115,4115,0.052,214,0.7633,0.0096,0.7011,0.0924,0.7668,0.0089,0.7796,0.0116,0.0042,0.40986,0,0,997.0,997.0,200
chapman_ningbo,RBBB,cpsc,away,0.2,lac,mondrian,4124,4124,0.18768,774,0.8123,0.0077,0.6208,0.0266,0.8565,0.0075,0.8669,0.0084,0.0042,0.40986,0,0,997.0,997.0,200
chapman_ningbo,RBBB,chapman_ningbo-calibration-holdout,calibration holdout,0.2,lac,weighted,1995,1995,0.0411,82,0.8004,0.0163,0.0,0.0,0.8345,0.0174,0.8019,0.0163,0.00491,0.00491,0,0,997.0,994.8,200
chapman_ningbo,RBBB,ptbxl,away,0.2,lac,weighted,8000,6937,0.026,208,0.7801,0.0069,0.0,0.0,0.8009,0.0071,0.7802,0.0069,0.00476,0.00476,0,0,997.0,994.8,200
chapman_ningbo,RBBB,sph,away,0.2,lac,weighted,8000,7671,0.02738,219,0.927,0.0024,0.0,0.0,0.9531,0.0025,0.9285,0.0024,0.00463,0.00462,0,0,997.0,990.5,200
chapman_ningbo,RBBB,chapman_ningbo,home,0.2,lac,weighted,7983,7983,0.04121,329,0.7964,0.0073,0.0001,0.0005,0.8306,0.0077,0.7978,0.0075,0.00492,0.00492,0,0,997.0,996.4,200
chapman_ningbo,RBBB,georgia,away,0.2,lac,weighted,4115,4115,0.052,214,0.7694,0.0079,0.0055,0.0018,0.8113,0.0082,0.7749,0.0079,0.00536,0.00538,0,0,997.0,985.7,200
chapman_ningbo,RBBB,cpsc,away,0.2,lac,weighted,4124,4124,0.18768,774,0.7704,0.0061,0.0082,0.0043,0.9465,0.0065,0.8256,0.0066,0.00985,0.01019,0,0,997.0,771.8,200
chapman_ningbo,RBBB,chapman_ningbo-calibration-holdout,calibration holdout,0.2,aps,none,1995,1995,0.0411,82,0.8006,0.018,0.7498,0.0588,0.8028,0.0184,0.8107,0.0181,0.80202,0.80202,0,0,997.0,997.0,200
chapman_ningbo,RBBB,ptbxl,away,0.2,aps,none,8000,6937,0.026,208,0.8014,0.0136,0.8059,0.0246,0.8013,0.0137,0.8116,0.0139,0.80202,0.80202,0,0,997.0,997.0,200
chapman_ningbo,RBBB,sph,away,0.2,aps,none,8000,7671,0.02738,219,0.8016,0.0138,0.7529,0.0267,0.803,0.0138,0.806,0.0139,0.80202,0.80202,0,0,997.0,997.0,200
chapman_ningbo,RBBB,chapman_ningbo,home,0.2,aps,none,7983,7983,0.04121,329,0.8009,0.0136,0.7412,0.02,0.8034,0.0137,0.8121,0.014,0.80202,0.80202,0,0,997.0,997.0,200
chapman_ningbo,RBBB,georgia,away,0.2,aps,none,4115,4115,0.052,214,0.7934,0.0134,0.711,0.0213,0.798,0.0136,0.8214,0.0143,0.80202,0.80202,0,0,997.0,997.0,200
chapman_ningbo,RBBB,cpsc,away,0.2,aps,none,4124,4124,0.18768,774,0.7545,0.0135,0.5615,0.0141,0.799,0.0147,0.8187,0.0148,0.80202,0.80202,0,0,997.0,997.0,200
chapman_ningbo,RBBB,chapman_ningbo-calibration-holdout,calibration holdout,0.2,aps,mondrian,1995,1995,0.0411,82,0.8009,0.0178,0.8109,0.0817,0.8005,0.0187,0.8115,0.0177,0.79978,0.863,0,0,997.0,997.0,200
chapman_ningbo,RBBB,ptbxl,away,0.2,aps,mondrian,8000,6937,0.026,208,0.8007,0.0136,0.8637,0.049,0.799,0.0141,0.8121,0.0138,0.79978,0.863,0,0,997.0,997.0,200
chapman_ningbo,RBBB,sph,away,0.2,aps,mondrian,8000,7671,0.02738,219,0.8009,0.0137,0.8096,0.0483,0.8007,0.0143,0.8053,0.0138,0.79978,0.863,0,0,997.0,997.0,200
chapman_ningbo,RBBB,chapman_ningbo,home,0.2,aps,mondrian,7983,7983,0.04121,329,0.8009,0.0134,0.7935,0.0438,0.8012,0.0141,0.8128,0.0137,0.79978,0.863,0,0,997.0,997.0,200
chapman_ningbo,RBBB,georgia,away,0.2,aps,mondrian,4115,4115,0.052,214,0.7937,0.0131,0.7572,0.0382,0.7957,0.0141,0.8237,0.0137,0.79978,0.863,0,0,997.0,997.0,200
chapman_ningbo,RBBB,cpsc,away,0.2,aps,mondrian,4124,4124,0.18768,774,0.7605,0.0129,0.6031,0.0321,0.7968,0.0152,0.8254,0.0141,0.79978,0.863,0,0,997.0,997.0,200
chapman_ningbo,RBBB,chapman_ningbo-calibration-holdout,calibration holdout,0.2,aps,weighted,1995,1995,0.0411,82,0.8005,0.0179,0.7497,0.059,0.8027,0.0183,0.8106,0.018,0.802,0.80204,0,0,997.0,994.8,200
chapman_ningbo,RBBB,ptbxl,away,0.2,aps,weighted,8000,6937,0.026,208,0.8009,0.0137,0.8054,0.0246,0.8007,0.0138,0.8111,0.014,0.80152,0.80138,0,0,997.0,994.8,200
chapman_ningbo,RBBB,sph,away,0.2,aps,weighted,8000,7671,0.02738,219,0.8006,0.014,0.7517,0.0267,0.802,0.014,0.8049,0.0141,0.8011,0.80078,0,0,997.0,990.5,200
chapman_ningbo,RBBB,chapman_ningbo,home,0.2,aps,weighted,7983,7983,0.04121,329,0.8009,0.0136,0.7411,0.0201,0.8034,0.0137,0.8121,0.014,0.80202,0.80201,0,0,997.0,996.4,200
chapman_ningbo,RBBB,georgia,away,0.2,aps,weighted,4115,4115,0.052,214,0.7945,0.0133,0.7122,0.0215,0.799,0.0134,0.8226,0.0141,0.80312,0.80361,0,0,997.0,985.7,200
chapman_ningbo,RBBB,cpsc,away,0.2,aps,weighted,4124,4124,0.18768,774,0.7597,0.0139,0.5666,0.0142,0.8043,0.0151,0.8246,0.0152,0.80741,0.80963,0,0,997.0,771.8,200
chapman_ningbo,RBBB,chapman_ningbo-calibration-holdout,calibration holdout,0.1,lac,none,1995,1995,0.0411,82,0.901,0.0123,0.0,0.0,0.9392,0.011,0.9025,0.0123,0.00977,0.00977,0,0,997.0,997.0,200
chapman_ningbo,RBBB,ptbxl,away,0.1,lac,none,8000,6937,0.026,208,0.889,0.0083,0.002,0.0026,0.9127,0.0085,0.8894,0.0083,0.00977,0.00977,0,0,997.0,997.0,200
chapman_ningbo,RBBB,sph,away,0.1,lac,none,8000,7671,0.02738,219,0.9597,0.0023,0.0047,0.0009,0.9866,0.0023,0.9619,0.0023,0.00977,0.00977,0,0,997.0,997.0,200
chapman_ningbo,RBBB,chapman_ningbo,home,0.1,lac,none,7983,7983,0.04121,329,0.8974,0.0075,0.0123,0.0014,0.9355,0.0077,0.9002,0.0076,0.00977,0.00977,0,0,997.0,997.0,200
chapman_ningbo,RBBB,georgia,away,0.1,lac,none,4115,4115,0.052,214,0.8466,0.0086,0.0123,0.0038,0.8923,0.0089,0.8528,0.0088,0.00977,0.00977,0,0,997.0,997.0,200
chapman_ningbo,RBBB,cpsc,away,0.1,lac,none,4124,4124,0.18768,774,0.77,0.0039,0.0066,0.0021,0.9463,0.0043,0.825,0.0041,0.00977,0.00977,0,0,997.0,997.0,200
chapman_ningbo,RBBB,chapman_ningbo-calibration-holdout,calibration holdout,0.1,lac,mondrian,1995,1995,0.0411,82,0.9005,0.0126,0.9122,0.0562,0.9,0.013,0.9138,0.0261,0.00701,0.87411,0,0,997.0,997.0,200
chapman_ningbo,RBBB,ptbxl,away,0.1,lac,mondrian,8000,6937,0.026,208,0.8706,0.0041,0.9613,0.0172,0.8682,0.0042,0.8905,0.0281,0.00701,0.87411,0,0,997.0,997.0,200
chapman_ningbo,RBBB,sph,away,0.1,lac,mondrian,8000,7671,0.02738,219,0.972,0.0015,0.8993,0.0124,0.974,0.0015,0.9758,0.0071,0.00701,0.87411,0,0,997.0,997.0,200
chapman_ningbo,RBBB,chapman_ningbo,home,0.1,lac,mondrian,7983,7983,0.04121,329,0.8912,0.0043,0.8857,0.0247,0.8915,0.0043,0.9064,0.0247,0.00701,0.87411,0,0,997.0,997.0,200
chapman_ningbo,RBBB,georgia,away,0.1,lac,mondrian,4115,4115,0.052,214,0.8506,0.0046,0.8343,0.0232,0.8515,0.0047,0.8869,0.0294,0.00701,0.87411,0,0,997.0,997.0,200
chapman_ningbo,RBBB,cpsc,away,0.1,lac,mondrian,4124,4124,0.18768,774,0.8732,0.0034,0.6734,0.0147,0.9194,0.0026,0.9386,0.0172,0.00701,0.87411,0,0,997.0,997.0,200
chapman_ningbo,RBBB,chapman_ningbo-calibration-holdout,calibration holdout,0.1,lac,weighted,1995,1995,0.0411,82,0.9001,0.0104,0.0001,0.0013,0.9384,0.0118,0.9017,0.0103,0.00973,0.00973,0,0,997.0,994.8,200
chapman_ningbo,RBBB,ptbxl,away,0.1,lac,weighted,8000,6937,0.026,208,0.8782,0.0068,0.0,0.0003,0.9017,0.007,0.8785,0.0069,0.0089,0.00887,0,0,997.0,994.8,200
chapman_ningbo,RBBB,sph,away,0.1,lac,weighted,8000,7671,0.02738,219,0.9547,0.0018,0.0046,0.0,0.9815,0.0018,0.9568,0.0018,0.00831,0.00828,0,0,997.0,990.5,200
chapman_ningbo,RBBB,chapman_ningbo,home,0.1,lac,weighted,7983,7983,0.04121,329,0.8976,0.0064,0.0123,0.0012,0.9356,0.0066,0.9004,0.0065,0.00978,0.00977,0,0,997.0,996.4,200
chapman_ningbo,RBBB,georgia,away,0.1,lac,weighted,4115,4115,0.052,214,0.8752,0.0067,0.0254,0.003,0.9219,0.0069,0.8818,0.0067,0.01284,0.01293,0,0,997.0,985.7,200
chapman_ningbo,RBBB,cpsc,away,0.1,lac,weighted,4124,4124,0.18768,774,0.8822,0.0078,0.4225,0.0391,0.9884,0.0007,0.9454,0.0084,0.06051,0.06261,0,0,997.0,771.8,200
chapman_ningbo,RBBB,chapman_ningbo-calibration-holdout,calibration holdout,0.1,aps,none,1995,1995,0.0411,82,0.8995,0.0142,0.8484,0.0482,0.9017,0.0142,0.9132,0.0145,0.90099,0.90099,0,0,997.0,997.0,200
chapman_ningbo,RBBB,ptbxl,away,0.1,aps,none,8000,6937,0.026,208,0.9004,0.01,0.9021,0.0163,0.9004,0.01,0.9146,0.0106,0.90099,0.90099,0,0,997.0,997.0,200
chapman_ningbo,RBBB,sph,away,0.1,aps,none,8000,7671,0.02738,219,0.9003,0.0101,0.8451,0.0181,0.9019,0.0101,0.9065,0.0104,0.90099,0.90099,0,0,997.0,997.0,200
chapman_ningbo,RBBB,chapman_ningbo,home,0.1,aps,none,7983,7983,0.04121,329,0.8992,0.01,0.826,0.0139,0.9023,0.01,0.9151,0.0107,0.90099,0.90099,0,0,997.0,997.0,200
chapman_ningbo,RBBB,georgia,away,0.1,aps,none,4115,4115,0.052,214,0.892,0.0106,0.7858,0.0143,0.8978,0.0108,0.9298,0.012,0.90099,0.90099,0,0,997.0,997.0,200
chapman_ningbo,RBBB,cpsc,away,0.1,aps,none,4124,4124,0.18768,774,0.8479,0.0102,0.629,0.0097,0.8984,0.0111,0.927,0.0122,0.90099,0.90099,0,0,997.0,997.0,200
chapman_ningbo,RBBB,chapman_ningbo-calibration-holdout,calibration holdout,0.1,aps,mondrian,1995,1995,0.0411,82,0.8998,0.0142,0.9167,0.0619,0.8991,0.0146,0.9416,0.0754,0.89844,0.96394,0,0,997.0,997.0,200
chapman_ningbo,RBBB,ptbxl,away,0.1,aps,mondrian,8000,6937,0.026,208,0.8994,0.01,0.9569,0.032,0.8978,0.0104,0.9463,0.0709,0.89844,0.96394,0,0,997.0,997.0,200
chapman_ningbo,RBBB,sph,away,0.1,aps,mondrian,8000,7671,0.02738,219,0.8993,0.0101,0.8956,0.0306,0.8994,0.0104,0.9139,0.0304,0.89844,0.96394,0,0,997.0,997.0,200
chapman_ningbo,RBBB,chapman_ningbo,home,0.1,aps,mondrian,7983,7983,0.04121,329,0.8993,0.0099,0.889,0.0392,0.8998,0.0103,0.944,0.0738,0.89844,0.96394,0,0,997.0,997.0,200
chapman_ningbo,RBBB,georgia,away,0.1,aps,mondrian,4115,4115,0.052,214,0.8924,0.0104,0.8402,0.0373,0.8952,0.0111,0.9636,0.0683,0.89844,0.96394,0,0,997.0,997.0,200
chapman_ningbo,RBBB,cpsc,away,0.1,aps,mondrian,4124,4124,0.18768,774,0.8542,0.0109,0.6738,0.033,0.8959,0.0112,0.9505,0.0504,0.89844,0.96394,0,0,997.0,997.0,200
chapman_ningbo,RBBB,chapman_ningbo-calibration-holdout,calibration holdout,0.1,aps,weighted,1995,1995,0.0411,82,0.8993,0.0141,0.8482,0.0479,0.9015,0.0141,0.913,0.0144,0.90081,0.90081,0,0,997.0,994.8,200
chapman_ningbo,RBBB,ptbxl,away,0.1,aps,weighted,8000,6937,0.026,208,0.8997,0.0101,0.9015,0.0168,0.8997,0.0101,0.9138,0.0107,0.90027,0.90007,0,0,997.0,994.8,200
chapman_ningbo,RBBB,sph,away,0.1,aps,weighted,8000,7671,0.02738,219,0.8992,0.0102,0.8437,0.0182,0.9008,0.0102,0.9053,0.0104,0.89991,0.89961,0,0,997.0,990.5,200
chapman_ningbo,RBBB,chapman_ningbo,home,0.1,aps,weighted,7983,7983,0.04121,329,0.8991,0.01,0.8259,0.014,0.9022,0.0101,0.915,0.0107,0.90087,0.90086,0,0,997.0,996.4,200
chapman_ningbo,RBBB,georgia,away,0.1,aps,weighted,4115,4115,0.052,214,0.8928,0.0106,0.7864,0.0143,0.8986,0.0108,0.9308,0.012,0.90178,0.90218,0,0,997.0,985.7,200
chapman_ningbo,RBBB,cpsc,away,0.1,aps,weighted,4124,4124,0.18768,774,0.8532,0.0104,0.6339,0.0096,0.9038,0.0114,0.9337,0.0127,0.90639,0.90867,0,0,997.0,771.8,200
chapman_ningbo,RBBB,chapman_ningbo-calibration-holdout,calibration holdout,0.05,lac,none,1995,1995,0.0411,82,0.9511,0.0096,0.1558,0.0734,0.9851,0.0051,0.9531,0.0095,0.0279,0.0279,0,0,997.0,997.0,200
chapman_ningbo,RBBB,ptbxl,away,0.05,lac,none,8000,6937,0.026,208,0.9523,0.006,0.1909,0.0749,0.9726,0.0042,0.9532,0.0064,0.0279,0.0279,0,0,997.0,997.0,200
chapman_ningbo,RBBB,sph,away,0.05,lac,none,8000,7671,0.02738,219,0.9768,0.0025,0.2236,0.0732,0.998,0.0005,0.9792,0.0026,0.0279,0.0279,0,0,997.0,997.0,200
chapman_ningbo,RBBB,chapman_ningbo,home,0.05,lac,none,7983,7983,0.04121,329,0.949,0.0047,0.1624,0.0513,0.9828,0.0027,0.9529,0.0049,0.0279,0.0279,0,0,997.0,997.0,200
chapman_ningbo,RBBB,georgia,away,0.05,lac,none,4115,4115,0.052,214,0.9143,0.0061,0.1161,0.0346,0.9581,0.0046,0.9218,0.0066,0.0279,0.0279,0,0,997.0,997.0,200
chapman_ningbo,RBBB,cpsc,away,0.05,lac,none,4124,4124,0.18768,774,0.8274,0.0112,0.1511,0.0532,0.9836,0.0017,0.8872,0.0117,0.0279,0.0279,0,0,997.0,997.0,200
chapman_ningbo,RBBB,chapman_ningbo-calibration-holdout,calibration holdout,0.05,lac,mondrian,1995,1995,0.0411,82,0.9505,0.009,0.9582,0.0442,0.9502,0.0092,1.1956,0.2155,0.01125,0.97768,0,0,997.0,997.0,200
chapman_ningbo,RBBB,ptbxl,away,0.05,lac,mondrian,8000,6937,0.026,208,0.929,0.0061,0.9904,0.0142,0.9274,0.0063,1.1732,0.1903,0.01125,0.97768,0,0,997.0,997.0,200
chapman_ningbo,RBBB,sph,away,0.05,lac,mondrian,8000,7671,0.02738,219,0.9892,0.0016,0.9436,0.0291,0.9905,0.0015,1.0819,0.1049,0.01125,0.97768,0,0,997.0,997.0,200
chapman_ningbo,RBBB,chapman_ningbo,home,0.05,lac,mondrian,7983,7983,0.04121,329,0.9492,0.0056,0.9543,0.0393,0.9489,0.0057,1.1954,0.214,0.01125,0.97768,0,0,997.0,997.0,200
chapman_ningbo,RBBB,georgia,away,0.05,lac,mondrian,4115,4115,0.052,214,0.9087,0.0072,0.905,0.0449,0.9089,0.0074,1.1566,0.1792,0.01125,0.97768,0,0,997.0,997.0,200
chapman_ningbo,RBBB,cpsc,away,0.05,lac,mondrian,4124,4124,0.18768,774,0.916,0.0119,0.7489,0.063,0.9546,0.004,1.1219,0.1424,0.01125,0.97768,0,0,997.0,997.0,200
chapman_ningbo,RBBB,chapman_ningbo-calibration-holdout,calibration holdout,0.05,lac,weighted,1995,1995,0.0411,82,0.9505,0.0072,0.1524,0.0842,0.9843,0.0057,0.9525,0.0071,0.02761,0.02763,0,0,997.0,994.8,200
chapman_ningbo,RBBB,ptbxl,away,0.05,lac,weighted,8000,6937,0.026,208,0.9424,0.0054,0.0865,0.0375,0.9652,0.0046,0.9429,0.0055,0.02146,0.02136,0,0,997.0,994.8,200
chapman_ningbo,RBBB,sph,away,0.05,lac,weighted,8000,7671,0.02738,219,0.9707,0.0014,0.0632,0.0261,0.9963,0.0007,0.973,0.0014,0.01717,0.017,0,0,997.0,990.5,200
chapman_ningbo,RBBB,chapman_ningbo,home,0.05,lac,weighted,7983,7983,0.04121,329,0.9493,0.0032,0.1644,0.0375,0.983,0.0018,0.9531,0.0034,0.02772,0.02777,0,0,997.0,996.4,200
chapman_ningbo,RBBB,georgia,away,0.05,lac,weighted,4115,4115,0.052,214,0.9333,0.0038,0.2466,0.036,0.971,0.0021,0.9433,0.0042,0.05417,0.05506,0,0,997.0,985.7,200
chapman_ningbo,RBBB,cpsc,away,0.05,lac,weighted,4124,4124,0.18768,774,0.9091,0.0065,0.5558,0.0318,0.9908,0.0007,0.9751,0.0077,0.14351,0.16302,0,0,997.0,771.8,200
chapman_ningbo,RBBB,chapman_ningbo-calibration-holdout,calibration holdout,0.05,aps,none,1995,1995,0.0411,82,0.9502,0.0092,0.9021,0.0371,0.9522,0.0093,0.9724,0.0107,0.95046,0.95046,0,0,997.0,997.0,200
chapman_ningbo,RBBB,ptbxl,away,0.05,aps,none,8000,6937,0.026,208,0.9505,0.0069,0.9457,0.0119,0.9506,0.007,0.9706,0.0084,0.95046,0.95046,0,0,997.0,997.0,200
chapman_ningbo,RBBB,sph,away,0.05,aps,none,8000,7671,0.02738,219,0.9497,0.0069,0.8841,0.0107,0.9515,0.007,0.9593,0.0078,0.95046,0.95046,0,0,997.0,997.0,200
chapman_ningbo,RBBB,chapman_ningbo,home,0.05,aps,none,7983,7983,0.04121,329,0.9487,0.007,0.8698,0.0099,0.9521,0.0071,0.972,0.0088,0.95046,0.95046,0,0,997.0,997.0,200
chapman_ningbo,RBBB,georgia,away,0.05,aps,none,4115,4115,0.052,214,0.9422,0.0076,0.8217,0.0104,0.9488,0.0078,0.992,0.01,0.95046,0.95046,0,0,997.0,997.0,200
chapman_ningbo,RBBB,cpsc,away,0.05,aps,none,4124,4124,0.18768,774,0.8946,0.0071,0.6599,0.0061,0.9488,0.0078,0.9921,0.0114,0.95046,0.95046,0,0,997.0,997.0,200
chapman_ningbo,RBBB,chapman_ningbo-calibration-holdout,calibration holdout,0.05,aps,mondrian,1995,1995,0.0411,82,0.9499,0.0095,0.9589,0.0451,0.9495,0.0099,1.2619,0.2555,0.94774,0.9922,0,0,997.0,997.0,200
chapman_ningbo,RBBB,ptbxl,away,0.05,aps,mondrian,8000,6937,0.026,208,0.9489,0.0074,0.9874,0.0179,0.9479,0.0077,1.2437,0.2276,0.94774,0.9922,0,0,997.0,997.0,200
chapman_ningbo,RBBB,sph,away,0.05,aps,mondrian,8000,7671,0.02738,219,0.9488,0.0073,0.9452,0.0329,0.9489,0.0075,1.1008,0.1777,0.94774,0.9922,0,0,997.0,997.0,200
chapman_ningbo,RBBB,chapman_ningbo,home,0.05,aps,mondrian,7983,7983,0.04121,329,0.9495,0.0074,0.9535,0.0391,0.9493,0.0076,1.2599,0.2502,0.94774,0.9922,0,0,997.0,997.0,200
chapman_ningbo,RBBB,georgia,away,0.05,aps,mondrian,4115,4115,0.052,214,0.944,0.0081,0.9104,0.0502,0.9459,0.0084,1.2535,0.2153,0.94774,0.9922,0,0,997.0,997.0,200
chapman_ningbo,RBBB,cpsc,away,0.05,aps,mondrian,4124,4124,0.18768,774,0.912,0.0162,0.7642,0.0797,0.9461,0.0084,1.1906,0.1884,0.94774,0.9922,0,0,997.0,997.0,200
chapman_ningbo,RBBB,chapman_ningbo-calibration-holdout,calibration holdout,0.05,aps,weighted,1995,1995,0.0411,82,0.9499,0.0091,0.9017,0.0374,0.952,0.0092,0.972,0.0107,0.95017,0.95007,0,0,997.0,994.8,200
chapman_ningbo,RBBB,ptbxl,away,0.05,aps,weighted,8000,6937,0.026,208,0.9497,0.0071,0.9444,0.0123,0.9498,0.0071,0.9696,0.0085,0.94959,0.9494,0,0,997.0,994.8,200
chapman_ningbo,RBBB,sph,away,0.05,aps,weighted,8000,7671,0.02738,219,0.9485,0.0071,0.883,0.0109,0.9503,0.0071,0.9579,0.0079,0.94923,0.94885,0,0,997.0,990.5,200
chapman_ningbo,RBBB,chapman_ningbo,home,0.05,aps,weighted,7983,7983,0.04121,329,0.9485,0.0071,0.8695,0.0099,0.9519,0.0072,0.9717,0.0088,0.95028,0.95024,0,0,997.0,996.4,200
chapman_ningbo,RBBB,georgia,away,0.05,aps,weighted,4115,4115,0.052,214,0.9431,0.0075,0.8226,0.0104,0.9497,0.0077,0.9933,0.0099,0.95123,0.95174,0,0,997.0,985.7,200
chapman_ningbo,RBBB,cpsc,away,0.05,aps,weighted,4124,4124,0.18768,774,0.9001,0.0077,0.6646,0.0059,0.9545,0.0086,1.0026,0.0143,0.95607,0.9588,0,0,997.0,771.8,200
chapman_ningbo,IAVB,chapman_ningbo-calibration-holdout,calibration holdout,0.2,lac,none,1995,1995,0.02105,42,0.7996,0.018,0.0494,0.0411,0.816,0.0176,0.8003,0.0182,0.04773,0.04773,0,0,997.0,997.0,200
chapman_ningbo,IAVB,ptbxl,away,0.2,lac,none,8000,6937,0.04813,385,0.7423,0.0087,0.0316,0.0062,0.7783,0.0088,0.7446,0.0089,0.04773,0.04773,0,0,997.0,997.0,200
chapman_ningbo,IAVB,sph,away,0.2,lac,none,8000,7671,0.00838,67,0.924,0.0038,0.061,0.0122,0.9313,0.0038,0.9243,0.0039,0.04773,0.04773,0,0,997.0,997.0,200
chapman_ningbo,IAVB,chapman_ningbo,home,0.2,lac,none,7983,7983,0.02869,229,0.7847,0.0128,0.0167,0.0068,0.8074,0.013,0.7859,0.0129,0.04773,0.04773,0,0,997.0,997.0,200
chapman_ningbo,IAVB,georgia,away,0.2,lac,none,4115,4115,0.07631,314,0.7396,0.01,0.071,0.0144,0.7949,0.0098,0.7428,0.0106,0.04773,0.04773,0,0,997.0,997.0,200
chapman_ningbo,IAVB,cpsc,away,0.2,lac,none,4124,4124,0.08099,334,0.7572,0.01,0.0498,0.0162,0.8195,0.0095,0.7619,0.0102,0.04773,0.04773,0,0,997.0,997.0,200
chapman_ningbo,IAVB,chapman_ningbo-calibration-holdout,calibration holdout,0.2,lac,mondrian,1995,1995,0.02105,42,0.8006,0.0171,0.8011,0.1238,0.8006,0.0171,0.8463,0.0336,0.04136,0.76052,0,0,997.0,997.0,200
chapman_ningbo,IAVB,ptbxl,away,0.2,lac,mondrian,8000,6937,0.04813,385,0.7668,0.0079,0.8259,0.0872,0.7638,0.0067,0.8555,0.0367,0.04136,0.76052,0,0,997.0,997.0,200
chapman_ningbo,IAVB,sph,away,0.2,lac,mondrian,8000,7671,0.00838,67,0.9247,0.0032,0.9341,0.0469,0.9247,0.0032,0.9511,0.0112,0.04136,0.76052,0,0,997.0,997.0,200
chapman_ningbo,IAVB,chapman_ningbo,home,0.2,lac,mondrian,7983,7983,0.02869,229,0.7883,0.01,0.8572,0.0799,0.7863,0.0098,0.8397,0.0309,0.04136,0.76052,0,0,997.0,997.0,200
chapman_ningbo,IAVB,georgia,away,0.2,lac,mondrian,4115,4115,0.07631,314,0.7872,0.009,0.8735,0.0828,0.7801,0.0066,0.87,0.0351,0.04136,0.76052,0,0,997.0,997.0,200
chapman_ningbo,IAVB,cpsc,away,0.2,lac,mondrian,4124,4124,0.08099,334,0.807,0.0085,0.8384,0.0629,0.8043,0.007,0.8685,0.0299,0.04136,0.76052,0,0,997.0,997.0,200
chapman_ningbo,IAVB,chapman_ningbo-calibration-holdout,calibration holdout,0.2,lac,weighted,1995,1995,0.02105,42,0.8015,0.0228,0.0563,0.0786,0.8178,0.0222,0.8073,0.0867,0.04808,0.04815,1,1,997.0,990.9,200
chapman_ningbo,IAVB,ptbxl,away,0.2,lac,weighted,8000,6937,0.04813,385,0.7885,0.0128,0.0979,0.0265,0.8234,0.0122,0.7929,0.0137,0.07342,0.07551,0,0,997.0,805.4,200
chapman_ningbo,IAVB,sph,away,0.2,lac,weighted,8000,7671,0.00838,67,0.924,0.0196,0.1068,0.2264,0.9309,0.0178,0.9841,0.2573,0.04289,0.04273,12,12,997.0,987.0,200
chapman_ningbo,IAVB,chapman_ningbo,home,0.2,lac,weighted,7983,7983,0.02869,229,0.7996,0.0113,0.0241,0.0056,0.8225,0.0115,0.8008,0.0114,0.05263,0.05288,0,0,997.0,983.1,200
chapman_ningbo,IAVB,georgia,away,0.2,lac,weighted,4115,4115,0.07631,314,0.8018,0.0119,0.1923,0.0268,0.8521,0.0107,0.8089,0.0129,0.08704,0.08973,0,0,997.0,682.3,200
chapman_ningbo,IAVB,cpsc,away,0.2,lac,weighted,4124,4124,0.08099,334,0.8212,0.0126,0.1979,0.0346,0.8761,0.0107,0.8282,0.0131,0.08219,0.08459,0,0,997.0,728.0,200
chapman_ningbo,IAVB,chapman_ningbo-calibration-holdout,calibration holdout,0.2,aps,none,1995,1995,0.02105,42,0.8011,0.018,0.6683,0.0857,0.8041,0.0181,0.8303,0.0188,0.78737,0.78737,0,0,997.0,997.0,200
chapman_ningbo,IAVB,ptbxl,away,0.2,aps,none,8000,6937,0.04813,385,0.7894,0.0127,0.6908,0.0182,0.7944,0.0128,0.8612,0.0153,0.78737,0.78737,0,0,997.0,997.0,200
chapman_ningbo,IAVB,sph,away,0.2,aps,none,8000,7671,0.00838,67,0.7915,0.0132,0.8116,0.0387,0.7913,0.0132,0.8079,0.014,0.78737,0.78737,0,0,997.0,997.0,200
chapman_ningbo,IAVB,chapman_ningbo,home,0.2,aps,none,7983,7983,0.02869,229,0.8023,0.0131,0.7341,0.0208,0.8043,0.0131,0.838,0.0147,0.78737,0.78737,0,0,997.0,997.0,200
chapman_ningbo,IAVB,georgia,away,0.2,aps,none,4115,4115,0.07631,314,0.7893,0.0128,0.7291,0.0198,0.7943,0.0129,0.8657,0.0156,0.78737,0.78737,0,0,997.0,997.0,200
chapman_ningbo,IAVB,cpsc,away,0.2,aps,none,4124,4124,0.08099,334,0.7913,0.0137,0.7141,0.0179,0.7981,0.0141,0.851,0.016,0.78737,0.78737,0,0,997.0,997.0,200
chapman_ningbo,IAVB,chapman_ningbo-calibration-holdout,calibration holdout,0.2,aps,mondrian,1995,1995,0.02105,42,0.8012,0.0182,0.8055,0.1185,0.8012,0.0183,0.8787,0.0493,0.78461,0.90777,0,0,997.0,997.0,200
chapman_ningbo,IAVB,ptbxl,away,0.2,aps,mondrian,8000,6937,0.04813,385,0.7935,0.013,0.8307,0.0738,0.7916,0.013,0.9195,0.0474,0.78461,0.90777,0,0,997.0,997.0,200
chapman_ningbo,IAVB,sph,away,0.2,aps,mondrian,8000,7671,0.00838,67,0.7896,0.0134,0.9163,0.0524,0.7885,0.0134,0.8243,0.0214,0.78461,0.90777,0,0,997.0,997.0,200
chapman_ningbo,IAVB,chapman_ningbo,home,0.2,aps,mondrian,7983,7983,0.02869,229,0.803,0.0132,0.8572,0.063,0.8014,0.0133,0.8876,0.0489,0.78461,0.90777,0,0,997.0,997.0,200
chapman_ningbo,IAVB,georgia,away,0.2,aps,mondrian,4115,4115,0.07631,314,0.7967,0.0133,0.8586,0.065,0.7916,0.0129,0.9221,0.0442,0.78461,0.90777,0,0,997.0,997.0,200
chapman_ningbo,IAVB,cpsc,away,0.2,aps,mondrian,4124,4124,0.08099,334,0.7986,0.0144,0.8363,0.0588,0.7952,0.0142,0.9009,0.0445,0.78461,0.90777,0,0,997.0,997.0,200
chapman_ningbo,IAVB,chapman_ningbo-calibration-holdout,calibration holdout,0.2,aps,weighted,1995,1995,0.02105,42,0.8021,0.0227,0.6693,0.0881,0.805,0.0227,0.8362,0.0849,0.78748,0.78755,1,1,997.0,990.9,200
chapman_ningbo,IAVB,ptbxl,away,0.2,aps,weighted,8000,6937,0.04813,385,0.798,0.0146,0.7007,0.02,0.8029,0.0146,0.8723,0.018,0.79571,0.79855,0,0,997.0,805.4,200
chapman_ningbo,IAVB,sph,away,0.2,aps,weighted,8000,7671,0.00838,67,0.8016,0.0518,0.8195,0.0592,0.8014,0.0518,0.8768,0.2848,0.78494,0.7844,12,12,997.0,987.0,200
chapman_ningbo,IAVB,chapman_ningbo,home,0.2,aps,weighted,7983,7983,0.02869,229,0.8042,0.0134,0.7369,0.0206,0.8062,0.0135,0.8402,0.0151,0.78922,0.7898,0,0,997.0,983.1,200
chapman_ningbo,IAVB,georgia,away,0.2,aps,weighted,4115,4115,0.07631,314,0.8012,0.016,0.7443,0.0225,0.8059,0.0161,0.8815,0.0201,0.79922,0.80312,0,0,997.0,682.3,200
chapman_ningbo,IAVB,cpsc,away,0.2,aps,weighted,4124,4124,0.08099,334,0.8023,0.0167,0.7269,0.0188,0.8089,0.0172,0.8647,0.0198,0.79788,0.80131,0,0,997.0,728.0,200
chapman_ningbo,IAVB,chapman_ningbo-calibration-holdout,calibration holdout,0.1,lac,none,1995,1995,0.02105,42,0.9003,0.0129,0.2435,0.0791,0.9146,0.0121,0.9026,0.0131,0.11299,0.11299,0,0,997.0,997.0,200
chapman_ningbo,IAVB,ptbxl,away,0.1,lac,none,8000,6937,0.04813,385,0.8325,0.0067,0.1845,0.0182,0.8653,0.0061,0.8403,0.0075,0.11299,0.11299,0,0,997.0,997.0,200
chapman_ningbo,IAVB,sph,away,0.1,lac,none,8000,7671,0.00838,67,0.9541,0.0018,0.3835,0.0311,0.9589,0.0015,0.9553,0.0019,0.11299,0.11299,0,0,997.0,997.0,200
chapman_ningbo,IAVB,chapman_ningbo,home,0.1,lac,none,7983,7983,0.02869,229,0.8885,0.0067,0.1637,0.0192,0.9099,0.0063,0.8904,0.0068,0.11299,0.11299,0,0,997.0,997.0,200
chapman_ningbo,IAVB,georgia,away,0.1,lac,none,4115,4115,0.07631,314,0.8242,0.0054,0.2368,0.013,0.8727,0.0049,0.8335,0.0063,0.11299,0.11299,0,0,997.0,997.0,200
chapman_ningbo,IAVB,cpsc,away,0.1,lac,none,4124,4124,0.08099,334,0.8513,0.0061,0.2701,0.0145,0.9025,0.0054,0.8601,0.007,0.11299,0.11299,0,0,997.0,997.0,200
chapman_ningbo,IAVB,chapman_ningbo-calibration-holdout,calibration holdout,0.1,lac,mondrian,1995,1995,0.02105,42,0.9006,0.0133,0.9136,0.0896,0.9003,0.0135,1.0501,0.1013,0.09871,0.91312,0,0,997.0,997.0,200
chapman_ningbo,IAVB,ptbxl,away,0.1,lac,mondrian,8000,6937,0.04813,385,0.8577,0.0045,0.9391,0.0455,0.8535,0.0043,1.0416,0.0789,0.09871,0.91312,0,0,997.0,997.0,200
chapman_ningbo,IAVB,sph,away,0.1,lac,mondrian,8000,7671,0.00838,67,0.9561,0.0013,0.9766,0.0159,0.9559,0.0014,1.0165,0.0351,0.09871,0.91312,0,0,997.0,997.0,200
chapman_ningbo,IAVB,chapman_ningbo,home,0.1,lac,mondrian,7983,7983,0.02869,229,0.8994,0.004,0.9457,0.0331,0.8981,0.004,1.0541,0.1,0.09871,0.91312,0,0,997.0,997.0,200
chapman_ningbo,IAVB,georgia,away,0.1,lac,mondrian,4115,4115,0.07631,314,0.87,0.0038,0.9512,0.0295,0.8633,0.0034,1.0384,0.074,0.09871,0.91312,0,0,997.0,997.0,200
chapman_ningbo,IAVB,cpsc,away,0.1,lac,mondrian,4124,4124,0.08099,334,0.8945,0.0044,0.9211,0.0349,0.8921,0.0038,1.042,0.0797,0.09871,0.91312,0,0,997.0,997.0,200
chapman_ningbo,IAVB,chapman_ningbo-calibration-holdout,calibration holdout,0.1,lac,weighted,1995,1995,0.02105,42,0.901,0.014,0.248,0.0974,0.9153,0.0132,0.9084,0.0785,0.11362,0.11373,1,1,997.0,990.9,200
chapman_ningbo,IAVB,ptbxl,away,0.1,lac,weighted,8000,6937,0.04813,385,0.8735,0.0121,0.3279,0.0439,0.9011,0.0105,0.8902,0.0157,0.18573,0.19337,0,0,997.0,805.4,200
chapman_ningbo,IAVB,sph,away,0.1,lac,weighted,8000,7671,0.00838,67,0.9545,0.0116,0.3776,0.1593,0.9594,0.0104,1.0155,0.2493,0.10192,0.10138,12,12,997.0,987.0,200
chapman_ningbo,IAVB,chapman_ningbo,home,0.1,lac,weighted,7983,7983,0.02869,229,0.898,0.0063,0.1958,0.0218,0.9187,0.0059,0.9003,0.0068,0.12567,0.12657,0,0,997.0,983.1,200
chapman_ningbo,IAVB,georgia,away,0.1,lac,weighted,4115,4115,0.07631,314,0.8785,0.0172,0.4309,0.0798,0.9155,0.0122,0.9013,0.0233,0.22498,0.24025,0,0,997.0,682.3,200
chapman_ningbo,IAVB,cpsc,away,0.1,lac,weighted,4124,4124,0.08099,334,0.9002,0.0131,0.4614,0.062,0.9388,0.0089,0.9168,0.0166,0.20886,0.22066,0,0,997.0,728.0,200
chapman_ningbo,IAVB,chapman_ningbo-calibration-holdout,calibration holdout,0.1,aps,none,1995,1995,0.02105,42,0.8999,0.0143,0.7713,0.0821,0.9027,0.0141,0.9511,0.0181,0.88639,0.88639,0,0,997.0,997.0,200
chapman_ningbo,IAVB,ptbxl,away,0.1,aps,none,8000,6937,0.04813,385,0.8892,0.0098,0.7953,0.0192,0.8939,0.0097,0.995,0.0147,0.88639,0.88639,0,0,997.0,997.0,200
chapman_ningbo,IAVB,sph,away,0.1,aps,none,8000,7671,0.00838,67,0.8907,0.0101,0.9051,0.0277,0.8906,0.0101,0.9171,0.0116,0.88639,0.88639,0,0,997.0,997.0,200
chapman_ningbo,IAVB,chapman_ningbo,home,0.1,aps,none,7983,7983,0.02869,229,0.9014,0.0098,0.8316,0.0192,0.9034,0.0098,0.9617,0.0142,0.88639,0.88639,0,0,997.0,997.0,200
chapman_ningbo,IAVB,georgia,away,0.1,aps,none,4115,4115,0.07631,314,0.8884,0.0104,0.8318,0.0163,0.893,0.0105,1.0015,0.0153,0.88639,0.88639,0,0,997.0,997.0,200
chapman_ningbo,IAVB,cpsc,away,0.1,aps,none,4124,4124,0.08099,334,0.8911,0.0104,0.8065,0.0146,0.8985,0.0105,0.9817,0.0147,0.88639,0.88639,0,0,997.0,997.0,200
chapman_ningbo,IAVB,chapman_ningbo-calibration-holdout,calibration holdout,0.1,aps,mondrian,1995,1995,0.02105,42,0.9002,0.014,0.9075,0.09,0.9,0.014,1.1426,0.1646,0.88365,0.97082,0,0,997.0,997.0,200
chapman_ningbo,IAVB,ptbxl,away,0.1,aps,mondrian,8000,6937,0.04813,385,0.8932,0.0095,0.9324,0.0548,0.8912,0.0097,1.157,0.1268,0.88365,0.97082,0,0,997.0,997.0,200
chapman_ningbo,IAVB,sph,away,0.1,aps,mondrian,8000,7671,0.00838,67,0.8886,0.0101,0.9693,0.0296,0.8879,0.0101,0.9852,0.0758,0.88365,0.97082,0,0,997.0,997.0,200
chapman_ningbo,IAVB,chapman_ningbo,home,0.1,aps,mondrian,7983,7983,0.02869,229,0.9018,0.0095,0.9389,0.0448,0.9007,0.0098,1.1517,0.1604,0.88365,0.97082,0,0,997.0,997.0,200
chapman_ningbo,IAVB,georgia,away,0.1,aps,mondrian,4115,4115,0.07631,314,0.8943,0.0101,0.9414,0.0433,0.8904,0.0105,1.1538,0.1237,0.88365,0.97082,0,0,997.0,997.0,200
chapman_ningbo,IAVB,cpsc,away,0.1,aps,mondrian,4124,4124,0.08099,334,0.8974,0.0101,0.917,0.0429,0.8957,0.0103,1.1364,0.1244,0.88365,0.97082,0,0,997.0,997.0,200
chapman_ningbo,IAVB,chapman_ningbo-calibration-holdout,calibration holdout,0.1,aps,weighted,1995,1995,0.02105,42,0.9003,0.0158,0.7719,0.0838,0.9032,0.0155,0.9564,0.0764,0.88642,0.88647,1,1,997.0,990.9,200
chapman_ningbo,IAVB,ptbxl,away,0.1,aps,weighted,8000,6937,0.04813,385,0.8973,0.0118,0.8096,0.0218,0.9017,0.0116,1.0093,0.0191,0.8941,0.8973,0,0,997.0,805.4,200
chapman_ningbo,IAVB,sph,away,0.1,aps,weighted,8000,7671,0.00838,67,0.8952,0.0283,0.908,0.0359,0.895,0.0283,0.9795,0.2587,0.8842,0.88355,12,12,997.0,987.0,200
chapman_ningbo,IAVB,chapman_ningbo,home,0.1,aps,weighted,7983,7983,0.02869,229,0.9029,0.01,0.8341,0.0196,0.9049,0.01,0.9643,0.0146,0.88786,0.88862,0,0,997.0,983.1,200
chapman_ningbo,IAVB,georgia,away,0.1,aps,weighted,4115,4115,0.07631,314,0.8996,0.0135,0.8485,0.0196,0.9039,0.0135,1.0214,0.0223,0.89719,0.90145,0,0,997.0,682.3,200
chapman_ningbo,IAVB,cpsc,away,0.1,aps,weighted,4124,4124,0.08099,334,0.9012,0.0131,0.8213,0.0167,0.9082,0.0132,0.999,0.0205,0.89609,0.89997,0,0,997.0,728.0,200
chapman_ningbo,IAVB,chapman_ningbo-calibration-holdout,calibration holdout,0.05,lac,none,1995,1995,0.02105,42,0.9504,0.0091,0.4248,0.0949,0.9619,0.0078,0.958,0.0095,0.21597,0.21597,0,0,997.0,997.0,200
chapman_ningbo,IAVB,ptbxl,away,0.05,lac,none,8000,6937,0.04813,385,0.8853,0.0068,0.3584,0.0262,0.9119,0.0058,0.9047,0.0088,0.21597,0.21597,0,0,997.0,997.0,200
chapman_ningbo,IAVB,sph,away,0.05,lac,none,8000,7671,0.00838,67,0.9723,0.002,0.6316,0.0324,0.9751,0.0018,0.9766,0.0028,0.21597,0.21597,0,0,997.0,997.0,200
chapman_ningbo,IAVB,chapman_ningbo,home,0.05,lac,none,7983,7983,0.02869,229,0.9376,0.0054,0.3786,0.0288,0.9541,0.0047,0.9441,0.0064,0.21597,0.21597,0,0,997.0,997.0,200
chapman_ningbo,IAVB,georgia,away,0.05,lac,none,4115,4115,0.07631,314,0.8749,0.0066,0.3979,0.0284,0.9143,0.0049,0.896,0.0089,0.21597,0.21597,0,0,997.0,997.0,200
chapman_ningbo,IAVB,cpsc,away,0.05,lac,none,4124,4124,0.08099,334,0.9022,0.006,0.4574,0.0281,0.9414,0.0041,0.9187,0.0073,0.21597,0.21597,0,0,997.0,997.0,200
chapman_ningbo,IAVB,chapman_ningbo-calibration-holdout,calibration holdout,0.05,lac,mondrian,1995,1995,0.02105,42,0.9509,0.0096,0.965,0.0658,0.9505,0.0095,1.4369,0.3212,0.17702,0.96243,51,0,997.0,997.0,200
chapman_ningbo,IAVB,ptbxl,away,0.05,lac,mondrian,8000,6937,0.04813,385,0.9025,0.0053,0.9815,0.0307,0.8985,0.0052,1.3764,0.302,0.17702,0.96243,51,0,997.0,997.0,200
chapman_ningbo,IAVB,sph,away,0.05,lac,mondrian,8000,7671,0.00838,67,0.9707,0.0019,0.9931,0.0113,0.9705,0.0019,1.313,0.3846,0.17702,0.96243,51,0,997.0,997.0,200
chapman_ningbo,IAVB,chapman_ningbo,home,0.05,lac,mondrian,7983,7983,0.02869,229,0.9443,0.0046,0.9813,0.0258,0.9433,0.0046,1.4299,0.3172,0.17702,0.96243,51,0,997.0,997.0,200
chapman_ningbo,IAVB,georgia,away,0.05,lac,mondrian,4115,4115,0.07631,314,0.9084,0.0054,0.9828,0.0215,0.9023,0.0054,1.36,0.2986,0.17702,0.96243,51,0,997.0,997.0,200
chapman_ningbo,IAVB,cpsc,away,0.05,lac,mondrian,4124,4124,0.08099,334,0.934,0.0045,0.9626,0.0312,0.9315,0.0037,1.3779,0.306,0.17702,0.96243,51,0,997.0,997.0,200
chapman_ningbo,IAVB,chapman_ningbo-calibration-holdout,calibration holdout,0.05,lac,weighted,1995,1995,0.02105,42,0.951,0.0091,0.4394,0.1193,0.9622,0.0078,0.9637,0.0742,0.21891,0.22005,1,1,997.0,990.9,200
chapman_ningbo,IAVB,ptbxl,away,0.05,lac,weighted,8000,6937,0.04813,385,0.9351,0.0146,0.6001,0.089,0.952,0.011,0.9815,0.0285,0.42407,0.44883,0,0,997.0,805.4,200
chapman_ningbo,IAVB,sph,away,0.05,lac,weighted,8000,7671,0.00838,67,0.9704,0.0077,0.5935,0.1067,0.9736,0.0069,1.0334,0.2448,0.18734,0.18549,12,12,997.0,987.0,200
chapman_ningbo,IAVB,chapman_ningbo,home,0.05,lac,weighted,7983,7983,0.02869,229,0.9467,0.0064,0.4427,0.0512,0.9616,0.0051,0.9554,0.0082,0.25396,0.25864,0,0,997.0,983.1,200
chapman_ningbo,IAVB,georgia,away,0.05,lac,weighted,4115,4115,0.07631,314,0.9431,0.0167,0.7229,0.0846,0.9613,0.0115,1.0052,0.0391,0.49024,0.53077,0,0,997.0,682.3,200
chapman_ningbo,IAVB,cpsc,away,0.05,lac,weighted,4124,4124,0.08099,334,0.9518,0.0121,0.7117,0.0587,0.973,0.0081,0.9971,0.0269,0.4662,0.50161,0,0,997.0,728.0,200
chapman_ningbo,IAVB,chapman_ningbo-calibration-holdout,calibration holdout,0.05,aps,none,1995,1995,0.02105,42,0.9495,0.0103,0.8423,0.0694,0.9518,0.0101,1.04,0.0192,0.93791,0.93791,0,0,997.0,997.0,200
chapman_ningbo,IAVB,ptbxl,away,0.05,aps,none,8000,6937,0.04813,385,0.9412,0.0079,0.8674,0.0175,0.945,0.0077,1.0905,0.0177,0.93791,0.93791,0,0,997.0,997.0,200
chapman_ningbo,IAVB,sph,away,0.05,aps,none,8000,7671,0.00838,67,0.942,0.0076,0.9428,0.0204,0.942,0.0076,0.9819,0.0106,0.93791,0.93791,0,0,997.0,997.0,200
chapman_ningbo,IAVB,chapman_ningbo,home,0.05,aps,none,7983,7983,0.02869,229,0.9506,0.0071,0.8893,0.0169,0.9525,0.007,1.05,0.017,0.93791,0.93791,0,0,997.0,997.0,200
chapman_ningbo,IAVB,georgia,away,0.05,aps,none,4115,4115,0.07631,314,0.9399,0.0083,0.8906,0.0146,0.944,0.0083,1.0953,0.0172,0.93791,0.93791,0,0,997.0,997.0,200
chapman_ningbo,IAVB,cpsc,away,0.05,aps,none,4124,4124,0.08099,334,0.9417,0.008,0.8643,0.0145,0.9485,0.0079,1.074,0.017,0.93791,0.93791,0,0,997.0,997.0,200
chapman_ningbo,IAVB,chapman_ningbo-calibration-holdout,calibration holdout,0.05,aps,mondrian,1995,1995,0.02105,42,0.9499,0.0101,0.9632,0.0639,0.9496,0.0102,1.5116,0.3087,0.93535,0.98868,51,0,997.0,997.0,200
chapman_ningbo,IAVB,ptbxl,away,0.05,aps,mondrian,8000,6937,0.04813,385,0.9442,0.0075,0.9781,0.0335,0.9424,0.0077,1.4928,0.2917,0.93535,0.98868,51,0,997.0,997.0,200
chapman_ningbo,IAVB,sph,away,0.05,aps,mondrian,8000,7671,0.00838,67,0.9398,0.0076,0.9887,0.0182,0.9394,0.0077,1.3263,0.373,0.93535,0.98868,51,0,997.0,997.0,200
chapman_ningbo,IAVB,chapman_ningbo,home,0.05,aps,mondrian,7983,7983,0.02869,229,0.951,0.0069,0.9782,0.0291,0.9502,0.0071,1.5155,0.3036,0.93535,0.98868,51,0,997.0,997.0,200
chapman_ningbo,IAVB,georgia,away,0.05,aps,mondrian,4115,4115,0.07631,314,0.9444,0.0078,0.9788,0.0274,0.9416,0.0083,1.4867,0.2875,0.93535,0.98868,51,0,997.0,997.0,200
chapman_ningbo,IAVB,cpsc,away,0.05,aps,mondrian,4124,4124,0.08099,334,0.9475,0.008,0.9623,0.035,0.9462,0.008,1.4735,0.2933,0.93535,0.98868,51,0,997.0,997.0,200
chapman_ningbo,IAVB,chapman_ningbo-calibration-holdout,calibration holdout,0.05,aps,weighted,1995,1995,0.02105,42,0.9496,0.0111,0.8422,0.0701,0.952,0.0108,1.0448,0.0709,0.93779,0.93777,1,1,997.0,990.9,200
chapman_ningbo,IAVB,ptbxl,away,0.05,aps,weighted,8000,6937,0.04813,385,0.948,0.0093,0.8838,0.0186,0.9512,0.009,1.1124,0.0239,0.94435,0.94812,0,0,997.0,805.4,200
chapman_ningbo,IAVB,sph,away,0.05,aps,weighted,8000,7671,0.00838,67,0.9435,0.016,0.9448,0.0244,0.9435,0.0161,1.0399,0.2434,0.93585,0.93513,12,12,997.0,987.0,200
chapman_ningbo,IAVB,chapman_ningbo,home,0.05,aps,weighted,7983,7983,0.02869,229,0.9518,0.0072,0.8919,0.0172,0.9536,0.0071,1.0538,0.018,0.93912,0.93982,0,0,997.0,983.1,200
chapman_ningbo,IAVB,georgia,away,0.05,aps,weighted,4115,4115,0.07631,314,0.9496,0.0104,0.9091,0.0176,0.9529,0.0102,1.1255,0.0279,0.94713,0.95184,0,0,997.0,682.3,200
chapman_ningbo,IAVB,cpsc,away,0.05,aps,weighted,4124,4124,0.08099,334,0.95,0.0099,0.8803,0.0164,0.9561,0.0097,1.1007,0.0271,0.94605,0.9504,0,0,997.0,728.0,200
georgia,NSR,georgia-calibration-holdout,calibration holdout,0.2,lac,none,2000,2000,0.1645,329,0.8007,0.0188,0.0553,0.0229,0.9468,0.0126,0.8916,0.0226,0.26436,0.26436,0,0,1000.0,1000.0,200
georgia,NSR,ptbxl,away,0.2,lac,none,8000,6937,0.82675,6614,0.1807,0.0036,0.0099,0.004,0.9955,0.0018,0.8487,0.0221,0.26436,0.26436,0,0,1000.0,1000.0,200
georgia,NSR,chapman_ningbo,away,0.2,lac,none,7983,7983,0.18539,1480,0.8028,0.0051,0.0154,0.0068,0.982,0.0049,0.9287,0.0115,0.26436,0.26436,0,0,1000.0,1000.0,200
georgia,NSR,georgia,home,0.2,lac,none,4115,4115,0.17375,715,0.7918,0.0113,0.0751,0.0231,0.9426,0.0089,0.8883,0.0188,0.26436,0.26436,0,0,1000.0,1000.0,200
georgia,NSR,cpsc,away,0.2,lac,none,4124,4124,0.08754,361,0.8557,0.0112,0.0655,0.0228,0.9315,0.0102,0.9029,0.0168,0.26436,0.26436,0,0,1000.0,1000.0,200
georgia,NSR,georgia-calibration-holdout,calibration holdout,0.2,lac,mondrian,2000,2000,0.1645,329,0.8006,0.0176,0.8053,0.0472,0.7997,0.02,1.0372,0.0244,0.05099,0.96453,0,0,1000.0,1000.0,200
georgia,NSR,ptbxl,away,0.2,lac,mondrian,8000,6937,0.82675,6614,0.6097,0.0258,0.5364,0.0312,0.9595,0.0035,1.0502,0.0296,0.05099,0.96453,0,0,1000.0,1000.0,200
georgia,NSR,chapman_ningbo,away,0.2,lac,mondrian,7983,7983,0.18539,1480,0.8291,0.0116,0.7387,0.0266,0.8497,0.0136,1.0457,0.0273,0.05099,0.96453,0,0,1000.0,1000.0,200
georgia,NSR,georgia,home,0.2,lac,mondrian,4115,4115,0.17375,715,0.8106,0.0099,0.8428,0.0237,0.8039,0.0114,1.0428,0.0252,0.05099,0.96453,0,0,1000.0,1000.0,200
georgia,NSR,cpsc,away,0.2,lac,mondrian,4124,4124,0.08754,361,0.7859,0.0101,0.8709,0.0188,0.7777,0.0111,1.0377,0.0226,0.05099,0.96453,0,0,1000.0,1000.0,200
georgia,NSR,georgia-calibration-holdout,calibration holdout,0.2,lac,weighted,2000,2000,0.1645,329,0.8112,0.0362,0.1076,0.1038,0.9489,0.0261,0.9133,0.0628,0.31382,0.31414,0,0,1000.0,984.4,200
georgia,NSR,ptbxl,away,0.2,lac,weighted,8000,6937,0.82675,6614,0.1826,0.0091,0.0124,0.0106,0.9948,0.0033,0.8518,0.0452,0.27092,0.27103,0,0,1000.0,996.3,200
georgia,NSR,chapman_ningbo,away,0.2,lac,weighted,7983,7983,0.18539,1480,0.7301,0.0722,0.065,0.2471,0.8814,0.0341,0.8558,0.3028,0.06339,0.06288,13,13,1000.0,874.0,200
georgia,NSR,georgia,home,0.2,lac,weighted,4115,4115,0.17375,715,0.8054,0.0214,0.11,0.0531,0.9516,0.015,0.9124,0.0373,0.3122,0.31262,0,0,1000.0,994.9,200
georgia,NSR,cpsc,away,0.2,lac,weighted,4124,4124,0.08754,361,0.7992,0.0151,0.0099,0.0065,0.8749,0.016,0.8284,0.0184,0.13817,0.1377,0,0,1000.0,974.4,200
georgia,NSR,georgia-calibration-holdout,calibration holdout,0.2,aps,none,2000,2000,0.1645,329,0.804,0.017,0.4186,0.0362,0.8796,0.0148,0.9868,0.0193,0.8589,0.8589,0,0,1000.0,1000.0,200
georgia,NSR,ptbxl,away,0.2,aps,none,8000,6937,0.82675,6614,0.2932,0.0109,0.1728,0.011,0.8676,0.014,1.0346,0.0191,0.8589,0.8589,0,0,1000.0,1000.0,200
georgia,NSR,chapman_ningbo,away,0.2,aps,none,7983,7983,0.18539,1480,0.7686,0.0122,0.285,0.017,0.8787,0.0115,0.9524,0.016,0.8589,0.8589,0,0,1000.0,1000.0,200
georgia,NSR,georgia,home,0.2,aps,none,4115,4115,0.17375,715,0.799,0.0127,0.4197,0.0193,0.8788,0.0121,0.9905,0.0182,0.8589,0.8589,0,0,1000.0,1000.0,200
georgia,NSR,cpsc,away,0.2,aps,none,4124,4124,0.08754,361,0.8425,0.0119,0.4501,0.0216,0.8802,0.0116,0.9746,0.0176,0.8589,0.8589,0,0,1000.0,1000.0,200
georgia,NSR,georgia-calibration-holdout,calibration holdout,0.2,aps,mondrian,2000,2000,0.1645,329,0.8018,0.0168,0.8027,0.047,0.8017,0.0185,1.1566,0.037,0.78157,0.98842,0,0,1000.0,1000.0,200
georgia,NSR,ptbxl,away,0.2,aps,mondrian,8000,6937,0.82675,6614,0.5947,0.0285,0.5535,0.0346,0.7914,0.0168,1.2869,0.0318,0.78157,0.98842,0,0,1000.0,1000.0,200
georgia,NSR,chapman_ningbo,away,0.2,aps,mondrian,7983,7983,0.18539,1480,0.7885,0.0119,0.7295,0.0305,0.8019,0.0145,1.1264,0.0288,0.78157,0.98842,0,0,1000.0,1000.0,200
georgia,NSR,georgia,home,0.2,aps,mondrian,4115,4115,0.17375,715,0.8082,0.0128,0.8352,0.0266,0.8026,0.0152,1.1608,0.0294,0.78157,0.98842,0,0,1000.0,1000.0,200
georgia,NSR,cpsc,away,0.2,aps,mondrian,4124,4124,0.08754,361,0.8092,0.0133,0.8549,0.0253,0.8048,0.0147,1.1338,0.0275,0.78157,0.98842,0,0,1000.0,1000.0,200
georgia,NSR,georgia-calibration-holdout,calibration holdout,0.2,aps,weighted,2000,2000,0.1645,329,0.8097,0.027,0.4272,0.0519,0.8847,0.0243,0.9963,0.0394,0.86402,0.86399,0,0,1000.0,984.4,200
georgia,NSR,ptbxl,away,0.2,aps,weighted,8000,6937,0.82675,6614,0.294,0.0145,0.1738,0.0146,0.868,0.017,1.0357,0.0256,0.8593,0.85932,0,0,1000.0,996.3,200
georgia,NSR,chapman_ningbo,away,0.2,aps,weighted,7983,7983,0.18539,1480,0.7214,0.0747,0.2637,0.195,0.8256,0.048,0.9402,0.2806,0.79314,0.79235,13,13,1000.0,874.0,200
georgia,NSR,georgia,home,0.2,aps,weighted,4115,4115,0.17375,715,0.8055,0.0168,0.4299,0.0252,0.8844,0.0156,1.0001,0.0245,0.86481,0.86488,0,0,1000.0,994.9,200
georgia,NSR,cpsc,away,0.2,aps,weighted,4124,4124,0.08754,361,0.8167,0.0137,0.4141,0.0219,0.8553,0.0135,0.9373,0.0189,0.83286,0.83261,0,0,1000.0,974.4,200
georgia,NSR,georgia-calibration-holdout,calibration holdout,0.1,lac,none,2000,2000,0.1645,329,0.9017,0.0135,0.4291,0.0541,0.9945,0.0028,1.092,0.0166,0.7065,0.7065,0,0,1000.0,1000.0,200
georgia,NSR,ptbxl,away,0.1,lac,none,8000,6937,0.82675,6614,0.3159,0.0141,0.1725,0.017,1.0,0.0,1.1318,0.0176,0.7065,0.7065,0,0,1000.0,1000.0,200
georgia,NSR,chapman_ningbo,away,0.1,lac,none,7983,7983,0.18539,1480,0.8685,0.0049,0.2948,0.0252,0.9991,0.0003,1.0616,0.0085,0.7065,0.7065,0,0,1000.0,1000.0,200
georgia,NSR,georgia,home,0.1,lac,none,4115,4115,0.17375,715,0.8969,0.0062,0.4338,0.0248,0.9943,0.0023,1.0951,0.0146,0.7065,0.7065,0,0,1000.0,1000.0,200
georgia,NSR,cpsc,away,0.1,lac,none,4124,4124,0.08754,361,0.9478,0.0044,0.4614,0.0341,0.9945,0.0017,1.0822,0.0129,0.7065,0.7065,0,0,1000.0,1000.0,200
georgia,NSR,georgia-calibration-holdout,calibration holdout,0.1,lac,mondrian,2000,2000,0.1645,329,0.9009,0.0132,0.9082,0.0313,0.8994,0.0148,1.2883,0.0261,0.14277,0.98685,0,0,1000.0,1000.0,200
georgia,NSR,ptbxl,away,0.1,lac,mondrian,8000,6937,0.82675,6614,0.7336,0.0168,0.6814,0.0203,0.9823,0.0016,1.3266,0.0227,0.14277,0.98685,0,0,1000.0,1000.0,200
georgia,NSR,chapman_ningbo,away,0.1,lac,mondrian,7983,7983,0.18539,1480,0.9294,0.0051,0.844,0.0129,0.9488,0.0057,1.2918,0.0199,0.14277,0.98685,0,0,1000.0,1000.0,200
georgia,NSR,georgia,home,0.1,lac,mondrian,4115,4115,0.17375,715,0.9053,0.0049,0.9346,0.0082,0.8991,0.0058,1.2764,0.0198,0.14277,0.98685,0,0,1000.0,1000.0,200
georgia,NSR,cpsc,away,0.1,lac,mondrian,4124,4124,0.08754,361,0.8847,0.007,0.9422,0.004,0.8792,0.0077,1.2553,0.0184,0.14277,0.98685,0,0,1000.0,1000.0,200
georgia,NSR,georgia-calibration-holdout,calibration holdout,0.1,lac,weighted,2000,2000,0.1645,329,0.9041,0.0259,0.4437,0.134,0.9941,0.0056,1.1024,0.0613,0.71387,0.7137,0,0,1000.0,984.4,200
georgia,NSR,ptbxl,away,0.1,lac,weighted,8000,6937,0.82675,6614,0.3159,0.0331,0.1726,0.0401,1.0,0.0001,1.1303,0.0415,0.70283,0.70303,0,0,1000.0,996.3,200
georgia,NSR,chapman_ningbo,away,0.1,lac,weighted,7983,7983,0.18539,1480,0.8001,0.0533,0.068,0.2464,0.9667,0.0117,0.9664,0.2735,0.18501,0.18308,13,13,1000.0,874.0,200
georgia,NSR,georgia,home,0.1,lac,weighted,4115,4115,0.17375,715,0.903,0.013,0.4625,0.0594,0.9957,0.0035,1.1113,0.0322,0.73267,0.73291,0,0,1000.0,994.9,200
georgia,NSR,cpsc,away,0.1,lac,weighted,4124,4124,0.08754,361,0.9151,0.0132,0.2633,0.0643,0.9776,0.0084,1.0008,0.0275,0.50325,0.50121,0,0,1000.0,974.4,200
georgia,NSR,georgia-calibration-holdout,calibration holdout,0.1,aps,none,2000,2000,0.1645,329,0.903,0.0132,0.5987,0.0418,0.9627,0.0084,1.1578,0.0196,0.94807,0.94807,0,0,1000.0,1000.0,200
georgia,NSR,ptbxl,away,0.1,aps,none,8000,6937,0.82675,6614,0.4312,0.0182,0.3217,0.0206,0.954,0.0087,1.2365,0.0229,0.94807,0.94807,0,0,1000.0,1000.0,200
georgia,NSR,chapman_ningbo,away,0.1,aps,none,7983,7983,0.18539,1480,0.8738,0.0098,0.4858,0.0267,0.9621,0.0063,1.1144,0.0187,0.94807,0.94807,0,0,1000.0,1000.0,200
georgia,NSR,georgia,home,0.1,aps,none,4115,4115,0.17375,715,0.9019,0.0094,0.6166,0.0252,0.9619,0.0067,1.1626,0.019,0.94807,0.94807,0,0,1000.0,1000.0,200
georgia,NSR,cpsc,away,0.1,aps,none,4124,4124,0.08754,361,0.9343,0.0078,0.6516,0.0292,0.9614,0.0064,1.1425,0.0182,0.94807,0.94807,0,0,1000.0,1000.0,200
georgia,NSR,georgia-calibration-holdout,calibration holdout,0.1,aps,mondrian,2000,2000,0.1645,329,0.9032,0.0129,0.9025,0.0315,0.9033,0.0143,1.3997,0.0431,0.88291,0.99561,0,0,1000.0,1000.0,200
georgia,NSR,ptbxl,away,0.1,aps,mondrian,8000,6937,0.82675,6614,0.7263,0.0268,0.6919,0.0325,0.8908,0.0138,1.5148,0.0344,0.88291,0.99561,0,0,1000.0,1000.0,200
georgia,NSR,chapman_ningbo,away,0.1,aps,mondrian,7983,7983,0.18539,1480,0.8894,0.0096,0.8347,0.0224,0.9018,0.011,1.3544,0.0367,0.88291,0.99561,0,0,1000.0,1000.0,200
georgia,NSR,georgia,home,0.1,aps,mondrian,4115,4115,0.17375,715,0.9055,0.0094,0.921,0.0181,0.9022,0.0111,1.3942,0.0372,0.88291,0.99561,0,0,1000.0,1000.0,200
georgia,NSR,cpsc,away,0.1,aps,mondrian,4124,4124,0.08754,361,0.9049,0.0103,0.9267,0.0171,0.9028,0.0113,1.3546,0.0353,0.88291,0.99561,0,0,1000.0,1000.0,200
georgia,NSR,georgia-calibration-holdout,calibration holdout,0.1,aps,weighted,2000,2000,0.1645,329,0.906,0.0207,0.6088,0.0649,0.9642,0.0134,1.1669,0.0449,0.95027,0.95029,0,0,1000.0,984.4,200
georgia,NSR,ptbxl,away,0.1,aps,weighted,8000,6937,0.82675,6614,0.4326,0.0266,0.3233,0.0301,0.9541,0.0114,1.2379,0.0331,0.94813,0.94815,0,0,1000.0,996.3,200
georgia,NSR,chapman_ningbo,away,0.1,aps,weighted,7983,7983,0.18539,1480,0.8194,0.049,0.3834,0.1641,0.9186,0.0236,1.0695,0.2464,0.89471,0.89355,13,13,1000.0,874.0,200
georgia,NSR,georgia,home,0.1,aps,weighted,4115,4115,0.17375,715,0.907,0.013,0.6314,0.0363,0.9649,0.0086,1.1743,0.0284,0.95177,0.95182,0,0,1000.0,994.9,200
georgia,NSR,cpsc,away,0.1,aps,weighted,4124,4124,0.08754,361,0.9142,0.0105,0.5926,0.0306,0.945,0.0091,1.0975,0.0208,0.9294,0.92917,0,0,1000.0,974.4,200
georgia,NSR,georgia-calibration-holdout,calibration holdout,0.05,lac,none,2000,2000,0.1645,329,0.9514,0.0098,0.704,0.0523,1.0,0.0,1.2471,0.0238,0.91996,0.91996,0,0,1000.0,1000.0,200
georgia,NSR,ptbxl,away,0.05,lac,none,8000,6937,0.82675,6614,0.5098,0.0257,0.4071,0.031,1.0,0.0,1.3418,0.0263,0.91996,0.91996,0,0,1000.0,1000.0,200
georgia,NSR,chapman_ningbo,away,0.05,lac,none,7983,7983,0.18539,1480,0.9266,0.0074,0.6042,0.04,1.0,0.0,1.1965,0.0232,0.91996,0.91996,0,0,1000.0,1000.0,200
georgia,NSR,georgia,home,0.05,lac,none,4115,4115,0.17375,715,0.9534,0.0052,0.7321,0.0298,1.0,0.0,1.251,0.0207,0.91996,0.91996,0,0,1000.0,1000.0,200
georgia,NSR,cpsc,away,0.05,lac,none,4124,4124,0.08754,361,0.9797,0.0029,0.7685,0.0328,1.0,0.0,1.2308,0.0208,0.91996,0.91996,0,0,1000.0,1000.0,200
georgia,NSR,georgia-calibration-holdout,calibration holdout,0.05,lac,mondrian,2000,2000,0.1645,329,0.9509,0.0099,0.9576,0.0221,0.9496,0.0116,1.4325,0.0277,0.27378,0.99195,0,0,1000.0,1000.0,200
georgia,NSR,ptbxl,away,0.05,lac,mondrian,8000,6937,0.82675,6614,0.7936,0.0159,0.7511,0.0193,0.9962,0.0011,1.4993,0.0227,0.27378,0.99195,0,0,1000.0,1000.0,200
georgia,NSR,chapman_ningbo,away,0.05,lac,mondrian,7983,7983,0.18539,1480,0.9654,0.003,0.885,0.011,0.9837,0.0032,1.4185,0.0233,0.27378,0.99195,0,0,1000.0,1000.0,200
georgia,NSR,georgia,home,0.05,lac,mondrian,4115,4115,0.17375,715,0.9494,0.0055,0.9686,0.0097,0.9453,0.0066,1.4171,0.0234,0.27378,0.99195,0,0,1000.0,1000.0,200
georgia,NSR,cpsc,away,0.05,lac,mondrian,4124,4124,0.08754,361,0.9374,0.0065,0.9661,0.0077,0.9347,0.0072,1.3898,0.0229,0.27378,0.99195,0,0,1000.0,1000.0,200
georgia,NSR,georgia-calibration-holdout,calibration holdout,0.05,lac,weighted,2000,2000,0.1645,329,0.9516,0.0169,0.7052,0.1013,0.9998,0.0008,1.2542,0.066,0.91538,0.91524,0,0,1000.0,984.4,200
georgia,NSR,ptbxl,away,0.05,lac,weighted,8000,6937,0.82675,6614,0.5102,0.0447,0.4076,0.0541,1.0,0.0,1.3423,0.0461,0.91785,0.91765,0,0,1000.0,996.3,200
georgia,NSR,chapman_ningbo,away,0.05,lac,weighted,7983,7983,0.18539,1480,0.833,0.0448,0.1295,0.2322,0.9931,0.0033,1.0393,0.2545,0.40833,0.40112,13,13,1000.0,874.0,200
georgia,NSR,georgia,home,0.05,lac,weighted,4115,4115,0.17375,715,0.9571,0.0089,0.7532,0.0512,1.0,0.0,1.2683,0.0375,0.9287,0.92874,0,0,1000.0,994.9,200
georgia,NSR,cpsc,away,0.05,lac,weighted,4124,4124,0.08754,361,0.964,0.0083,0.6003,0.0793,0.9988,0.0018,1.1415,0.0365,0.81381,0.81129,0,0,1000.0,974.4,200
georgia,NSR,georgia-calibration-holdout,calibration holdout,0.05,aps,none,2000,2000,0.1645,329,0.951,0.0102,0.7515,0.0442,0.9902,0.004,1.2965,0.0273,0.98231,0.98231,0,0,1000.0,1000.0,200
georgia,NSR,ptbxl,away,0.05,aps,none,8000,6937,0.82675,6614,0.5747,0.0241,0.4885,0.0285,0.9864,0.0043,1.4037,0.0269,0.98231,0.98231,0,0,1000.0,1000.0,200
georgia,NSR,chapman_ningbo,away,0.05,aps,none,7983,7983,0.18539,1480,0.931,0.0072,0.6717,0.028,0.99,0.0027,1.258,0.0244,0.98231,0.98231,0,0,1000.0,1000.0,200
georgia,NSR,georgia,home,0.05,aps,none,4115,4115,0.17375,715,0.9541,0.007,0.7844,0.027,0.9898,0.0032,1.3046,0.0243,0.98231,0.98231,0,0,1000.0,1000.0,200
georgia,NSR,cpsc,away,0.05,aps,none,4124,4124,0.08754,361,0.974,0.0049,0.8115,0.0273,0.9896,0.0031,1.276,0.023,0.98231,0.98231,0,0,1000.0,1000.0,200
georgia,NSR,georgia-calibration-holdout,calibration holdout,0.05,aps,mondrian,2000,2000,0.1645,329,0.9524,0.0089,0.9523,0.0244,0.9524,0.0095,1.5764,0.0529,0.93604,0.998,0,0,1000.0,1000.0,200
georgia,NSR,ptbxl,away,0.05,aps,mondrian,8000,6937,0.82675,6614,0.8187,0.0312,0.7927,0.0378,0.9429,0.0102,1.6728,0.0454,0.93604,0.998,0,0,1000.0,1000.0,200
georgia,NSR,chapman_ningbo,away,0.05,aps,mondrian,7983,7983,0.18539,1480,0.9407,0.007,0.8932,0.0196,0.9515,0.0075,1.528,0.053,0.93604,0.998,0,0,1000.0,1000.0,200
georgia,NSR,georgia,home,0.05,aps,mondrian,4115,4115,0.17375,715,0.9528,0.007,0.96,0.0138,0.9513,0.0079,1.5686,0.0515,0.93604,0.998,0,0,1000.0,1000.0,200
georgia,NSR,cpsc,away,0.05,aps,mondrian,4124,4124,0.08754,361,0.9521,0.0068,0.9635,0.0138,0.951,0.0075,1.5275,0.0536,0.93604,0.998,0,0,1000.0,1000.0,200
georgia,NSR,georgia-calibration-holdout,calibration holdout,0.05,aps,weighted,2000,2000,0.1645,329,0.9523,0.0148,0.7577,0.065,0.9903,0.006,1.3062,0.0557,0.9825,0.98245,0,0,1000.0,984.4,200
georgia,NSR,ptbxl,away,0.05,aps,weighted,8000,6937,0.82675,6614,0.5755,0.0337,0.4895,0.0398,0.9862,0.0057,1.4047,0.0378,0.98217,0.98214,0,0,1000.0,996.3,200
georgia,NSR,chapman_ningbo,away,0.05,aps,weighted,7983,7983,0.18539,1480,0.8791,0.0338,0.5103,0.1326,0.9631,0.0121,1.1662,0.2213,0.94635,0.94544,13,13,1000.0,874.0,200
georgia,NSR,georgia,home,0.05,aps,weighted,4115,4115,0.17375,715,0.957,0.0089,0.7961,0.0348,0.9909,0.0038,1.3176,0.0345,0.98364,0.98371,0,0,1000.0,994.9,200
georgia,NSR,cpsc,away,0.05,aps,weighted,4124,4124,0.08754,361,0.9616,0.0076,0.7511,0.0355,0.9818,0.0054,1.2226,0.0276,0.97221,0.97186,0,0,1000.0,974.4,200
georgia,AF,georgia-calibration-holdout,calibration holdout,0.2,lac,none,2000,2000,0.0555,111,0.7989,0.02,0.0,0.0,0.8455,0.0194,0.8062,0.0199,0.07607,0.07607,0,0,1000.0,1000.0,200
georgia,AF,ptbxl,away,0.2,lac,none,8000,6937,0.06875,550,0.8166,0.0099,0.0,0.0,0.8769,0.0107,0.8198,0.0102,0.07607,0.07607,0,0,1000.0,1000.0,200
georgia,AF,sph,away,0.2,lac,none,8000,7671,0.027,216,0.9332,0.0041,0.0,0.0,0.9591,0.0042,0.9334,0.0041,0.07607,0.07607,0,0,1000.0,1000.0,200
georgia,AF,chapman_ningbo,away,0.2,lac,none,7983,7983,0.04021,321,0.7011,0.0065,0.0,0.0,0.7304,0.0068,0.7013,0.0066,0.07607,0.07607,0,0,1000.0,1000.0,200
georgia,AF,georgia,home,0.2,lac,none,4115,4115,0.05225,215,0.8033,0.0106,0.0,0.0,0.8476,0.0111,0.8079,0.0108,0.07607,0.07607,0,0,1000.0,1000.0,200
georgia,AF,cpsc,away,0.2,lac,none,4124,4124,0.13312,549,0.7286,0.0128,0.0,0.0,0.8405,0.0148,0.7345,0.0133,0.07607,0.07607,0,0,1000.0,1000.0,200
georgia,AF,georgia-calibration-holdout,calibration holdout,0.2,lac,mondrian,2000,2000,0.0555,111,0.7988,0.0192,0.8057,0.0721,0.7984,0.0199,0.8918,0.0409,0.05723,0.86801,0,0,1000.0,1000.0,200
georgia,AF,ptbxl,away,0.2,lac,mondrian,8000,6937,0.06875,550,0.8351,0.0093,0.9023,0.0383,0.8301,0.0096,0.8971,0.037,0.05723,0.86801,0,0,1000.0,1000.0,200
georgia,AF,sph,away,0.2,lac,mondrian,8000,7671,0.027,216,0.9389,0.0045,0.9766,0.015,0.9379,0.0047,0.959,0.0152,0.05723,0.86801,0,0,1000.0,1000.0,200
georgia,AF,chapman_ningbo,away,0.2,lac,mondrian,7983,7983,0.04021,321,0.7063,0.0085,0.9601,0.0332,0.6957,0.0088,0.9211,0.0319,0.05723,0.86801,0,0,1000.0,1000.0,200
georgia,AF,georgia,home,0.2,lac,mondrian,4115,4115,0.05225,215,0.8011,0.0104,0.8477,0.0527,0.7985,0.0107,0.889,0.0392,0.05723,0.86801,0,0,1000.0,1000.0,200
georgia,AF,cpsc,away,0.2,lac,mondrian,4124,4124,0.13312,549,0.7974,0.0113,0.9188,0.0354,0.7787,0.0119,0.8736,0.0448,0.05723,0.86801,0,0,1000.0,1000.0,200
georgia,AF,georgia-calibration-holdout,calibration holdout,0.2,lac,weighted,2000,2000,0.0555,111,0.7999,0.023,0.0003,0.0024,0.8466,0.0249,0.8073,0.0232,0.07748,0.07752,0,0,1000.0,989.4,200
georgia,AF,ptbxl,away,0.2,lac,weighted,8000,6937,0.06875,550,0.8184,0.0115,0.0,0.0,0.8788,0.0123,0.8217,0.0119,0.07728,0.07732,0,0,1000.0,997.1,200
georgia,AF,sph,away,0.2,lac,weighted,8000,7671,0.027,216,0.9196,0.0149,0.03,0.171,0.9443,0.0109,0.9498,0.1852,0.06065,0.06043,6,6,1000.0,965.4,200
georgia,AF,chapman_ningbo,away,0.2,lac,weighted,7983,7983,0.04021,321,0.795,0.0437,0.0235,0.0464,0.8273,0.0438,0.8068,0.0586,0.21968,0.22489,0,0,1000.0,817.5,200
georgia,AF,georgia,home,0.2,lac,weighted,4115,4115,0.05225,215,0.795,0.012,0.0,0.0,0.8389,0.0126,0.7995,0.0121,0.07206,0.07197,0,0,1000.0,996.1,200
georgia,AF,cpsc,away,0.2,lac,weighted,4124,4124,0.13312,549,0.8124,0.023,0.0064,0.022,0.9362,0.0245,0.8263,0.0329,0.15362,0.15643,0,0,1000.0,885.2,200
georgia,AF,georgia-calibration-holdout,calibration holdout,0.2,aps,none,2000,2000,0.0555,111,0.802,0.0169,0.4551,0.0619,0.8223,0.0165,0.8643,0.0185,0.7934,0.7934,0,0,1000.0,1000.0,200
georgia,AF,ptbxl,away,0.2,aps,none,8000,6937,0.06875,550,0.7996,0.0128,0.5112,0.0219,0.8209,0.0125,0.8629,0.0143,0.7934,0.7934,0,0,1000.0,1000.0,200
georgia,AF,sph,away,0.2,aps,none,8000,7671,0.027,216,0.8029,0.0126,0.6219,0.0308,0.8079,0.0125,0.827,0.0132,0.7934,0.7934,0,0,1000.0,1000.0,200
georgia,AF,chapman_ningbo,away,0.2,aps,none,7983,7983,0.04021,321,0.8121,0.0125,0.4736,0.0308,0.8263,0.0121,0.9368,0.0171,0.7934,0.7934,0,0,1000.0,1000.0,200
georgia,AF,georgia,home,0.2,aps,none,4115,4115,0.05225,215,0.8045,0.013,0.4597,0.0272,0.8235,0.0127,0.864,0.0149,0.7934,0.7934,0,0,1000.0,1000.0,200
georgia,AF,cpsc,away,0.2,aps,none,4124,4124,0.13312,549,0.7827,0.0137,0.5047,0.0223,0.8254,0.0132,0.9008,0.0161,0.7934,0.7934,0,0,1000.0,1000.0,200
georgia,AF,georgia-calibration-holdout,calibration holdout,0.2,aps,mondrian,2000,2000,0.0555,111,0.802,0.0163,0.8085,0.0777,0.8016,0.0166,1.044,0.0873,0.7732,0.96931,0,0,1000.0,1000.0,200
georgia,AF,ptbxl,away,0.2,aps,mondrian,8000,6937,0.06875,550,0.8065,0.0122,0.8919,0.0448,0.8002,0.0129,1.0272,0.0786,0.7732,0.96931,0,0,1000.0,1000.0,200
georgia,AF,sph,away,0.2,aps,mondrian,8000,7671,0.027,216,0.7917,0.0124,0.9361,0.0319,0.7877,0.0127,0.8891,0.0485,0.7732,0.96931,0,0,1000.0,1000.0,200
georgia,AF,chapman_ningbo,away,0.2,aps,mondrian,7983,7983,0.04021,321,0.8107,0.0121,0.9123,0.0438,0.8065,0.0125,1.1325,0.0686,0.7732,0.96931,0,0,1000.0,1000.0,200
georgia,AF,georgia,home,0.2,aps,mondrian,4115,4115,0.05225,215,0.8056,0.0123,0.8462,0.0531,0.8034,0.0129,1.0431,0.0802,0.7732,0.96931,0,0,1000.0,1000.0,200
georgia,AF,cpsc,away,0.2,aps,mondrian,4124,4124,0.13312,549,0.8166,0.013,0.893,0.0424,0.8048,0.0139,1.1163,0.0873,0.7732,0.96931,0,0,1000.0,1000.0,200
georgia,AF,georgia-calibration-holdout,calibration holdout,0.2,aps,weighted,2000,2000,0.0555,111,0.8025,0.0202,0.4555,0.0678,0.8228,0.0196,0.8651,0.0233,0.7941,0.79418,0,0,1000.0,989.4,200
georgia,AF,ptbxl,away,0.2,aps,weighted,8000,6937,0.06875,550,0.8008,0.0135,0.513,0.0235,0.822,0.0131,0.8643,0.0153,0.79447,0.79442,0,0,1000.0,997.1,200
georgia,AF,sph,away,0.2,aps,weighted,8000,7671,0.027,216,0.7935,0.0385,0.6102,0.0746,0.7986,0.0376,0.8461,0.2039,0.77799,0.77735,6,6,1000.0,965.4,200
georgia,AF,chapman_ningbo,away,0.2,aps,weighted,7983,7983,0.04021,321,0.8495,0.0178,0.5555,0.0468,0.8618,0.0169,0.9929,0.0268,0.83065,0.83219,0,0,1000.0,817.5,200
georgia,AF,georgia,home,0.2,aps,weighted,4115,4115,0.05225,215,0.8014,0.0134,0.4553,0.0278,0.8205,0.0132,0.8603,0.0153,0.79032,0.79011,0,0,1000.0,996.1,200
georgia,AF,cpsc,away,0.2,aps,weighted,4124,4124,0.13312,549,0.8146,0.0179,0.5554,0.0317,0.8544,0.0164,0.9397,0.022,0.82178,0.82303,0,0,1000.0,885.2,200
georgia,AF,georgia-calibration-holdout,calibration holdout,0.1,lac,none,2000,2000,0.0555,111,0.9008,0.0134,0.0189,0.0134,0.9523,0.011,0.9168,0.0146,0.19865,0.19865,0,0,1000.0,1000.0,200
georgia,AF,ptbxl,away,0.1,lac,none,8000,6937,0.06875,550,0.9072,0.0047,0.0115,0.0045,0.9733,0.0047,0.9195,0.0066,0.19865,0.19865,0,0,1000.0,1000.0,200
georgia,AF,sph,away,0.1,lac,none,8000,7671,0.027,216,0.9642,0.0015,0.0093,0.0035,0.9907,0.0015,0.9659,0.002,0.19865,0.19865,0,0,1000.0,1000.0,200
georgia,AF,chapman_ningbo,away,0.1,lac,none,7983,7983,0.04021,321,0.7854,0.0099,0.0048,0.0018,0.8181,0.0102,0.791,0.0118,0.19865,0.19865,0,0,1000.0,1000.0,200
georgia,AF,georgia,home,0.1,lac,none,4115,4115,0.05225,215,0.9033,0.0067,0.0119,0.0058,0.9524,0.0068,0.9164,0.0084,0.19865,0.19865,0,0,1000.0,1000.0,200
georgia,AF,cpsc,away,0.1,lac,none,4124,4124,0.13312,549,0.8383,0.0058,0.0068,0.0072,0.966,0.0059,0.8587,0.0098,0.19865,0.19865,0,0,1000.0,1000.0,200
georgia,AF,georgia-calibration-holdout,calibration holdout,0.1,lac,mondrian,2000,2000,0.0555,111,0.8996,0.0138,0.906,0.0553,0.8992,0.0142,1.3045,0.136,0.11333,0.97009,0,0,1000.0,1000.0,200
georgia,AF,ptbxl,away,0.1,lac,mondrian,8000,6937,0.06875,550,0.9338,0.0075,0.9858,0.0173,0.93,0.0079,1.2931,0.1311,0.11333,0.97009,0,0,1000.0,1000.0,200
georgia,AF,sph,away,0.1,lac,mondrian,8000,7671,0.027,216,0.9791,0.0021,0.9947,0.002,0.9787,0.0021,1.1773,0.0946,0.11333,0.97009,0,0,1000.0,1000.0,200
georgia,AF,chapman_ningbo,away,0.1,lac,mondrian,7983,7983,0.04021,321,0.7763,0.0053,0.999,0.003,0.7669,0.0055,1.2307,0.109,0.11333,0.97009,0,0,1000.0,1000.0,200
georgia,AF,georgia,home,0.1,lac,mondrian,4115,4115,0.05225,215,0.906,0.0066,0.9507,0.0219,0.9035,0.0069,1.2991,0.1285,0.11333,0.97009,0,0,1000.0,1000.0,200
georgia,AF,cpsc,away,0.1,lac,mondrian,4124,4124,0.13312,549,0.9175,0.0083,0.9786,0.0124,0.9081,0.0093,1.3197,0.1333,0.11333,0.97009,0,0,1000.0,1000.0,200
georgia,AF,georgia-calibration-holdout,calibration holdout,0.1,lac,weighted,2000,2000,0.0555,111,0.9026,0.0204,0.043,0.0685,0.9528,0.0195,0.9212,0.0278,0.22288,0.2232,0,0,1000.0,989.4,200
georgia,AF,ptbxl,away,0.1,lac,weighted,8000,6937,0.06875,550,0.9093,0.0075,0.0174,0.0185,0.9752,0.0069,0.9232,0.0119,0.2124,0.21272,0,0,1000.0,997.1,200
georgia,AF,sph,away,0.1,lac,weighted,8000,7671,0.027,216,0.9565,0.0078,0.03,0.171,0.9822,0.0035,0.987,0.1786,0.12638,0.12548,6,6,1000.0,965.4,200
georgia,AF,chapman_ningbo,away,0.1,lac,weighted,7983,7983,0.04021,321,0.9486,0.0246,0.4319,0.1645,0.9702,0.0189,1.0627,0.0603,0.58201,0.59063,0,0,1000.0,817.5,200
georgia,AF,georgia,home,0.1,lac,weighted,4115,4115,0.05225,215,0.8952,0.009,0.0082,0.0055,0.9441,0.0092,0.9064,0.0112,0.17755,0.17731,0,0,1000.0,996.1,200
georgia,AF,cpsc,away,0.1,lac,weighted,4124,4124,0.13312,549,0.9069,0.0205,0.3378,0.1379,0.9943,0.0026,1.0078,0.0393,0.51455,0.52084,0,0,1000.0,885.2,200
georgia,AF,georgia-calibration-holdout,calibration holdout,0.1,aps,none,2000,2000,0.0555,111,0.9024,0.0123,0.615,0.0619,0.9191,0.0113,0.9947,0.0171,0.89091,0.89091,0,0,1000.0,1000.0,200
georgia,AF,ptbxl,away,0.1,aps,none,8000,6937,0.06875,550,0.9018,0.0101,0.6895,0.0246,0.9175,0.0093,0.9894,0.0143,0.89091,0.89091,0,0,1000.0,1000.0,200
georgia,AF,sph,away,0.1,aps,none,8000,7671,0.027,216,0.9027,0.0098,0.7856,0.03,0.9059,0.0095,0.9354,0.0111,0.89091,0.89091,0,0,1000.0,1000.0,200
georgia,AF,chapman_ningbo,away,0.1,aps,none,7983,7983,0.04021,321,0.9089,0.0094,0.6988,0.0343,0.9177,0.0088,1.0897,0.0165,0.89091,0.89091,0,0,1000.0,1000.0,200
georgia,AF,georgia,home,0.1,aps,none,4115,4115,0.05225,215,0.904,0.0103,0.6365,0.0308,0.9187,0.0098,0.9928,0.0149,0.89091,0.89091,0,0,1000.0,1000.0,200
georgia,AF,cpsc,away,0.1,aps,none,4124,4124,0.13312,549,0.8922,0.011,0.697,0.0247,0.9222,0.0099,1.044,0.0164,0.89091,0.89091,0,0,1000.0,1000.0,200
georgia,AF,georgia-calibration-holdout,calibration holdout,0.1,aps,mondrian,2000,2000,0.0555,111,0.903,0.0126,0.9063,0.0574,0.9028,0.013,1.4072,0.1163,0.87361,0.99124,0,0,1000.0,1000.0,200
georgia,AF,ptbxl,away,0.1,aps,mondrian,8000,6937,0.06875,550,0.9052,0.0097,0.9653,0.0186,0.9008,0.0104,1.3876,0.1177,0.87361,0.99124,0,0,1000.0,1000.0,200
georgia,AF,sph,away,0.1,aps,mondrian,8000,7671,0.027,216,0.891,0.0099,0.9788,0.0121,0.8886,0.0102,1.1955,0.118,0.87361,0.99124,0,0,1000.0,1000.0,200
georgia,AF,chapman_ningbo,away,0.1,aps,mondrian,7983,7983,0.04021,321,0.9048,0.0093,0.9744,0.0154,0.9019,0.0097,1.4569,0.107,0.87361,0.99124,0,0,1000.0,1000.0,200
georgia,AF,georgia,home,0.1,aps,mondrian,4115,4115,0.05225,215,0.9038,0.0101,0.9353,0.0268,0.9021,0.0106,1.3935,0.1106,0.87361,0.99124,0,0,1000.0,1000.0,200
georgia,AF,cpsc,away,0.1,aps,mondrian,4124,4124,0.13312,549,0.9133,0.0098,0.9611,0.0192,0.906,0.0109,1.474,0.1064,0.87361,0.99124,0,0,1000.0,1000.0,200
georgia,AF,georgia-calibration-holdout,calibration holdout,0.1,aps,weighted,2000,2000,0.0555,111,0.9034,0.0149,0.6179,0.0678,0.92,0.0137,0.9969,0.0232,0.89208,0.89205,0,0,1000.0,989.4,200
georgia,AF,ptbxl,away,0.1,aps,weighted,8000,6937,0.06875,550,0.9033,0.011,0.6928,0.0271,0.9189,0.0102,0.9918,0.0161,0.89235,0.89237,0,0,1000.0,997.1,200
georgia,AF,sph,away,0.1,aps,weighted,8000,7671,0.027,216,0.8926,0.0216,0.768,0.0522,0.896,0.021,0.9525,0.185,0.87793,0.87715,6,6,1000.0,965.4,200
georgia,AF,chapman_ningbo,away,0.1,aps,weighted,7983,7983,0.04021,321,0.9365,0.0126,0.7797,0.0426,0.9431,0.0116,1.1466,0.0279,0.91952,0.92121,0,0,1000.0,817.5,200
georgia,AF,georgia,home,0.1,aps,weighted,4115,4115,0.05225,215,0.9017,0.011,0.6313,0.0322,0.9166,0.0104,0.9893,0.0158,0.88859,0.88847,0,0,1000.0,996.1,200
georgia,AF,cpsc,away,0.1,aps,weighted,4124,4124,0.13312,549,0.9174,0.0139,0.7515,0.0322,0.9429,0.0117,1.0883,0.0268,0.91336,0.91464,0,0,1000.0,885.2,200
georgia,AF,georgia-calibration-holdout,calibration holdout,0.05,lac,none,2000,2000,0.0555,111,0.95,0.0098,0.2653,0.084,0.9901,0.0035,0.994,0.0099,0.47485,0.47485,0,0,1000.0,1000.0,200
georgia,AF,ptbxl,away,0.05,lac,none,8000,6937,0.06875,550,0.9471,0.0051,0.287,0.0606,0.9958,0.0011,0.9935,0.0101,0.47485,0.47485,0,0,1000.0,1000.0,200
georgia,AF,sph,away,0.05,lac,none,8000,7671,0.027,216,0.9806,0.0025,0.3413,0.0766,0.9983,0.0005,0.9967,0.005,0.47485,0.47485,0,0,1000.0,1000.0,200
georgia,AF,chapman_ningbo,away,0.05,lac,none,7983,7983,0.04021,321,0.9141,0.015,0.2103,0.0674,0.9436,0.0129,0.9813,0.0289,0.47485,0.47485,0,0,1000.0,1000.0,200
georgia,AF,georgia,home,0.05,lac,none,4115,4115,0.05225,215,0.9522,0.0055,0.2433,0.0675,0.9912,0.0021,0.9932,0.0107,0.47485,0.47485,0,0,1000.0,1000.0,200
georgia,AF,cpsc,away,0.05,lac,none,4124,4124,0.13312,549,0.8962,0.0101,0.2649,0.0659,0.9931,0.0016,0.9873,0.0194,0.47485,0.47485,0,0,1000.0,1000.0,200
georgia,AF,georgia-calibration-holdout,calibration holdout,0.05,lac,mondrian,2000,2000,0.0555,111,0.9508,0.0097,0.9591,0.0419,0.9503,0.0102,1.5825,0.0926,0.19311,0.98896,0,0,1000.0,1000.0,200
georgia,AF,ptbxl,away,0.05,lac,mondrian,8000,6937,0.06875,550,0.974,0.0029,0.9975,0.0026,0.9723,0.0031,1.5668,0.0954,0.19311,0.98896,0,0,1000.0,1000.0,200
georgia,AF,sph,away,0.05,lac,mondrian,8000,7671,0.027,216,0.9905,0.0009,0.9954,0.0,0.9904,0.0009,1.4047,0.1015,0.19311,0.98896,0,0,1000.0,1000.0,200
georgia,AF,chapman_ningbo,away,0.05,lac,mondrian,7983,7983,0.04021,321,0.8227,0.0059,1.0,0.0,0.8152,0.0061,1.4878,0.0896,0.19311,0.98896,0,0,1000.0,1000.0,200
georgia,AF,georgia,home,0.05,lac,mondrian,4115,4115,0.05225,215,0.952,0.0041,0.9784,0.0094,0.9505,0.0044,1.5593,0.085,0.19311,0.98896,0,0,1000.0,1000.0,200
georgia,AF,cpsc,away,0.05,lac,mondrian,4124,4124,0.13312,549,0.9685,0.0034,0.991,0.0036,0.9651,0.0039,1.5816,0.0771,0.19311,0.98896,0,0,1000.0,1000.0,200
georgia,AF,georgia-calibration-holdout,calibration holdout,0.05,lac,weighted,2000,2000,0.0555,111,0.9503,0.0163,0.2918,0.1975,0.9886,0.007,0.999,0.0321,0.48909,0.48923,0,0,1000.0,989.4,200
georgia,AF,ptbxl,away,0.05,lac,weighted,8000,6937,0.06875,550,0.9501,0.0096,0.3275,0.1207,0.9961,0.0015,0.9996,0.019,0.49781,0.4989,0,0,1000.0,997.1,200
georgia,AF,sph,away,0.05,lac,weighted,8000,7671,0.027,216,0.9674,0.006,0.0456,0.1686,0.993,0.0019,1.0001,0.1763,0.23504,0.23188,6,6,1000.0,965.4,200
georgia,AF,chapman_ningbo,away,0.05,lac,weighted,7983,7983,0.04021,321,0.9915,0.0059,0.8455,0.0962,0.9976,0.0023,1.1999,0.0321,0.78,0.78801,0,0,1000.0,817.5,200
georgia,AF,georgia,home,0.05,lac,weighted,4115,4115,0.05225,215,0.9462,0.0079,0.1828,0.0878,0.9883,0.0037,0.9826,0.0152,0.43309,0.43149,0,0,1000.0,996.1,200
georgia,AF,cpsc,away,0.05,lac,weighted,4124,4124,0.13312,549,0.9662,0.0142,0.7509,0.1026,0.9993,0.0006,1.1172,0.0284,0.74617,0.75175,0,0,1000.0,885.2,200
georgia,AF,georgia-calibration-holdout,calibration holdout,0.05,aps,none,2000,2000,0.0555,111,0.9507,0.0095,0.725,0.0585,0.9639,0.0079,1.0918,0.0215,0.94045,0.94045,0,0,1000.0,1000.0,200
georgia,AF,ptbxl,away,0.05,aps,none,8000,6937,0.06875,550,0.9523,0.0068,0.8068,0.0204,0.9631,0.0061,1.0831,0.0171,0.94045,0.94045,0,0,1000.0,1000.0,200
georgia,AF,sph,away,0.05,aps,none,8000,7671,0.027,216,0.9525,0.007,0.8775,0.0239,0.9545,0.0069,1.0008,0.011,0.94045,0.94045,0,0,1000.0,1000.0,200
georgia,AF,chapman_ningbo,away,0.05,aps,none,7983,7983,0.04021,321,0.9561,0.0065,0.8315,0.0269,0.9613,0.006,1.1903,0.0169,0.94045,0.94045,0,0,1000.0,1000.0,200
georgia,AF,georgia,home,0.05,aps,none,4115,4115,0.05225,215,0.9528,0.0071,0.758,0.0297,0.9636,0.0065,1.0898,0.0185,0.94045,0.94045,0,0,1000.0,1000.0,200
georgia,AF,cpsc,away,0.05,aps,none,4124,4124,0.13312,549,0.9462,0.0078,0.8147,0.0211,0.9664,0.0066,1.1516,0.02,0.94045,0.94045,0,0,1000.0,1000.0,200
georgia,AF,georgia-calibration-holdout,calibration holdout,0.05,aps,mondrian,2000,2000,0.0555,111,0.9519,0.0088,0.9569,0.0419,0.9516,0.0091,1.6886,0.1312,0.92613,0.99681,0,0,1000.0,1000.0,200
georgia,AF,ptbxl,away,0.05,aps,mondrian,8000,6937,0.06875,550,0.9529,0.0069,0.9869,0.0099,0.9504,0.0074,1.6818,0.1371,0.92613,0.99681,0,0,1000.0,1000.0,200
georgia,AF,sph,away,0.05,aps,mondrian,8000,7671,0.027,216,0.942,0.0078,0.9893,0.0068,0.9407,0.008,1.5411,0.1853,0.92613,0.99681,0,0,1000.0,1000.0,200
georgia,AF,chapman_ningbo,away,0.05,aps,mondrian,7983,7983,0.04021,321,0.9506,0.0066,0.9909,0.0082,0.9489,0.0069,1.7239,0.1212,0.92613,0.99681,0,0,1000.0,1000.0,200
georgia,AF,georgia,home,0.05,aps,mondrian,4115,4115,0.05225,215,0.9522,0.0071,0.9722,0.018,0.9511,0.0076,1.6765,0.1334,0.92613,0.99681,0,0,1000.0,1000.0,200
georgia,AF,cpsc,away,0.05,aps,mondrian,4124,4124,0.13312,549,0.9583,0.0068,0.9845,0.0114,0.9543,0.0077,1.7318,0.1145,0.92613,0.99681,0,0,1000.0,1000.0,200
georgia,AF,georgia-calibration-holdout,calibration holdout,0.05,aps,weighted,2000,2000,0.0555,111,0.9517,0.0114,0.7258,0.0638,0.9649,0.0097,1.0958,0.0314,0.94131,0.94125,0,0,1000.0,989.4,200
georgia,AF,ptbxl,away,0.05,aps,weighted,8000,6937,0.06875,550,0.9535,0.0075,0.8101,0.0225,0.964,0.0066,1.0867,0.0205,0.9416,0.94167,0,0,1000.0,997.1,200
georgia,AF,sph,away,0.05,aps,weighted,8000,7671,0.027,216,0.9438,0.0127,0.8601,0.0356,0.9461,0.0123,1.0151,0.174,0.93004,0.92925,6,6,1000.0,965.4,200
georgia,AF,chapman_ningbo,away,0.05,aps,weighted,7983,7983,0.04021,321,0.9763,0.0084,0.8998,0.0327,0.9795,0.0076,1.2749,0.0521,0.96313,0.96501,0,0,1000.0,817.5,200
georgia,AF,georgia,home,0.05,aps,weighted,4115,4115,0.05225,215,0.9512,0.0076,0.7524,0.0311,0.9622,0.0069,1.0853,0.0198,0.93875,0.93852,0,0,1000.0,996.1,200
georgia,AF,cpsc,away,0.05,aps,weighted,4124,4124,0.13312,549,0.9649,0.0096,0.8655,0.0286,0.9802,0.0071,1.2274,0.0513,0.95842,0.95983,0,0,1000.0,885.2,200
georgia,LBBB,georgia-calibration-holdout,calibration holdout,0.2,lac,none,2000,2000,0.025,50,0.8015,0.0173,0.0,0.0,0.8219,0.0171,0.8015,0.0173,0.00492,0.00492,0,0,1000.0,1000.0,200
georgia,LBBB,ptbxl,away,0.2,lac,none,8000,6937,0.027,216,0.8114,0.0083,0.0,0.0,0.834,0.0086,0.8117,0.0083,0.00492,0.00492,0,0,1000.0,1000.0,200
georgia,LBBB,sph,away,0.2,lac,none,8000,7671,0.00287,23,0.9614,0.003,0.0,0.0,0.9642,0.003,0.9614,0.003,0.00492,0.00492,0,0,1000.0,1000.0,200
georgia,LBBB,chapman_ningbo,away,0.2,lac,none,7983,7983,0.01015,81,0.8699,0.0077,0.0,0.0,0.8788,0.0078,0.871,0.0078,0.00492,0.00492,0,0,1000.0,1000.0,200
georgia,LBBB,georgia,home,0.2,lac,none,4115,4115,0.02187,90,0.8004,0.0074,0.0,0.0,0.8183,0.0076,0.8016,0.0074,0.00492,0.00492,0,0,1000.0,1000.0,200
georgia,LBBB,cpsc,away,0.2,lac,none,4124,4124,0.0274,113,0.8627,0.0085,0.0,0.0,0.887,0.0088,0.8649,0.0085,0.00492,0.00492,0,0,1000.0,1000.0,200
georgia,LBBB,georgia-calibration-holdout,calibration holdout,0.2,lac,mondrian,2000,2000,0.025,50,0.8011,0.0186,0.8134,0.113,0.8008,0.019,0.8108,0.025,0.00452,0.87705,0,0,1000.0,1000.0,200
georgia,LBBB,ptbxl,away,0.2,lac,mondrian,8000,6937,0.027,216,0.8181,0.008,0.9358,0.0269,0.8149,0.0082,0.8344,0.0178,0.00452,0.87705,0,0,1000.0,1000.0,200
georgia,LBBB,sph,away,0.2,lac,mondrian,8000,7671,0.00287,23,0.9572,0.0035,0.9922,0.0217,0.9571,0.0036,0.9581,0.0039,0.00452,0.87705,0,0,1000.0,1000.0,200
georgia,LBBB,chapman_ningbo,away,0.2,lac,mondrian,7983,7983,0.01015,81,0.8588,0.0082,0.6242,0.0762,0.8612,0.0083,0.8706,0.0117,0.00452,0.87705,0,0,1000.0,1000.0,200
georgia,LBBB,georgia,home,0.2,lac,mondrian,4115,4115,0.02187,90,0.8003,0.0091,0.7891,0.0692,0.8006,0.0092,0.8142,0.0197,0.00452,0.87705,0,0,1000.0,1000.0,200
georgia,LBBB,cpsc,away,0.2,lac,mondrian,4124,4124,0.0274,113,0.8621,0.0103,0.7325,0.0577,0.8657,0.0105,0.8692,0.0125,0.00452,0.87705,0,0,1000.0,1000.0,200
georgia,LBBB,georgia-calibration-holdout,calibration holdout,0.2,lac,weighted,2000,2000,0.025,50,0.8024,0.0183,0.0,0.0,0.8229,0.0192,0.8024,0.0183,0.00495,0.00495,0,0,1000.0,994.7,200
georgia,LBBB,ptbxl,away,0.2,lac,weighted,8000,6937,0.027,216,0.8269,0.0105,0.0,0.0,0.8498,0.0108,0.8272,0.0105,0.00533,0.00534,0,0,1000.0,982.4,200
georgia,LBBB,sph,away,0.2,lac,weighted,8000,7671,0.00287,23,0.9616,0.0155,0.135,0.3426,0.9639,0.0146,1.0966,0.3578,0.00458,0.00457,27,27,1000.0,980.1,200
georgia,LBBB,chapman_ningbo,away,0.2,lac,weighted,7983,7983,0.01015,81,0.8587,0.0079,0.0,0.0,0.8675,0.0079,0.8597,0.0079,0.00466,0.00465,0,0,1000.0,988.8,200
georgia,LBBB,georgia,home,0.2,lac,weighted,4115,4115,0.02187,90,0.7988,0.0076,0.0,0.0,0.8166,0.0077,0.8,0.0076,0.00488,0.00488,0,0,1000.0,998.6,200
georgia,LBBB,cpsc,away,0.2,lac,weighted,4124,4124,0.0274,113,0.8661,0.0089,0.0,0.0,0.8905,0.0092,0.8683,0.0089,0.005,0.005,0,0,1000.0,997.7,200
georgia,LBBB,georgia-calibration-holdout,calibration holdout,0.2,aps,none,2000,2000,0.025,50,0.8002,0.0161,0.5984,0.0815,0.8053,0.0162,0.8168,0.0165,0.80369,0.80369,0,0,1000.0,1000.0,200
georgia,LBBB,ptbxl,away,0.2,aps,none,8000,6937,0.027,216,0.8064,0.0129,0.7958,0.0193,0.8067,0.0129,0.8224,0.0136,0.80369,0.80369,0,0,1000.0,1000.0,200
georgia,LBBB,sph,away,0.2,aps,none,8000,7671,0.00287,23,0.8049,0.0129,0.8876,0.0443,0.8046,0.0129,0.8058,0.013,0.80369,0.80369,0,0,1000.0,1000.0,200
georgia,LBBB,chapman_ningbo,away,0.2,aps,none,7983,7983,0.01015,81,0.802,0.0129,0.4183,0.0313,0.806,0.0129,0.8119,0.0131,0.80369,0.80369,0,0,1000.0,1000.0,200
georgia,LBBB,georgia,home,0.2,aps,none,4115,4115,0.02187,90,0.8017,0.0123,0.5899,0.026,0.8064,0.0125,0.8185,0.0129,0.80369,0.80369,0,0,1000.0,1000.0,200
georgia,LBBB,cpsc,away,0.2,aps,none,4124,4124,0.0274,113,0.7982,0.0136,0.5871,0.023,0.8042,0.0138,0.8146,0.0141,0.80369,0.80369,0,0,1000.0,1000.0,200
georgia,LBBB,georgia-calibration-holdout,calibration holdout,0.2,aps,mondrian,2000,2000,0.025,50,0.8015,0.0163,0.8178,0.1072,0.801,0.0166,0.8348,0.0423,0.79914,0.96121,0,0,1000.0,1000.0,200
georgia,LBBB,ptbxl,away,0.2,aps,mondrian,8000,6937,0.027,216,0.8056,0.0129,0.93,0.0364,0.8021,0.0133,0.8422,0.0373,0.79914,0.96121,0,0,1000.0,1000.0,200
georgia,LBBB,sph,away,0.2,aps,mondrian,8000,7671,0.00287,23,0.8006,0.0132,0.9826,0.0276,0.8001,0.0132,0.8046,0.0199,0.79914,0.96121,0,0,1000.0,1000.0,200
georgia,LBBB,chapman_ningbo,away,0.2,aps,mondrian,7983,7983,0.01015,81,0.7998,0.0131,0.6354,0.0915,0.8014,0.0132,0.8239,0.0341,0.79914,0.96121,0,0,1000.0,1000.0,200
georgia,LBBB,georgia,home,0.2,aps,mondrian,4115,4115,0.02187,90,0.8017,0.0125,0.7971,0.0761,0.8019,0.0128,0.8377,0.0391,0.79914,0.96121,0,0,1000.0,1000.0,200
georgia,LBBB,cpsc,away,0.2,aps,mondrian,4124,4124,0.0274,113,0.7983,0.0138,0.7538,0.0688,0.7995,0.0141,0.8234,0.0348,0.79914,0.96121,0,0,1000.0,1000.0,200
georgia,LBBB,georgia-calibration-holdout,calibration holdout,0.2,aps,weighted,2000,2000,0.025,50,0.8013,0.0166,0.5986,0.0832,0.8065,0.0166,0.8179,0.0171,0.80458,0.80463,0,0,1000.0,994.7,200
georgia,LBBB,ptbxl,away,0.2,aps,weighted,8000,6937,0.027,216,0.811,0.0128,0.7996,0.0197,0.8113,0.0129,0.8273,0.0135,0.80822,0.80884,0,0,1000.0,982.4,200
georgia,LBBB,sph,away,0.2,aps,weighted,8000,7671,0.00287,23,0.8276,0.0695,0.898,0.0583,0.8274,0.0695,0.9633,0.4108,0.79964,0.7989,27,27,1000.0,980.1,200
georgia,LBBB,chapman_ningbo,away,0.2,aps,weighted,7983,7983,0.01015,81,0.7993,0.013,0.4147,0.0306,0.8032,0.0131,0.8091,0.0133,0.80097,0.80051,0,0,1000.0,988.8,200
georgia,LBBB,georgia,home,0.2,aps,weighted,4115,4115,0.02187,90,0.8016,0.0122,0.5899,0.0259,0.8063,0.0124,0.8184,0.0128,0.8036,0.80354,0,0,1000.0,998.6,200
georgia,LBBB,cpsc,away,0.2,aps,weighted,4124,4124,0.0274,113,0.7994,0.0134,0.5882,0.0229,0.8054,0.0136,0.8159,0.014,0.80493,0.80505,0,0,1000.0,997.7,200
georgia,LBBB,georgia-calibration-holdout,calibration holdout,0.1,lac,none,2000,2000,0.025,50,0.9005,0.0132,0.0,0.0,0.9234,0.0125,0.9023,0.0135,0.00886,0.00886,0,0,1000.0,1000.0,200
georgia,LBBB,ptbxl,away,0.1,lac,none,8000,6937,0.027,216,0.8988,0.0042,0.0,0.0,0.9237,0.0043,0.8993,0.0042,0.00886,0.00886,0,0,1000.0,1000.0,200
georgia,LBBB,sph,away,0.1,lac,none,8000,7671,0.00287,23,0.9894,0.0009,0.0,0.0,0.9923,0.0009,0.9894,0.0009,0.00886,0.00886,0,0,1000.0,1000.0,200
georgia,LBBB,chapman_ningbo,away,0.1,lac,none,7983,7983,0.01015,81,0.9498,0.003,0.0,0.0,0.9596,0.003,0.9516,0.003,0.00886,0.00886,0,0,1000.0,1000.0,200
georgia,LBBB,georgia,home,0.1,lac,none,4115,4115,0.02187,90,0.9014,0.0046,0.0,0.0,0.9216,0.0048,0.9029,0.0046,0.00886,0.00886,0,0,1000.0,1000.0,200
georgia,LBBB,cpsc,away,0.1,lac,none,4124,4124,0.0274,113,0.9421,0.0033,0.0,0.0,0.9686,0.0034,0.9452,0.0035,0.00886,0.00886,0,0,1000.0,1000.0,200
georgia,LBBB,georgia-calibration-holdout,calibration holdout,0.1,lac,mondrian,2000,2000,0.025,50,0.9016,0.0141,0.9181,0.0753,0.9011,0.0144,0.9712,0.0315,0.00754,0.98266,0,0,1000.0,1000.0,200
georgia,LBBB,ptbxl,away,0.1,lac,mondrian,8000,6937,0.027,216,0.9095,0.0055,0.9776,0.011,0.9076,0.0056,0.9791,0.0242,0.00754,0.98266,0,0,1000.0,1000.0,200
georgia,LBBB,sph,away,0.1,lac,mondrian,8000,7671,0.00287,23,0.9885,0.0016,1.0,0.0,0.9885,0.0016,0.9962,0.004,0.00754,0.98266,0,0,1000.0,1000.0,200
georgia,LBBB,chapman_ningbo,away,0.1,lac,mondrian,7983,7983,0.01015,81,0.9432,0.0055,0.807,0.0636,0.9446,0.0056,0.9837,0.0153,0.00754,0.98266,0,0,1000.0,1000.0,200
georgia,LBBB,georgia,home,0.1,lac,mondrian,4115,4115,0.02187,90,0.9011,0.008,0.9196,0.0378,0.9006,0.0082,0.9739,0.0288,0.00754,0.98266,0,0,1000.0,1000.0,200
georgia,LBBB,cpsc,away,0.1,lac,mondrian,4124,4124,0.0274,113,0.9521,0.005,0.8712,0.0467,0.9543,0.0051,0.9841,0.0153,0.00754,0.98266,0,0,1000.0,1000.0,200
georgia,LBBB,georgia-calibration-holdout,calibration holdout,0.1,lac,weighted,2000,2000,0.025,50,0.9019,0.0137,0.0,0.0,0.9249,0.0146,0.9037,0.0141,0.009,0.009,0,0,1000.0,994.7,200
georgia,LBBB,ptbxl,away,0.1,lac,weighted,8000,6937,0.027,216,0.9101,0.0062,0.0,0.0,0.9354,0.0064,0.9106,0.0062,0.01039,0.01049,0,0,1000.0,982.4,200
georgia,LBBB,sph,away,0.1,lac,weighted,8000,7671,0.00287,23,0.9881,0.0049,0.135,0.3426,0.9906,0.004,1.1231,0.3473,0.00768,0.00763,27,27,1000.0,980.1,200
georgia,LBBB,chapman_ningbo,away,0.1,lac,weighted,7983,7983,0.01015,81,0.9411,0.0057,0.0,0.0,0.9508,0.0058,0.9428,0.0059,0.00797,0.00793,0,0,1000.0,988.8,200
georgia,LBBB,georgia,home,0.1,lac,weighted,4115,4115,0.02187,90,0.9,0.0051,0.0,0.0,0.9201,0.0052,0.9015,0.0051,0.00874,0.00873,0,0,1000.0,998.6,200
georgia,LBBB,cpsc,away,0.1,lac,weighted,4124,4124,0.0274,113,0.9441,0.0037,0.0,0.0,0.9707,0.0038,0.9473,0.0039,0.0091,0.00912,0,0,1000.0,997.7,200
georgia,LBBB,georgia-calibration-holdout,calibration holdout,0.1,aps,none,2000,2000,0.025,50,0.9023,0.0127,0.7228,0.0755,0.9069,0.0126,0.9233,0.0132,0.90359,0.90359,0,0,1000.0,1000.0,200
georgia,LBBB,ptbxl,away,0.1,aps,none,8000,6937,0.027,216,0.9056,0.0098,0.8741,0.0148,0.9065,0.0099,0.93,0.011,0.90359,0.90359,0,0,1000.0,1000.0,200
georgia,LBBB,sph,away,0.1,aps,none,8000,7671,0.00287,23,0.9049,0.01,0.9554,0.0336,0.9047,0.01,0.9066,0.0102,0.90359,0.90359,0,0,1000.0,1000.0,200
georgia,LBBB,chapman_ningbo,away,0.1,aps,none,7983,7983,0.01015,81,0.9016,0.0099,0.5173,0.0314,0.9055,0.0099,0.9153,0.0105,0.90359,0.90359,0,0,1000.0,1000.0,200
georgia,LBBB,georgia,home,0.1,aps,none,4115,4115,0.02187,90,0.9013,0.0102,0.6792,0.0255,0.9063,0.0102,0.9233,0.011,0.90359,0.90359,0,0,1000.0,1000.0,200
georgia,LBBB,cpsc,away,0.1,aps,none,4124,4124,0.0274,113,0.8982,0.0108,0.657,0.0185,0.905,0.0109,0.9202,0.0114,0.90359,0.90359,0,0,1000.0,1000.0,200
georgia,LBBB,georgia-calibration-holdout,calibration holdout,0.1,aps,mondrian,2000,2000,0.025,50,0.9033,0.0127,0.9181,0.0756,0.9029,0.0128,1.0341,0.1085,0.89941,0.9933,0,0,1000.0,1000.0,200
georgia,LBBB,ptbxl,away,0.1,aps,mondrian,8000,6937,0.027,216,0.9043,0.0099,0.9754,0.0166,0.9023,0.0102,1.0356,0.1063,0.89941,0.9933,0,0,1000.0,1000.0,200
georgia,LBBB,sph,away,0.1,aps,mondrian,8000,7671,0.00287,23,0.9008,0.0101,0.9974,0.0104,0.9005,0.0102,0.9376,0.0726,0.89941,0.9933,0,0,1000.0,1000.0,200
georgia,LBBB,chapman_ningbo,away,0.1,aps,mondrian,7983,7983,0.01015,81,0.9004,0.0101,0.7978,0.0806,0.9014,0.0102,1.0004,0.1089,0.89941,0.9933,0,0,1000.0,1000.0,200
georgia,LBBB,georgia,home,0.1,aps,mondrian,4115,4115,0.02187,90,0.9022,0.0102,0.9053,0.0436,0.9021,0.0105,1.0356,0.1059,0.89941,0.9933,0,0,1000.0,1000.0,200
georgia,LBBB,cpsc,away,0.1,aps,mondrian,4124,4124,0.0274,113,0.9,0.0109,0.8692,0.0524,0.9009,0.0111,1.0055,0.1137,0.89941,0.9933,0,0,1000.0,1000.0,200
georgia,LBBB,georgia-calibration-holdout,calibration holdout,0.1,aps,weighted,2000,2000,0.025,50,0.9031,0.0126,0.7234,0.0772,0.9077,0.0124,0.9242,0.0132,0.90448,0.90451,0,0,1000.0,994.7,200
georgia,LBBB,ptbxl,away,0.1,aps,weighted,8000,6937,0.027,216,0.9096,0.0094,0.8778,0.0145,0.9105,0.0095,0.9346,0.0106,0.90761,0.90824,0,0,1000.0,982.4,200
georgia,LBBB,sph,away,0.1,aps,weighted,8000,7671,0.00287,23,0.9145,0.0352,0.9593,0.0349,0.9143,0.0353,1.051,0.376,0.89986,0.89895,27,27,1000.0,980.1,200
georgia,LBBB,chapman_ningbo,away,0.1,aps,weighted,7983,7983,0.01015,81,0.8991,0.0101,0.5131,0.0304,0.903,0.0101,0.9126,0.0107,0.90103,0.90047,0,0,1000.0,988.8,200
georgia,LBBB,georgia,home,0.1,aps,weighted,4115,4115,0.02187,90,0.9014,0.0102,0.6794,0.0253,0.9064,0.0102,0.9234,0.0109,0.90368,0.90358,0,0,1000.0,998.6,200
georgia,LBBB,cpsc,away,0.1,aps,weighted,4124,4124,0.0274,113,0.8994,0.0106,0.6576,0.0185,0.9062,0.0107,0.9215,0.0113,0.90486,0.90498,0,0,1000.0,997.7,200
georgia,LBBB,georgia-calibration-holdout,calibration holdout,0.05,lac,none,2000,2000,0.025,50,0.9507,0.01,0.0005,0.0054,0.9749,0.0084,0.9532,0.0099,0.01804,0.01804,0,0,1000.0,1000.0,200
georgia,LBBB,ptbxl,away,0.05,lac,none,8000,6937,0.027,216,0.9338,0.0049,0.0,0.0007,0.9597,0.005,0.9343,0.0049,0.01804,0.01804,0,0,1000.0,1000.0,200
georgia,LBBB,sph,away,0.05,lac,none,8000,7671,0.00287,23,0.9949,0.0005,0.0,0.0,0.9977,0.0005,0.9949,0.0005,0.01804,0.01804,0,0,1000.0,1000.0,200
georgia,LBBB,chapman_ningbo,away,0.05,lac,none,7983,7983,0.01015,81,0.9698,0.0023,0.0001,0.0009,0.9798,0.0023,0.9725,0.0024,0.01804,0.01804,0,0,1000.0,1000.0,200
georgia,LBBB,georgia,home,0.05,lac,none,4115,4115,0.02187,90,0.9475,0.0052,0.0,0.0,0.9687,0.0053,0.9497,0.0052,0.01804,0.01804,0,0,1000.0,1000.0,200
georgia,LBBB,cpsc,away,0.05,lac,none,4124,4124,0.0274,113,0.9637,0.0019,0.0,0.0006,0.9909,0.0019,0.9677,0.002,0.01804,0.01804,0,0,1000.0,1000.0,200
georgia,LBBB,georgia-calibration-holdout,calibration holdout,0.05,lac,mondrian,2000,2000,0.025,50,0.9511,0.0097,0.9619,0.0552,0.9509,0.0099,1.09,0.1607,0.01151,0.99114,7,0,1000.0,1000.0,200
georgia,LBBB,ptbxl,away,0.05,lac,mondrian,8000,6937,0.027,216,0.9436,0.0041,0.9838,0.0067,0.9425,0.0042,1.0719,0.1625,0.01151,0.99114,7,0,1000.0,1000.0,200
georgia,LBBB,sph,away,0.05,lac,mondrian,8000,7671,0.00287,23,0.9949,0.0005,1.0,0.0,0.9949,0.0005,1.0441,0.181,0.01151,0.99114,7,0,1000.0,1000.0,200
georgia,LBBB,chapman_ningbo,away,0.05,lac,mondrian,7983,7983,0.01015,81,0.9699,0.0023,0.8653,0.0489,0.9709,0.0023,1.0668,0.1719,0.01151,0.99114,7,0,1000.0,1000.0,200
georgia,LBBB,georgia,home,0.05,lac,mondrian,4115,4115,0.02187,90,0.9465,0.0053,0.9388,0.0222,0.9467,0.0054,1.0844,0.1626,0.01151,0.99114,7,0,1000.0,1000.0,200
georgia,LBBB,cpsc,away,0.05,lac,mondrian,4124,4124,0.0274,113,0.981,0.0021,0.9083,0.0323,0.9831,0.002,1.0689,0.1708,0.01151,0.99114,7,0,1000.0,1000.0,200
georgia,LBBB,georgia-calibration-holdout,calibration holdout,0.05,lac,weighted,2000,2000,0.025,50,0.9524,0.0105,0.0179,0.0748,0.9761,0.0102,0.9551,0.0109,0.02817,0.02986,0,0,1000.0,994.7,200
georgia,LBBB,ptbxl,away,0.05,lac,weighted,8000,6937,0.027,216,0.9592,0.0095,0.1087,0.1469,0.9827,0.0063,0.9609,0.0107,0.08405,0.09157,0,0,1000.0,982.4,200
georgia,LBBB,sph,away,0.05,lac,weighted,8000,7671,0.00287,23,0.9934,0.0027,0.135,0.3426,0.9959,0.0017,1.1284,0.3452,0.01193,0.0118,27,27,1000.0,980.1,200
georgia,LBBB,chapman_ningbo,away,0.05,lac,weighted,7983,7983,0.01015,81,0.964,0.0016,0.0,0.0,0.9739,0.0017,0.9663,0.0018,0.01291,0.01278,0,0,1000.0,988.8,200
georgia,LBBB,georgia,home,0.05,lac,weighted,4115,4115,0.02187,90,0.9453,0.0049,0.0,0.0,0.9664,0.005,0.9475,0.0049,0.01679,0.01679,0,0,1000.0,998.6,200
georgia,LBBB,cpsc,away,0.05,lac,weighted,4124,4124,0.0274,113,0.9653,0.0021,0.0031,0.0201,0.9924,0.0019,0.9695,0.0027,0.02362,0.024,0,0,1000.0,997.7,200
georgia,LBBB,georgia-calibration-holdout,calibration holdout,0.05,aps,none,2000,2000,0.025,50,0.9504,0.0085,0.7928,0.0684,0.9545,0.0082,0.9762,0.0094,0.95159,0.95159,0,0,1000.0,1000.0,200
georgia,LBBB,ptbxl,away,0.05,aps,none,8000,6937,0.027,216,0.9534,0.0066,0.9153,0.012,0.9545,0.0066,0.986,0.0081,0.95159,0.95159,0,0,1000.0,1000.0,200
georgia,LBBB,sph,away,0.05,aps,none,8000,7671,0.00287,23,0.9529,0.0068,0.9787,0.0272,0.9528,0.0068,0.9554,0.0069,0.95159,0.95159,0,0,1000.0,1000.0,200
georgia,LBBB,chapman_ningbo,away,0.05,aps,none,7983,7983,0.01015,81,0.9497,0.0069,0.5871,0.0299,0.9535,0.0068,0.9673,0.0077,0.95159,0.95159,0,0,1000.0,1000.0,200
georgia,LBBB,georgia,home,0.05,aps,none,4115,4115,0.02187,90,0.9499,0.0072,0.756,0.028,0.9542,0.007,0.9773,0.0082,0.95159,0.95159,0,0,1000.0,1000.0,200
georgia,LBBB,cpsc,away,0.05,aps,none,4124,4124,0.0274,113,0.9466,0.007,0.7087,0.0192,0.9533,0.0071,0.9731,0.0077,0.95159,0.95159,0,0,1000.0,1000.0,200
georgia,LBBB,georgia-calibration-holdout,calibration holdout,0.05,aps,mondrian,2000,2000,0.025,50,0.9516,0.0086,0.9624,0.0517,0.9513,0.0086,1.2705,0.2393,0.94817,0.99748,7,0,1000.0,1000.0,200
georgia,LBBB,ptbxl,away,0.05,aps,mondrian,8000,6937,0.027,216,0.9521,0.007,0.9887,0.0108,0.951,0.0072,1.2764,0.2461,0.94817,0.99748,7,0,1000.0,1000.0,200
georgia,LBBB,sph,away,0.05,aps,mondrian,8000,7671,0.00287,23,0.9495,0.0072,0.9993,0.0053,0.9494,0.0072,1.131,0.2457,0.94817,0.99748,7,0,1000.0,1000.0,200
georgia,LBBB,chapman_ningbo,away,0.05,aps,mondrian,7983,7983,0.01015,81,0.9493,0.0072,0.884,0.0814,0.95,0.0073,1.2456,0.261,0.94817,0.99748,7,0,1000.0,1000.0,200
georgia,LBBB,georgia,home,0.05,aps,mondrian,4115,4115,0.02187,90,0.9507,0.0074,0.9457,0.0338,0.9508,0.0076,1.269,0.2351,0.94817,0.99748,7,0,1000.0,1000.0,200
georgia,LBBB,cpsc,away,0.05,aps,mondrian,4124,4124,0.0274,113,0.9491,0.0075,0.9233,0.0485,0.9499,0.0076,1.2568,0.2601,0.94817,0.99748,7,0,1000.0,1000.0,200
georgia,LBBB,georgia-calibration-holdout,calibration holdout,0.05,aps,weighted,2000,2000,0.025,50,0.9515,0.0089,0.7956,0.0701,0.9555,0.0085,0.9775,0.0103,0.95253,0.95263,0,0,1000.0,994.7,200
georgia,LBBB,ptbxl,away,0.05,aps,weighted,8000,6937,0.027,216,0.957,0.0067,0.9195,0.0115,0.9581,0.0067,0.9908,0.0084,0.95531,0.95608,0,0,1000.0,982.4,200
georgia,LBBB,sph,away,0.05,aps,weighted,8000,7671,0.00287,23,0.9563,0.0186,0.9791,0.0282,0.9562,0.0186,1.0934,0.3591,0.94829,0.94747,27,27,1000.0,980.1,200
georgia,LBBB,chapman_ningbo,away,0.05,aps,weighted,7983,7983,0.01015,81,0.9475,0.0071,0.5826,0.0304,0.9513,0.007,0.9648,0.0079,0.94943,0.94885,0,0,1000.0,988.8,200
georgia,LBBB,georgia,home,0.05,aps,weighted,4115,4115,0.02187,90,0.9499,0.0073,0.7559,0.0281,0.9543,0.0071,0.9774,0.0083,0.95165,0.95159,0,0,1000.0,998.6,200
georgia,LBBB,cpsc,away,0.05,aps,weighted,4124,4124,0.0274,113,0.9479,0.0069,0.7108,0.0196,0.9546,0.007,0.9745,0.0076,0.95283,0.95308,0,0,1000.0,997.7,200
georgia,RBBB,georgia-calibration-holdout,calibration holdout,0.2,lac,none,2000,2000,0.053,106,0.7981,0.0191,0.3582,0.0662,0.8228,0.0175,0.8036,0.0193,0.09326,0.09326,0,0,1000.0,1000.0,200
georgia,RBBB,ptbxl,away,0.2,lac,none,8000,6937,0.026,208,0.8153,0.01,0.3759,0.0482,0.827,0.009,0.8165,0.0102,0.09326,0.09326,0,0,1000.0,1000.0,200
georgia,RBBB,sph,away,0.2,lac,none,8000,7671,0.02738,219,0.9211,0.0062,0.4027,0.059,0.9357,0.0047,0.9219,0.0062,0.09326,0.09326,0,0,1000.0,1000.0,200
georgia,RBBB,chapman_ningbo,away,0.2,lac,none,7983,7983,0.04121,329,0.7866,0.0126,0.4193,0.0468,0.8024,0.0112,0.7898,0.0128,0.09326,0.09326,0,0,1000.0,1000.0,200
georgia,RBBB,georgia,home,0.2,lac,none,4115,4115,0.052,214,0.7974,0.0105,0.3097,0.0289,0.8241,0.0095,0.804,0.0108,0.09326,0.09326,0,0,1000.0,1000.0,200
georgia,RBBB,cpsc,away,0.2,lac,none,4124,4124,0.18768,774,0.7589,0.0145,0.334,0.04,0.8571,0.0087,0.7892,0.0159,0.09326,0.09326,0,0,1000.0,1000.0,200
georgia,RBBB,georgia-calibration-holdout,calibration holdout,0.2,lac,mondrian,2000,2000,0.053,106,0.7979,0.0189,0.8042,0.07,0.7976,0.0195,0.8169,0.0186,0.08213,0.24999,0,0,1000.0,1000.0,200
georgia,RBBB,ptbxl,away,0.2,lac,mondrian,8000,6937,0.026,208,0.8018,0.0116,0.8971,0.0117,0.7993,0.0119,0.8105,0.0116,0.08213,0.24999,0,0,1000.0,1000.0,200
georgia,RBBB,sph,away,0.2,lac,mondrian,8000,7671,0.02738,219,0.9191,0.0063,0.8682,0.0038,0.9205,0.0065,0.9209,0.0063,0.08213,0.24999,0,0,1000.0,1000.0,200
georgia,RBBB,chapman_ningbo,away,0.2,lac,mondrian,7983,7983,0.04121,329,0.7736,0.0129,0.8625,0.0138,0.7698,0.0134,0.7808,0.0129,0.08213,0.24999,0,0,1000.0,1000.0,200
georgia,RBBB,georgia,home,0.2,lac,mondrian,4115,4115,0.052,214,0.7972,0.0105,0.8035,0.0229,0.7969,0.011,0.8162,0.0106,0.08213,0.24999,0,0,1000.0,1000.0,200
georgia,RBBB,cpsc,away,0.2,lac,mondrian,4124,4124,0.18768,774,0.8034,0.0087,0.6814,0.008,0.8315,0.0107,0.838,0.0094,0.08213,0.24999,0,0,1000.0,1000.0,200
georgia,RBBB,georgia-calibration-holdout,calibration holdout,0.2,lac,weighted,2000,2000,0.053,106,0.7988,0.0181,0.359,0.0641,0.8235,0.0171,0.8044,0.0183,0.09349,0.09351,0,0,1000.0,996.8,200
georgia,RBBB,ptbxl,away,0.2,lac,weighted,8000,6937,0.026,208,0.7969,0.0106,0.2866,0.0444,0.8105,0.0098,0.7978,0.0107,0.08631,0.08612,0,0,1000.0,976.4,200
georgia,RBBB,sph,away,0.2,lac,weighted,8000,7671,0.02738,219,0.9394,0.0479,0.5316,0.3698,0.9509,0.0388,1.3199,0.5338,0.08233,0.08205,76,76,1000.0,952.9,200
georgia,RBBB,chapman_ningbo,away,0.2,lac,weighted,7983,7983,0.04121,329,0.7717,0.0126,0.362,0.0485,0.7893,0.0111,0.7746,0.0127,0.08869,0.08853,0,0,1000.0,989.1,200
georgia,RBBB,georgia,home,0.2,lac,weighted,4115,4115,0.052,214,0.7949,0.0102,0.3024,0.0279,0.8219,0.0092,0.8015,0.0104,0.0923,0.09228,0,0,1000.0,998.7,200
georgia,RBBB,cpsc,away,0.2,lac,weighted,4124,4124,0.18768,774,0.8088,0.0115,0.4745,0.0287,0.886,0.0078,0.8443,0.0128,0.10939,0.10994,0,0,1000.0,876.2,200
georgia,RBBB,georgia-calibration-holdout,calibration holdout,0.2,aps,none,2000,2000,0.053,106,0.8003,0.0162,0.8278,0.0499,0.7988,0.0168,0.8383,0.0168,0.77689,0.77689,0,0,1000.0,1000.0,200
georgia,RBBB,ptbxl,away,0.2,aps,none,8000,6937,0.026,208,0.8116,0.0126,0.8746,0.0237,0.8099,0.0127,0.8371,0.014,0.77689,0.77689,0,0,1000.0,1000.0,200
georgia,RBBB,sph,away,0.2,aps,none,8000,7671,0.02738,219,0.8007,0.0125,0.8112,0.0238,0.8004,0.0126,0.8071,0.0129,0.77689,0.77689,0,0,1000.0,1000.0,200
georgia,RBBB,chapman_ningbo,away,0.2,aps,none,7983,7983,0.04121,329,0.8162,0.0126,0.8387,0.0207,0.8152,0.0126,0.8415,0.0141,0.77689,0.77689,0,0,1000.0,1000.0,200
georgia,RBBB,georgia,home,0.2,aps,none,4115,4115,0.052,214,0.7991,0.0126,0.7735,0.0234,0.8005,0.0128,0.8379,0.014,0.77689,0.77689,0,0,1000.0,1000.0,200
georgia,RBBB,cpsc,away,0.2,aps,none,4124,4124,0.18768,774,0.7719,0.0132,0.6407,0.016,0.8022,0.0138,0.8394,0.0149,0.77689,0.77689,0,0,1000.0,1000.0,200
georgia,RBBB,georgia-calibration-holdout,calibration holdout,0.2,aps,mondrian,2000,2000,0.053,106,0.8008,0.0158,0.8034,0.0742,0.8007,0.0168,0.8373,0.017,0.77884,0.75038,0,0,1000.0,1000.0,200
georgia,RBBB,ptbxl,away,0.2,aps,mondrian,8000,6937,0.026,208,0.8128,0.0127,0.8476,0.0564,0.8119,0.0132,0.8369,0.0139,0.77884,0.75038,0,0,1000.0,1000.0,200
georgia,RBBB,sph,away,0.2,aps,mondrian,8000,7671,0.02738,219,0.8019,0.0124,0.7812,0.0594,0.8025,0.0128,0.808,0.0126,0.77884,0.75038,0,0,1000.0,1000.0,200
georgia,RBBB,chapman_ningbo,away,0.2,aps,mondrian,7983,7983,0.04121,329,0.8169,0.0124,0.8117,0.0547,0.8172,0.0127,0.8408,0.0143,0.77884,0.75038,0,0,1000.0,1000.0,200
georgia,RBBB,georgia,home,0.2,aps,mondrian,4115,4115,0.052,214,0.7996,0.0125,0.748,0.0549,0.8024,0.0131,0.8367,0.0142,0.77884,0.75038,0,0,1000.0,1000.0,200
georgia,RBBB,cpsc,away,0.2,aps,mondrian,4124,4124,0.18768,774,0.7693,0.0142,0.6179,0.0473,0.8042,0.0143,0.8357,0.0168,0.77884,0.75038,0,0,1000.0,1000.0,200
georgia,RBBB,georgia-calibration-holdout,calibration holdout,0.2,aps,weighted,2000,2000,0.053,106,0.8005,0.0161,0.8277,0.05,0.799,0.0168,0.8385,0.0168,0.77714,0.77712,0,0,1000.0,996.8,200
georgia,RBBB,ptbxl,away,0.2,aps,weighted,8000,6937,0.026,208,0.8131,0.0128,0.8752,0.0236,0.8114,0.0129,0.8388,0.0143,0.77839,0.77784,0,0,1000.0,976.4,200
georgia,RBBB,sph,away,0.2,aps,weighted,8000,7671,0.02738,219,0.8774,0.0968,0.8822,0.0945,0.8772,0.0969,1.2613,0.5798,0.77788,0.77701,76,76,1000.0,952.9,200
georgia,RBBB,chapman_ningbo,away,0.2,aps,weighted,7983,7983,0.04121,329,0.8174,0.0125,0.8396,0.0207,0.8165,0.0126,0.8429,0.0141,0.7781,0.77771,0,0,1000.0,989.1,200
georgia,RBBB,georgia,home,0.2,aps,weighted,4115,4115,0.052,214,0.7994,0.0126,0.7738,0.0233,0.8009,0.0127,0.8383,0.014,0.77731,0.77722,0,0,1000.0,998.7,200
georgia,RBBB,cpsc,away,0.2,aps,weighted,4124,4124,0.18768,774,0.7697,0.0133,0.6398,0.0159,0.7997,0.014,0.8369,0.015,0.77445,0.77574,0,0,1000.0,876.2,200
georgia,RBBB,georgia-calibration-holdout,calibration holdout,0.1,lac,none,2000,2000,0.053,106,0.8992,0.0138,0.6543,0.0588,0.913,0.0125,0.9128,0.0142,0.16855,0.16855,0,0,1000.0,1000.0,200
georgia,RBBB,ptbxl,away,0.1,lac,none,8000,6937,0.026,208,0.9206,0.0056,0.8337,0.0147,0.9229,0.0054,0.9269,0.006,0.16855,0.16855,0,0,1000.0,1000.0,200
georgia,RBBB,sph,away,0.1,lac,none,8000,7671,0.02738,219,0.9753,0.0028,0.8507,0.0094,0.9788,0.0026,0.9771,0.0028,0.16855,0.16855,0,0,1000.0,1000.0,200
georgia,RBBB,chapman_ningbo,away,0.1,lac,none,7983,7983,0.04121,329,0.9133,0.0069,0.7934,0.0116,0.9185,0.0067,0.9189,0.0072,0.16855,0.16855,0,0,1000.0,1000.0,200
georgia,RBBB,georgia,home,0.1,lac,none,4115,4115,0.052,214,0.9011,0.0073,0.6827,0.0197,0.913,0.0066,0.9157,0.0087,0.16855,0.16855,0,0,1000.0,1000.0,200
georgia,RBBB,cpsc,away,0.1,lac,none,4124,4124,0.18768,774,0.8806,0.0048,0.6381,0.0092,0.9366,0.0039,0.9265,0.0058,0.16855,0.16855,0,0,1000.0,1000.0,200
georgia,RBBB,georgia-calibration-holdout,calibration holdout,0.1,lac,mondrian,2000,2000,0.053,106,0.8991,0.0142,0.9033,0.0553,0.8989,0.0145,0.9341,0.0261,0.15294,0.49707,0,0,1000.0,1000.0,200
georgia,RBBB,ptbxl,away,0.1,lac,mondrian,8000,6937,0.026,208,0.9125,0.0071,0.9608,0.0287,0.9113,0.0072,0.9366,0.0237,0.15294,0.49707,0,0,1000.0,1000.0,200
georgia,RBBB,sph,away,0.1,lac,mondrian,8000,7671,0.02738,219,0.9714,0.0033,0.9099,0.0259,0.9732,0.0033,0.9771,0.0079,0.15294,0.49707,0,0,1000.0,1000.0,200
georgia,RBBB,chapman_ningbo,away,0.1,lac,mondrian,7983,7983,0.04121,329,0.9055,0.0082,0.9292,0.0305,0.9045,0.0084,0.9292,0.027,0.15294,0.49707,0,0,1000.0,1000.0,200
georgia,RBBB,georgia,home,0.1,lac,mondrian,4115,4115,0.052,214,0.8985,0.006,0.8573,0.0281,0.9008,0.0061,0.9334,0.0233,0.15294,0.49707,0,0,1000.0,1000.0,200
georgia,RBBB,cpsc,away,0.1,lac,mondrian,4124,4124,0.18768,774,0.8896,0.0079,0.7236,0.033,0.9279,0.0057,0.9453,0.0201,0.15294,0.49707,0,0,1000.0,1000.0,200
georgia,RBBB,georgia-calibration-holdout,calibration holdout,0.1,lac,weighted,2000,2000,0.053,106,0.8999,0.0131,0.6575,0.0586,0.9135,0.0119,0.9136,0.0135,0.16926,0.16936,0,0,1000.0,996.8,200
georgia,RBBB,ptbxl,away,0.1,lac,weighted,8000,6937,0.026,208,0.9131,0.006,0.809,0.0226,0.9159,0.0056,0.9188,0.0064,0.15836,0.15771,0,0,1000.0,976.4,200
georgia,RBBB,sph,away,0.1,lac,weighted,8000,7671,0.02738,219,0.9807,0.0154,0.8874,0.0899,0.9833,0.0133,1.3617,0.501,0.15258,0.1518,76,76,1000.0,952.9,200
georgia,RBBB,chapman_ningbo,away,0.1,lac,weighted,7983,7983,0.04121,329,0.9074,0.0067,0.782,0.0137,0.9128,0.0064,0.9128,0.0069,0.16169,0.16125,0,0,1000.0,989.1,200
georgia,RBBB,georgia,home,0.1,lac,weighted,4115,4115,0.052,214,0.9,0.007,0.6798,0.0199,0.912,0.0064,0.9143,0.0084,0.16724,0.16715,0,0,1000.0,998.7,200
georgia,RBBB,cpsc,away,0.1,lac,weighted,4124,4124,0.18768,774,0.893,0.0057,0.6571,0.009,0.9475,0.005,0.942,0.0069,0.19379,0.19601,0,0,1000.0,876.2,200
georgia,RBBB,georgia-calibration-holdout,calibration holdout,0.1,aps,none,2000,2000,0.053,106,0.9011,0.0129,0.9145,0.0314,0.9004,0.0135,0.9725,0.0187,0.87742,0.87742,0,0,1000.0,1000.0,200
georgia,RBBB,ptbxl,away,0.1,aps,none,8000,6937,0.026,208,0.9115,0.0096,0.9638,0.0125,0.9101,0.0096,0.9665,0.0154,0.87742,0.87742,0,0,1000.0,1000.0,200
georgia,RBBB,sph,away,0.1,aps,none,8000,7671,0.02738,219,0.902,0.0099,0.914,0.0156,0.9017,0.01,0.919,0.0122,0.87742,0.87742,0,0,1000.0,1000.0,200
georgia,RBBB,chapman_ningbo,away,0.1,aps,none,7983,7983,0.04121,329,0.9151,0.0092,0.9338,0.0122,0.9143,0.0093,0.974,0.0161,0.87742,0.87742,0,0,1000.0,1000.0,200
georgia,RBBB,georgia,home,0.1,aps,none,4115,4115,0.052,214,0.899,0.0104,0.8696,0.0141,0.9007,0.0106,0.9694,0.0163,0.87742,0.87742,0,0,1000.0,1000.0,200
georgia,RBBB,cpsc,away,0.1,aps,none,4124,4124,0.18768,774,0.8729,0.0109,0.7411,0.0136,0.9033,0.011,0.9695,0.0164,0.87742,0.87742,0,0,1000.0,1000.0,200
georgia,RBBB,georgia-calibration-holdout,calibration holdout,0.1,aps,mondrian,2000,2000,0.053,106,0.9019,0.0128,0.9042,0.0588,0.9018,0.0138,0.9786,0.0346,0.87866,0.86884,0,0,1000.0,1000.0,200
georgia,RBBB,ptbxl,away,0.1,aps,mondrian,8000,6937,0.026,208,0.9123,0.0097,0.9522,0.0371,0.9112,0.0099,0.9735,0.0359,0.87866,0.86884,0,0,1000.0,1000.0,200
georgia,RBBB,sph,away,0.1,aps,mondrian,8000,7671,0.02738,219,0.9029,0.0099,0.9022,0.0451,0.9029,0.0102,0.9233,0.0192,0.87866,0.86884,0,0,1000.0,1000.0,200
georgia,RBBB,chapman_ningbo,away,0.1,aps,mondrian,7983,7983,0.04121,329,0.9158,0.0092,0.9226,0.0408,0.9155,0.0096,0.9818,0.0407,0.87866,0.86884,0,0,1000.0,1000.0,200
georgia,RBBB,georgia,home,0.1,aps,mondrian,4115,4115,0.052,214,0.8998,0.0102,0.8609,0.0426,0.9019,0.0107,0.9756,0.0339,0.87866,0.86884,0,0,1000.0,1000.0,200
georgia,RBBB,cpsc,away,0.1,aps,mondrian,4124,4124,0.18768,774,0.8725,0.013,0.7337,0.0498,0.9046,0.0111,0.9741,0.0342,0.87866,0.86884,0,0,1000.0,1000.0,200
georgia,RBBB,georgia-calibration-holdout,calibration holdout,0.1,aps,weighted,2000,2000,0.053,106,0.9014,0.0128,0.9146,0.0317,0.9006,0.0135,0.9729,0.0186,0.8777,0.87778,0,0,1000.0,996.8,200
georgia,RBBB,ptbxl,away,0.1,aps,weighted,8000,6937,0.026,208,0.9125,0.0097,0.9641,0.0123,0.9111,0.0098,0.9678,0.0157,0.87853,0.87785,0,0,1000.0,976.4,200
georgia,RBBB,sph,away,0.1,aps,weighted,8000,7671,0.02738,219,0.9394,0.0482,0.9458,0.0441,0.9392,0.0483,1.3298,0.5261,0.87749,0.8767,76,76,1000.0,952.9,200
georgia,RBBB,chapman_ningbo,away,0.1,aps,weighted,7983,7983,0.04121,329,0.9159,0.0093,0.9341,0.0123,0.9151,0.0094,0.9752,0.0164,0.87827,0.8779,0,0,1000.0,989.1,200
georgia,RBBB,georgia,home,0.1,aps,weighted,4115,4115,0.052,214,0.8994,0.0103,0.8698,0.014,0.9011,0.0105,0.97,0.0163,0.87785,0.87773,0,0,1000.0,998.7,200
georgia,RBBB,cpsc,away,0.1,aps,weighted,4124,4124,0.18768,774,0.872,0.0109,0.7415,0.0135,0.9021,0.0111,0.9684,0.0162,0.87609,0.8777,0,0,1000.0,876.2,200
georgia,RBBB,georgia-calibration-holdout,calibration holdout,0.05,lac,none,2000,2000,0.053,106,0.9486,0.0093,0.8675,0.0394,0.9532,0.0085,0.9711,0.0087,0.29821,0.29821,0,0,1000.0,1000.0,200
georgia,RBBB,ptbxl,away,0.05,lac,none,8000,6937,0.026,208,0.9654,0.0039,0.9195,0.0102,0.9666,0.0038,0.9754,0.0045,0.29821,0.29821,0,0,1000.0,1000.0,200
georgia,RBBB,sph,away,0.05,lac,none,8000,7671,0.02738,219,0.9914,0.0013,0.881,0.007,0.9945,0.0012,0.9943,0.0015,0.29821,0.29821,0,0,1000.0,1000.0,200
georgia,RBBB,chapman_ningbo,away,0.05,lac,none,7983,7983,0.04121,329,0.9645,0.0042,0.8866,0.0121,0.9679,0.0038,0.9742,0.005,0.29821,0.29821,0,0,1000.0,1000.0,200
georgia,RBBB,georgia,home,0.05,lac,none,4115,4115,0.052,214,0.9506,0.004,0.8302,0.0075,0.9572,0.0039,0.9734,0.0049,0.29821,0.29821,0,0,1000.0,1000.0,200
georgia,RBBB,cpsc,away,0.05,lac,none,4124,4124,0.18768,774,0.9187,0.0037,0.693,0.0046,0.9708,0.0035,0.9747,0.0054,0.29821,0.29821,0,0,1000.0,1000.0,200
georgia,RBBB,georgia-calibration-holdout,calibration holdout,0.05,lac,mondrian,2000,2000,0.053,106,0.9498,0.0086,0.9627,0.0343,0.9491,0.0091,1.1368,0.0901,0.27472,0.88181,0,0,1000.0,1000.0,200
georgia,RBBB,ptbxl,away,0.05,lac,mondrian,8000,6937,0.026,208,0.9632,0.0051,0.9928,0.0052,0.9624,0.0053,1.1533,0.099,0.27472,0.88181,0,0,1000.0,1000.0,200
georgia,RBBB,sph,away,0.05,lac,mondrian,8000,7671,0.02738,219,0.9926,0.0017,0.9699,0.0191,0.9932,0.0017,1.0722,0.0519,0.27472,0.88181,0,0,1000.0,1000.0,200
georgia,RBBB,chapman_ningbo,away,0.05,lac,mondrian,7983,7983,0.04121,329,0.964,0.0055,0.976,0.0096,0.9635,0.0058,1.1743,0.1101,0.27472,0.88181,0,0,1000.0,1000.0,200
georgia,RBBB,georgia,home,0.05,lac,mondrian,4115,4115,0.052,214,0.9517,0.0048,0.9282,0.022,0.953,0.0051,1.1383,0.0875,0.27472,0.88181,0,0,1000.0,1000.0,200
georgia,RBBB,cpsc,away,0.05,lac,mondrian,4124,4124,0.18768,774,0.9443,0.0093,0.8453,0.0482,0.9672,0.0044,1.1228,0.0814,0.27472,0.88181,0,0,1000.0,1000.0,200
georgia,RBBB,georgia-calibration-holdout,calibration holdout,0.05,lac,weighted,2000,2000,0.053,106,0.9493,0.0085,0.8707,0.037,0.9537,0.0079,0.9719,0.0081,0.30164,0.30178,0,0,1000.0,996.8,200
georgia,RBBB,ptbxl,away,0.05,lac,weighted,8000,6937,0.026,208,0.9631,0.0045,0.9126,0.01,0.9644,0.0043,0.9727,0.005,0.28461,0.28155,0,0,1000.0,976.4,200
georgia,RBBB,sph,away,0.05,lac,weighted,8000,7671,0.02738,219,0.9935,0.0053,0.9203,0.0627,0.9955,0.0037,1.3751,0.4904,0.26664,0.26174,76,76,1000.0,952.9,200
georgia,RBBB,chapman_ningbo,away,0.05,lac,weighted,7983,7983,0.04121,329,0.9631,0.0043,0.8815,0.0115,0.9666,0.004,0.9724,0.0051,0.29027,0.28763,0,0,1000.0,989.1,200
georgia,RBBB,georgia,home,0.05,lac,weighted,4115,4115,0.052,214,0.9507,0.0039,0.8303,0.0068,0.9573,0.0037,0.9734,0.0047,0.29824,0.2978,0,0,1000.0,998.7,200
georgia,RBBB,cpsc,away,0.05,lac,weighted,4124,4124,0.18768,774,0.9234,0.0031,0.7002,0.0046,0.975,0.0029,0.9824,0.0055,0.33517,0.34531,0,0,1000.0,876.2,200
georgia,RBBB,georgia-calibration-holdout,calibration holdout,0.05,aps,none,2000,2000,0.053,106,0.9506,0.0087,0.9502,0.0257,0.9506,0.0091,1.082,0.0241,0.92906,0.92906,0,0,1000.0,1000.0,200
georgia,RBBB,ptbxl,away,0.05,aps,none,8000,6937,0.026,208,0.9588,0.0067,0.9895,0.0042,0.958,0.0068,1.0729,0.0214,0.92906,0.92906,0,0,1000.0,1000.0,200
georgia,RBBB,sph,away,0.05,aps,none,8000,7671,0.02738,219,0.9518,0.0071,0.9517,0.0086,0.9518,0.0072,0.9976,0.0149,0.92906,0.92906,0,0,1000.0,1000.0,200
georgia,RBBB,chapman_ningbo,away,0.05,aps,none,7983,7983,0.04121,329,0.9601,0.0061,0.9664,0.0056,0.9598,0.0063,1.0886,0.0232,0.92906,0.92906,0,0,1000.0,1000.0,200
georgia,RBBB,georgia,home,0.05,aps,none,4115,4115,0.052,214,0.9479,0.0072,0.9055,0.0103,0.9502,0.0074,1.0782,0.0214,0.92906,0.92906,0,0,1000.0,1000.0,200
georgia,RBBB,cpsc,away,0.05,aps,none,4124,4124,0.18768,774,0.924,0.0078,0.7994,0.0115,0.9528,0.0074,1.0872,0.0247,0.92906,0.92906,0,0,1000.0,1000.0,200
georgia,RBBB,georgia-calibration-holdout,calibration holdout,0.05,aps,mondrian,2000,2000,0.053,106,0.9514,0.0086,0.9593,0.0413,0.951,0.0089,1.2268,0.1752,0.92948,0.95293,0,0,1000.0,1000.0,200
georgia,RBBB,ptbxl,away,0.05,aps,mondrian,8000,6937,0.026,208,0.9592,0.0067,0.9903,0.0139,0.9584,0.0068,1.2397,0.198,0.92948,0.95293,0,0,1000.0,1000.0,200
georgia,RBBB,sph,away,0.05,aps,mondrian,8000,7671,0.02738,219,0.9525,0.007,0.9634,0.0267,0.9522,0.0072,1.1229,0.1674,0.92948,0.95293,0,0,1000.0,1000.0,200
georgia,RBBB,chapman_ningbo,away,0.05,aps,mondrian,7983,7983,0.04121,329,0.9606,0.0061,0.9716,0.0191,0.9601,0.0063,1.2572,0.1963,0.92948,0.95293,0,0,1000.0,1000.0,200
georgia,RBBB,georgia,home,0.05,aps,mondrian,4115,4115,0.052,214,0.9494,0.0072,0.9283,0.0365,0.9505,0.0074,1.2201,0.1708,0.92948,0.95293,0,0,1000.0,1000.0,200
georgia,RBBB,cpsc,away,0.05,aps,mondrian,4124,4124,0.18768,774,0.9335,0.0135,0.8482,0.064,0.9532,0.0074,1.2292,0.1716,0.92948,0.95293,0,0,1000.0,1000.0,200
georgia,RBBB,georgia-calibration-holdout,calibration holdout,0.05,aps,weighted,2000,2000,0.053,106,0.9511,0.0084,0.9503,0.0257,0.9511,0.0087,1.0836,0.0237,0.92955,0.92964,0,0,1000.0,996.8,200
georgia,RBBB,ptbxl,away,0.05,aps,weighted,8000,6937,0.026,208,0.9593,0.0066,0.9895,0.0043,0.9585,0.0067,1.0733,0.0212,0.92959,0.92898,0,0,1000.0,976.4,200
georgia,RBBB,sph,away,0.05,aps,weighted,8000,7671,0.02738,219,0.9698,0.0243,0.9693,0.025,0.9699,0.0243,1.3773,0.4888,0.92857,0.92764,76,76,1000.0,952.9,200
georgia,RBBB,chapman_ningbo,away,0.05,aps,weighted,7983,7983,0.04121,329,0.9605,0.006,0.9665,0.0056,0.9602,0.0062,1.0893,0.023,0.92956,0.92917,0,0,1000.0,989.1,200
georgia,RBBB,georgia,home,0.05,aps,weighted,4115,4115,0.052,214,0.9483,0.0071,0.9056,0.0103,0.9506,0.0072,1.0793,0.021,0.92953,0.9294,0,0,1000.0,998.7,200
georgia,RBBB,cpsc,away,0.05,aps,weighted,4124,4124,0.18768,774,0.9249,0.0078,0.8022,0.0112,0.9533,0.0075,1.0919,0.0256,0.92963,0.93135,0,0,1000.0,876.2,200
georgia,IAVB,georgia-calibration-holdout,calibration holdout,0.2,lac,none,2000,2000,0.076,152,0.8008,0.018,0.22,0.0556,0.8486,0.0154,0.8135,0.0206,0.13864,0.13864,0,0,1000.0,1000.0,200
georgia,IAVB,ptbxl,away,0.2,lac,none,8000,6937,0.04813,385,0.7788,0.0122,0.2243,0.0389,0.8068,0.0109,0.79,0.0146,0.13864,0.13864,0,0,1000.0,1000.0,200
georgia,IAVB,sph,away,0.2,lac,none,8000,7671,0.00838,67,0.9312,0.005,0.1973,0.0496,0.9374,0.0047,0.9332,0.0057,0.13864,0.13864,0,0,1000.0,1000.0,200
georgia,IAVB,chapman_ningbo,away,0.2,lac,none,7983,7983,0.02869,229,0.8192,0.0143,0.0605,0.0224,0.8416,0.0141,0.823,0.0147,0.13864,0.13864,0,0,1000.0,1000.0,200
georgia,IAVB,georgia,home,0.2,lac,none,4115,4115,0.07631,314,0.7939,0.0119,0.2064,0.0409,0.8424,0.0095,0.8066,0.0141,0.13864,0.13864,0,0,1000.0,1000.0,200
georgia,IAVB,cpsc,away,0.2,lac,none,4124,4124,0.08099,334,0.8404,0.0127,0.2485,0.0612,0.8925,0.0085,0.8482,0.0133,0.13864,0.13864,0,0,1000.0,1000.0,200
georgia,IAVB,georgia-calibration-holdout,calibration holdout,0.2,lac,mondrian,2000,2000,0.076,152,0.8013,0.019,0.7993,0.0669,0.8014,0.0194,0.8946,0.0292,0.08014,0.69345,0,0,1000.0,1000.0,200
georgia,IAVB,ptbxl,away,0.2,lac,mondrian,8000,6937,0.04813,385,0.7531,0.0102,0.8242,0.0492,0.7495,0.0103,0.8684,0.0314,0.08014,0.69345,0,0,1000.0,1000.0,200
georgia,IAVB,sph,away,0.2,lac,mondrian,8000,7671,0.00838,67,0.9136,0.0053,0.8631,0.052,0.914,0.0053,0.9515,0.0111,0.08014,0.69345,0,0,1000.0,1000.0,200
georgia,IAVB,chapman_ningbo,away,0.2,lac,mondrian,7983,7983,0.02869,229,0.7669,0.0135,0.7988,0.0538,0.766,0.0137,0.8425,0.0313,0.08014,0.69345,0,0,1000.0,1000.0,200
georgia,IAVB,georgia,home,0.2,lac,mondrian,4115,4115,0.07631,314,0.7987,0.0082,0.832,0.0496,0.796,0.0077,0.8894,0.0274,0.08014,0.69345,0,0,1000.0,1000.0,200
georgia,IAVB,cpsc,away,0.2,lac,mondrian,4124,4124,0.08099,334,0.8444,0.0102,0.8855,0.0258,0.8408,0.0108,0.8966,0.0208,0.08014,0.69345,0,0,1000.0,1000.0,200
georgia,IAVB,georgia-calibration-holdout,calibration holdout,0.2,lac,weighted,2000,2000,0.076,152,0.8001,0.0156,0.2194,0.0613,0.8478,0.0141,0.8127,0.0185,0.1376,0.13762,0,0,1000.0,994.3,200
georgia,IAVB,ptbxl,away,0.2,lac,weighted,8000,6937,0.04813,385,0.7603,0.0109,0.1737,0.026,0.7899,0.0102,0.7684,0.0125,0.11808,0.11778,0,0,1000.0,992.4,200
georgia,IAVB,sph,away,0.2,lac,weighted,8000,7671,0.00838,67,1.0,0.0,1.0,0.0,1.0,0.0,2.0,0.0,inf,inf,200,200,1000.0,0.0,200
georgia,IAVB,chapman_ningbo,away,0.2,lac,weighted,7983,7983,0.02869,229,0.9986,0.0204,0.995,0.0701,0.9987,0.019,1.9936,0.091,0.06057,0.06057,199,199,1000.0,940.3,200
georgia,IAVB,georgia,home,0.2,lac,weighted,4115,4115,0.07631,314,0.7833,0.0106,0.1711,0.0336,0.8339,0.0087,0.7942,0.0121,0.12611,0.12593,0,0,1000.0,996.3,200
georgia,IAVB,cpsc,away,0.2,lac,weighted,4124,4124,0.08099,334,0.8065,0.0098,0.1015,0.0353,0.8686,0.0077,0.8128,0.0103,0.10494,0.10446,0,0,1000.0,980.0,200
georgia,IAVB,georgia-calibration-holdout,calibration holdout,0.2,aps,none,2000,2000,0.076,152,0.8007,0.0163,0.7579,0.0415,0.8042,0.0164,0.9081,0.0189,0.81053,0.81053,0,0,1000.0,1000.0,200
georgia,IAVB,ptbxl,away,0.2,aps,none,8000,6937,0.04813,385,0.8084,0.0121,0.7649,0.017,0.8106,0.0122,0.9228,0.0163,0.81053,0.81053,0,0,1000.0,1000.0,200
georgia,IAVB,sph,away,0.2,aps,none,8000,7671,0.00838,67,0.8139,0.0116,0.8182,0.0257,0.8139,0.0117,0.8486,0.0128,0.81053,0.81053,0,0,1000.0,1000.0,200
georgia,IAVB,chapman_ningbo,away,0.2,aps,none,7983,7983,0.02869,229,0.8331,0.0113,0.7574,0.0158,0.8353,0.0114,0.9047,0.0151,0.81053,0.81053,0,0,1000.0,1000.0,200
georgia,IAVB,georgia,home,0.2,aps,none,4115,4115,0.07631,314,0.8092,0.0118,0.7786,0.0168,0.8118,0.0119,0.9101,0.0158,0.81053,0.81053,0,0,1000.0,1000.0,200
georgia,IAVB,cpsc,away,0.2,aps,none,4124,4124,0.08099,334,0.8267,0.0124,0.8402,0.0143,0.8255,0.0128,0.8884,0.0157,0.81053,0.81053,0,0,1000.0,1000.0,200
georgia,IAVB,georgia-calibration-holdout,calibration holdout,0.2,aps,mondrian,2000,2000,0.076,152,0.8009,0.0166,0.7987,0.0659,0.8011,0.0173,0.9231,0.0236,0.80746,0.85776,0,0,1000.0,1000.0,200
georgia,IAVB,ptbxl,away,0.2,aps,mondrian,8000,6937,0.04813,385,0.8076,0.0123,0.8106,0.0381,0.8075,0.0126,0.9433,0.0246,0.80746,0.85776,0,0,1000.0,1000.0,200
georgia,IAVB,sph,away,0.2,aps,mondrian,8000,7671,0.00838,67,0.8111,0.012,0.8568,0.0422,0.8107,0.0121,0.8531,0.0142,0.80746,0.85776,0,0,1000.0,1000.0,200
georgia,IAVB,chapman_ningbo,away,0.2,aps,mondrian,7983,7983,0.02869,229,0.831,0.0116,0.7914,0.0317,0.8321,0.0119,0.9255,0.0246,0.80746,0.85776,0,0,1000.0,1000.0,200
georgia,IAVB,georgia,home,0.2,aps,mondrian,4115,4115,0.07631,314,0.8097,0.0117,0.8217,0.0379,0.8087,0.0121,0.9277,0.0227,0.80746,0.85776,0,0,1000.0,1000.0,200
georgia,IAVB,cpsc,away,0.2,aps,mondrian,4124,4124,0.08099,334,0.8264,0.0123,0.8726,0.0288,0.8224,0.0131,0.902,0.0202,0.80746,0.85776,0,0,1000.0,1000.0,200
georgia,IAVB,georgia-calibration-holdout,calibration holdout,0.2,aps,weighted,2000,2000,0.076,152,0.8012,0.0162,0.7582,0.042,0.8047,0.0164,0.9088,0.0192,0.81098,0.81099,0,0,1000.0,994.3,200
georgia,IAVB,ptbxl,away,0.2,aps,weighted,8000,6937,0.04813,385,0.8079,0.0122,0.7641,0.017,0.8101,0.0123,0.922,0.0163,0.80999,0.80973,0,0,1000.0,992.4,200
georgia,IAVB,sph,away,0.2,aps,weighted,8000,7671,0.00838,67,1.0,0.0,1.0,0.0,1.0,0.0,2.0,0.0,inf,inf,200,200,1000.0,0.0,200
georgia,IAVB,chapman_ningbo,away,0.2,aps,weighted,7983,7983,0.02869,229,0.9992,0.0118,0.9988,0.0176,0.9992,0.0116,1.9945,0.0773,0.8076,0.80586,199,199,1000.0,940.3,200
georgia,IAVB,georgia,home,0.2,aps,weighted,4115,4115,0.07631,314,0.809,0.0117,0.7784,0.0167,0.8116,0.0118,0.9098,0.0157,0.81034,0.81023,0,0,1000.0,996.3,200
georgia,IAVB,cpsc,away,0.2,aps,weighted,4124,4124,0.08099,334,0.8254,0.0123,0.8388,0.0142,0.8242,0.0128,0.8866,0.0157,0.80923,0.8088,0,0,1000.0,980.0,200
georgia,IAVB,georgia-calibration-holdout,calibration holdout,0.1,lac,none,2000,2000,0.076,152,0.8995,0.0137,0.6526,0.0661,0.9198,0.0106,0.9574,0.015,0.37749,0.37749,0,0,1000.0,1000.0,200
georgia,IAVB,ptbxl,away,0.1,lac,none,8000,6937,0.04813,385,0.8919,0.0082,0.6364,0.0253,0.9048,0.0074,0.9493,0.013,0.37749,0.37749,0,0,1000.0,1000.0,200
georgia,IAVB,sph,away,0.1,lac,none,8000,7671,0.00838,67,0.9673,0.002,0.7136,0.0189,0.9694,0.0019,0.9833,0.0036,0.37749,0.37749,0,0,1000.0,1000.0,200
georgia,IAVB,chapman_ningbo,away,0.1,lac,none,7983,7983,0.02869,229,0.9367,0.0061,0.5809,0.0279,0.9472,0.0055,0.9612,0.0094,0.37749,0.37749,0,0,1000.0,1000.0,200
georgia,IAVB,georgia,home,0.1,lac,none,4115,4115,0.07631,314,0.9059,0.0061,0.6684,0.0223,0.9255,0.0048,0.9564,0.0102,0.37749,0.37749,0,0,1000.0,1000.0,200
georgia,IAVB,cpsc,away,0.1,lac,none,4124,4124,0.08099,334,0.9468,0.0054,0.7774,0.0261,0.9618,0.0037,0.9727,0.0072,0.37749,0.37749,0,0,1000.0,1000.0,200
georgia,IAVB,georgia-calibration-holdout,calibration holdout,0.1,lac,mondrian,2000,2000,0.076,152,0.9014,0.0139,0.9033,0.0476,0.9013,0.0145,1.0499,0.0143,0.29297,0.84457,0,0,1000.0,1000.0,200
georgia,IAVB,ptbxl,away,0.1,lac,mondrian,8000,6937,0.04813,385,0.8824,0.0086,0.9134,0.0147,0.8809,0.009,1.0636,0.0178,0.29297,0.84457,0,0,1000.0,1000.0,200
georgia,IAVB,sph,away,0.1,lac,mondrian,8000,7671,0.00838,67,0.9626,0.0029,0.949,0.0152,0.9627,0.0029,1.0216,0.0066,0.29297,0.84457,0,0,1000.0,1000.0,200
georgia,IAVB,chapman_ningbo,away,0.1,lac,mondrian,7983,7983,0.02869,229,0.9258,0.0085,0.8742,0.014,0.9273,0.0088,1.071,0.0208,0.29297,0.84457,0,0,1000.0,1000.0,200
georgia,IAVB,georgia,home,0.1,lac,mondrian,4115,4115,0.07631,314,0.9074,0.0074,0.9187,0.0143,0.9065,0.0079,1.0566,0.0159,0.29297,0.84457,0,0,1000.0,1000.0,200
georgia,IAVB,cpsc,away,0.1,lac,mondrian,4124,4124,0.08099,334,0.9487,0.0048,0.9339,0.0077,0.9501,0.0052,1.0481,0.0128,0.29297,0.84457,0,0,1000.0,1000.0,200
georgia,IAVB,georgia-calibration-holdout,calibration holdout,0.1,lac,weighted,2000,2000,0.076,152,0.8999,0.0119,0.6555,0.0711,0.9199,0.0089,0.9581,0.0134,0.37781,0.3777,0,0,1000.0,994.3,200
georgia,IAVB,ptbxl,away,0.1,lac,weighted,8000,6937,0.04813,385,0.8854,0.0074,0.6159,0.0236,0.899,0.0067,0.9391,0.0112,0.35692,0.35579,0,0,1000.0,992.4,200
georgia,IAVB,sph,away,0.1,lac,weighted,8000,7671,0.00838,67,1.0,0.0,1.0,0.0,1.0,0.0,2.0,0.0,inf,inf,200,200,1000.0,0.0,200
georgia,IAVB,chapman_ningbo,away,0.1,lac,weighted,7983,7983,0.02869,229,0.9994,0.0089,0.9961,0.055,0.9995,0.0076,1.9944,0.0791,0.20817,0.20817,199,199,1000.0,940.3,200
georgia,IAVB,georgia,home,0.1,lac,weighted,4115,4115,0.07631,314,0.9035,0.0055,0.6593,0.0192,0.9236,0.0044,0.9523,0.0088,0.3663,0.36577,0,0,1000.0,996.3,200
georgia,IAVB,cpsc,away,0.1,lac,weighted,4124,4124,0.08099,334,0.9376,0.0049,0.7254,0.0294,0.9563,0.0027,0.961,0.006,0.33783,0.33608,0,0,1000.0,980.0,200
georgia,IAVB,georgia-calibration-holdout,calibration holdout,0.1,aps,none,2000,2000,0.076,152,0.9012,0.0127,0.853,0.0355,0.9052,0.0126,1.0585,0.0194,0.90495,0.90495,0,0,1000.0,1000.0,200
georgia,IAVB,ptbxl,away,0.1,aps,none,8000,6937,0.04813,385,0.9058,0.0092,0.8568,0.0145,0.9083,0.0092,1.0779,0.0171,0.90495,0.90495,0,0,1000.0,1000.0,200
georgia,IAVB,sph,away,0.1,aps,none,8000,7671,0.00838,67,0.9098,0.0088,0.8963,0.0254,0.9099,0.0088,0.9635,0.0117,0.90495,0.90495,0,0,1000.0,1000.0,200
georgia,IAVB,chapman_ningbo,away,0.1,aps,none,7983,7983,0.02869,229,0.9225,0.0082,0.8272,0.0163,0.9253,0.0082,1.0538,0.017,0.90495,0.90495,0,0,1000.0,1000.0,200
georgia,IAVB,georgia,home,0.1,aps,none,4115,4115,0.07631,314,0.9044,0.0093,0.8637,0.0144,0.9077,0.0094,1.0616,0.0168,0.90495,0.90495,0,0,1000.0,1000.0,200
georgia,IAVB,cpsc,away,0.1,aps,none,4124,4124,0.08099,334,0.9176,0.0088,0.9035,0.01,0.9189,0.0091,1.0327,0.0162,0.90495,0.90495,0,0,1000.0,1000.0,200
georgia,IAVB,georgia-calibration-holdout,calibration holdout,0.1,aps,mondrian,2000,2000,0.076,152,0.9023,0.0131,0.9038,0.0503,0.9022,0.0134,1.1002,0.0385,0.90219,0.94552,0,0,1000.0,1000.0,200
georgia,IAVB,ptbxl,away,0.1,aps,mondrian,8000,6937,0.04813,385,0.9053,0.0097,0.904,0.0324,0.9054,0.0098,1.1324,0.046,0.90219,0.94552,0,0,1000.0,1000.0,200
georgia,IAVB,sph,away,0.1,aps,mondrian,8000,7671,0.00838,67,0.9074,0.0093,0.9379,0.0328,0.9072,0.0094,0.9844,0.0228,0.90219,0.94552,0,0,1000.0,1000.0,200
georgia,IAVB,chapman_ningbo,away,0.1,aps,mondrian,7983,7983,0.02869,229,0.9215,0.0085,0.8755,0.0358,0.9229,0.0086,1.1198,0.0527,0.90219,0.94552,0,0,1000.0,1000.0,200
georgia,IAVB,georgia,home,0.1,aps,mondrian,4115,4115,0.07631,314,0.9052,0.0098,0.9084,0.0297,0.905,0.01,1.1048,0.0375,0.90219,0.94552,0,0,1000.0,1000.0,200
georgia,IAVB,cpsc,away,0.1,aps,mondrian,4124,4124,0.08099,334,0.9173,0.0091,0.9295,0.0186,0.9162,0.0095,1.0791,0.0431,0.90219,0.94552,0,0,1000.0,1000.0,200
georgia,IAVB,georgia-calibration-holdout,calibration holdout,0.1,aps,weighted,2000,2000,0.076,152,0.9016,0.0128,0.8529,0.0356,0.9056,0.0126,1.0593,0.0201,0.90533,0.90532,0,0,1000.0,994.3,200
georgia,IAVB,ptbxl,away,0.1,aps,weighted,8000,6937,0.04813,385,0.9052,0.0092,0.8558,0.0146,0.9077,0.0092,1.0767,0.017,0.90442,0.9042,0,0,1000.0,992.4,200
georgia,IAVB,sph,away,0.1,aps,weighted,8000,7671,0.00838,67,1.0,0.0,1.0,0.0,1.0,0.0,2.0,0.0,inf,inf,200,200,1000.0,0.0,200
georgia,IAVB,chapman_ningbo,away,0.1,aps,weighted,7983,7983,0.02869,229,0.9996,0.0054,0.9991,0.0127,0.9996,0.0052,1.9953,0.0664,0.90496,0.9044,199,199,1000.0,940.3,200
georgia,IAVB,georgia,home,0.1,aps,weighted,4115,4115,0.07631,314,0.9041,0.0093,0.8634,0.0144,0.9075,0.0094,1.061,0.0167,0.90475,0.90462,0,0,1000.0,996.3,200
georgia,IAVB,cpsc,away,0.1,aps,weighted,4124,4124,0.08099,334,0.9164,0.009,0.9027,0.01,0.9176,0.0093,1.0302,0.0166,0.90374,0.90338,0,0,1000.0,980.0,200
georgia,IAVB,georgia-calibration-holdout,calibration holdout,0.05,lac,none,2000,2000,0.076,152,0.9501,0.0091,0.7909,0.036,0.9631,0.0082,1.0643,0.0143,0.67116,0.67116,0,0,1000.0,1000.0,200
georgia,IAVB,ptbxl,away,0.05,lac,none,8000,6937,0.04813,385,0.9511,0.0051,0.8138,0.008,0.958,0.0049,1.0745,0.0134,0.67116,0.67116,0,0,1000.0,1000.0,200
georgia,IAVB,sph,away,0.05,lac,none,8000,7671,0.00838,67,0.9866,0.0018,0.8338,0.0107,0.9879,0.0017,1.0232,0.004,0.67116,0.67116,0,0,1000.0,1000.0,200
georgia,IAVB,chapman_ningbo,away,0.05,lac,none,7983,7983,0.02869,229,0.9814,0.0033,0.7888,0.0127,0.9871,0.0031,1.0569,0.011,0.67116,0.67116,0,0,1000.0,1000.0,200
georgia,IAVB,georgia,home,0.05,lac,none,4115,4115,0.07631,314,0.9568,0.0041,0.808,0.0131,0.9691,0.0034,1.0633,0.0119,0.67116,0.67116,0,0,1000.0,1000.0,200
georgia,IAVB,cpsc,away,0.05,lac,none,4124,4124,0.08099,334,0.9771,0.0016,0.8824,0.0053,0.9854,0.0014,1.0413,0.0083,0.67116,0.67116,0,0,1000.0,1000.0,200
georgia,IAVB,georgia-calibration-holdout,calibration holdout,0.05,lac,mondrian,2000,2000,0.076,152,0.9515,0.0096,0.9545,0.0324,0.9512,0.01,1.1612,0.0456,0.59706,0.9164,0,0,1000.0,1000.0,200
georgia,IAVB,ptbxl,away,0.05,lac,mondrian,8000,6937,0.04813,385,0.946,0.0052,0.9523,0.0215,0.9457,0.0053,1.2079,0.0561,0.59706,0.9164,0,0,1000.0,1000.0,200
georgia,IAVB,sph,away,0.05,lac,mondrian,8000,7671,0.00838,67,0.9838,0.002,0.9794,0.0161,0.9838,0.002,1.0767,0.0287,0.59706,0.9164,0,0,1000.0,1000.0,200
georgia,IAVB,chapman_ningbo,away,0.05,lac,mondrian,7983,7983,0.02869,229,0.9769,0.0037,0.9201,0.0262,0.9786,0.0037,1.2199,0.0648,0.59706,0.9164,0,0,1000.0,1000.0,200
georgia,IAVB,georgia,home,0.05,lac,mondrian,4115,4115,0.07631,314,0.9588,0.0045,0.9542,0.0184,0.9592,0.0046,1.1753,0.0423,0.59706,0.9164,0,0,1000.0,1000.0,200
georgia,IAVB,cpsc,away,0.05,lac,mondrian,4124,4124,0.08099,334,0.9795,0.0021,0.954,0.0127,0.9817,0.002,1.153,0.0581,0.59706,0.9164,0,0,1000.0,1000.0,200
georgia,IAVB,georgia-calibration-holdout,calibration holdout,0.05,lac,weighted,2000,2000,0.076,152,0.9509,0.0084,0.7925,0.0365,0.9639,0.0073,1.0663,0.0161,0.67472,0.67448,0,0,1000.0,994.3,200
georgia,IAVB,ptbxl,away,0.05,lac,weighted,8000,6937,0.04813,385,0.948,0.004,0.809,0.0059,0.955,0.0039,1.0661,0.011,0.65509,0.65326,0,0,1000.0,992.4,200
georgia,IAVB,sph,away,0.05,lac,weighted,8000,7671,0.00838,67,1.0,0.0,1.0,0.0,1.0,0.0,2.0,0.0,inf,inf,200,200,1000.0,0.0,200
georgia,IAVB,chapman_ningbo,away,0.05,lac,weighted,7983,7983,0.02869,229,0.9998,0.0031,0.9982,0.0253,0.9998,0.0024,1.995,0.0714,0.48274,0.44753,199,199,1000.0,940.3,200
georgia,IAVB,georgia,home,0.05,lac,weighted,4115,4115,0.07631,314,0.9555,0.0036,0.8039,0.0108,0.968,0.003,1.0593,0.0102,0.66288,0.66172,0,0,1000.0,996.3,200
georgia,IAVB,cpsc,away,0.05,lac,weighted,4124,4124,0.08099,334,0.9752,0.0013,0.8745,0.0058,0.9841,0.001,1.0314,0.0063,0.63978,0.63674,0,0,1000.0,980.0,200
georgia,IAVB,georgia-calibration-holdout,calibration holdout,0.05,aps,none,2000,2000,0.076,152,0.9496,0.0095,0.909,0.0304,0.953,0.0093,1.1611,0.0205,0.95039,0.95039,0,0,1000.0,1000.0,200
georgia,IAVB,ptbxl,away,0.05,aps,none,8000,6937,0.04813,385,0.9529,0.0065,0.9079,0.0137,0.9552,0.0064,1.1877,0.0183,0.95039,0.95039,0,0,1000.0,1000.0,200
georgia,IAVB,sph,away,0.05,aps,none,8000,7671,0.00838,67,0.9551,0.0062,0.9413,0.023,0.9552,0.0062,1.0323,0.0108,0.95039,0.95039,0,0,1000.0,1000.0,200
georgia,IAVB,chapman_ningbo,away,0.05,aps,none,7983,7983,0.02869,229,0.9621,0.0054,0.8786,0.0164,0.9646,0.0054,1.1638,0.0187,0.95039,0.95039,0,0,1000.0,1000.0,200
georgia,IAVB,georgia,home,0.05,aps,none,4115,4115,0.07631,314,0.951,0.007,0.9117,0.0133,0.9542,0.0069,1.1646,0.0168,0.95039,0.95039,0,0,1000.0,1000.0,200
georgia,IAVB,cpsc,away,0.05,aps,none,4124,4124,0.08099,334,0.9586,0.0063,0.9318,0.0091,0.961,0.0064,1.1355,0.0178,0.95039,0.95039,0,0,1000.0,1000.0,200
georgia,IAVB,georgia-calibration-holdout,calibration holdout,0.05,aps,mondrian,2000,2000,0.076,152,0.9507,0.0091,0.9533,0.0353,0.9505,0.0094,1.2461,0.0611,0.94788,0.981,0,0,1000.0,1000.0,200
georgia,IAVB,ptbxl,away,0.05,aps,mondrian,8000,6937,0.04813,385,0.9528,0.0064,0.9555,0.0251,0.9526,0.0066,1.2954,0.0715,0.94788,0.981,0,0,1000.0,1000.0,200
georgia,IAVB,sph,away,0.05,aps,mondrian,8000,7671,0.00838,67,0.9529,0.0064,0.9769,0.0222,0.9527,0.0065,1.0882,0.0453,0.94788,0.981,0,0,1000.0,1000.0,200
georgia,IAVB,chapman_ningbo,away,0.05,aps,mondrian,7983,7983,0.02869,229,0.9617,0.0054,0.9347,0.028,0.9625,0.0055,1.2847,0.0758,0.94788,0.981,0,0,1000.0,1000.0,200
georgia,IAVB,georgia,home,0.05,aps,mondrian,4115,4115,0.07631,314,0.9521,0.0069,0.9576,0.0233,0.9517,0.0072,1.2493,0.0586,0.94788,0.981,0,0,1000.0,1000.0,200
georgia,IAVB,cpsc,away,0.05,aps,mondrian,4124,4124,0.08099,334,0.9587,0.0063,0.9585,0.0141,0.9588,0.0066,1.2454,0.0759,0.94788,0.981,0,0,1000.0,1000.0,200
georgia,IAVB,georgia-calibration-holdout,calibration holdout,0.05,aps,weighted,2000,2000,0.076,152,0.9503,0.0097,0.9098,0.0307,0.9536,0.0095,1.1629,0.0217,0.95093,0.951,0,0,1000.0,994.3,200
georgia,IAVB,ptbxl,away,0.05,aps,weighted,8000,6937,0.04813,385,0.9526,0.0065,0.9074,0.0135,0.9549,0.0064,1.1864,0.0182,0.95009,0.94989,0,0,1000.0,992.4,200
georgia,IAVB,sph,away,0.05,aps,weighted,8000,7671,0.00838,67,1.0,0.0,1.0,0.0,1.0,0.0,2.0,0.0,inf,inf,200,200,1000.0,0.0,200
georgia,IAVB,chapman_ningbo,away,0.05,aps,weighted,7983,7983,0.02869,229,0.9998,0.0024,0.9995,0.0077,0.9998,0.0022,1.9959,0.0579,0.95495,0.95385,199,199,1000.0,940.3,200
georgia,IAVB,georgia,home,0.05,aps,weighted,4115,4115,0.07631,314,0.951,0.007,0.9116,0.0134,0.9542,0.0069,1.1645,0.0168,0.95038,0.95029,0,0,1000.0,996.3,200
georgia,IAVB,cpsc,away,0.05,aps,weighted,4124,4124,0.08099,334,0.9578,0.0063,0.9308,0.0088,0.9602,0.0064,1.1322,0.0174,0.94947,0.949,0,0,1000.0,980.0,200
cpsc,NSR,cpsc-calibration-holdout,calibration holdout,0.2,lac,none,2000,2000,0.098,196,0.8003,0.018,0.0394,0.019,0.8831,0.015,0.8205,0.0182,0.18166,0.18166,0,0,1000.0,1000.0,200
cpsc,NSR,ptbxl,away,0.2,lac,none,8000,6937,0.82675,6614,0.172,0.0006,0.0007,0.0004,0.9895,0.0019,0.7624,0.0136,0.18166,0.18166,0,0,1000.0,1000.0,200
cpsc,NSR,chapman_ningbo,away,0.2,lac,none,7983,7983,0.18539,1480,0.6589,0.011,0.0034,0.0021,0.808,0.0131,0.7439,0.0158,0.18166,0.18166,0,0,1000.0,1000.0,200
cpsc,NSR,georgia,away,0.2,lac,none,4115,4115,0.17375,715,0.7424,0.0059,0.0102,0.0057,0.8964,0.006,0.8307,0.0095,0.18166,0.18166,0,0,1000.0,1000.0,200
cpsc,NSR,cpsc,home,0.2,lac,none,4124,4124,0.08754,361,0.8018,0.0089,0.0533,0.0114,0.8736,0.0087,0.8194,0.0106,0.18166,0.18166,0,0,1000.0,1000.0,200
cpsc,NSR,cpsc-calibration-holdout,calibration holdout,0.2,lac,mondrian,2000,2000,0.098,196,0.802,0.0173,0.808,0.0552,0.8013,0.0185,0.924,0.0242,0.09255,0.82847,0,0,1000.0,1000.0,200
cpsc,NSR,ptbxl,away,0.2,lac,mondrian,8000,6937,0.82675,6614,0.4187,0.0294,0.3024,0.0355,0.9736,0.0028,0.8975,0.0321,0.09255,0.82847,0,0,1000.0,1000.0,200
cpsc,NSR,chapman_ningbo,away,0.2,lac,mondrian,7983,7983,0.18539,1480,0.6758,0.0126,0.5583,0.05,0.7026,0.0109,0.9014,0.0344,0.09255,0.82847,0,0,1000.0,1000.0,200
cpsc,NSR,georgia,away,0.2,lac,mondrian,4115,4115,0.17375,715,0.7771,0.0095,0.5083,0.038,0.8337,0.0086,0.9308,0.0203,0.09255,0.82847,0,0,1000.0,1000.0,200
cpsc,NSR,cpsc,home,0.2,lac,mondrian,4124,4124,0.08754,361,0.7956,0.0088,0.8234,0.0318,0.7929,0.0092,0.9283,0.0221,0.09255,0.82847,0,0,1000.0,1000.0,200
cpsc,NSR,cpsc-calibration-holdout,calibration holdout,0.2,lac,weighted,2000,2000,0.098,196,0.8031,0.0204,0.0539,0.0482,0.8846,0.0186,0.8239,0.0227,0.18993,0.19007,0,0,1000.0,992.0,200
cpsc,NSR,ptbxl,away,0.2,lac,weighted,8000,6937,0.82675,6614,0.1713,0.0005,0.0004,0.0002,0.9871,0.0017,0.7426,0.0146,0.16347,0.16335,0,0,1000.0,995.3,200
cpsc,NSR,chapman_ningbo,away,0.2,lac,weighted,7983,7983,0.18539,1480,0.6341,0.0106,0.0007,0.0006,0.7783,0.0129,0.7103,0.0136,0.1524,0.15209,0,0,1000.0,990.8,200
cpsc,NSR,georgia,away,0.2,lac,weighted,4115,4115,0.17375,715,0.7336,0.0056,0.0063,0.0013,0.8865,0.0065,0.8166,0.0082,0.16014,0.15986,0,0,1000.0,994.1,200
cpsc,NSR,cpsc,home,0.2,lac,weighted,4124,4124,0.08754,361,0.8001,0.0094,0.0515,0.012,0.8719,0.0092,0.8174,0.0113,0.17911,0.17916,0,0,1000.0,998.0,200
cpsc,NSR,cpsc-calibration-holdout,calibration holdout,0.2,aps,none,2000,2000,0.098,196,0.8005,0.0184,0.5764,0.0456,0.825,0.0179,0.9142,0.0214,0.79597,0.79597,0,0,1000.0,1000.0,200
cpsc,NSR,ptbxl,away,0.2,aps,none,8000,6937,0.82675,6614,0.254,0.0087,0.1381,0.0079,0.8071,0.0166,0.9523,0.0187,0.79597,0.79597,0,0,1000.0,1000.0,200
cpsc,NSR,chapman_ningbo,away,0.2,aps,none,7983,7983,0.18539,1480,0.7417,0.0122,0.2956,0.0144,0.8433,0.0122,0.9561,0.0188,0.79597,0.79597,0,0,1000.0,1000.0,200
cpsc,NSR,georgia,away,0.2,aps,none,4115,4115,0.17375,715,0.7314,0.0129,0.3056,0.0128,0.821,0.0138,0.9066,0.0178,0.79597,0.79597,0,0,1000.0,1000.0,200
cpsc,NSR,cpsc,home,0.2,aps,none,4124,4124,0.08754,361,0.8044,0.0131,0.5899,0.0197,0.8249,0.0132,0.9133,0.0174,0.79597,0.79597,0,0,1000.0,1000.0,200
cpsc,NSR,cpsc-calibration-holdout,calibration holdout,0.2,aps,mondrian,2000,2000,0.098,196,0.8005,0.0177,0.8061,0.0571,0.7999,0.0187,1.0057,0.0395,0.77138,0.94041,0,0,1000.0,1000.0,200
cpsc,NSR,ptbxl,away,0.2,aps,mondrian,8000,6937,0.82675,6614,0.4144,0.039,0.3374,0.0466,0.7823,0.0166,1.0962,0.0425,0.77138,0.94041,0,0,1000.0,1000.0,200
cpsc,NSR,chapman_ningbo,away,0.2,aps,mondrian,7983,7983,0.18539,1480,0.7725,0.0145,0.5632,0.0518,0.8201,0.0122,1.1091,0.0416,0.77138,0.94041,0,0,1000.0,1000.0,200
cpsc,NSR,georgia,away,0.2,aps,mondrian,4115,4115,0.17375,715,0.7498,0.0144,0.529,0.0473,0.7963,0.0139,0.9913,0.0322,0.77138,0.94041,0,0,1000.0,1000.0,200
cpsc,NSR,cpsc,home,0.2,aps,mondrian,4124,4124,0.08754,361,0.8005,0.0128,0.8004,0.0372,0.8006,0.0132,1.0048,0.0336,0.77138,0.94041,0,0,1000.0,1000.0,200
cpsc,NSR,cpsc-calibration-holdout,calibration holdout,0.2,aps,weighted,2000,2000,0.098,196,0.8021,0.0194,0.5778,0.0489,0.8265,0.0187,0.9165,0.0246,0.79758,0.79761,0,0,1000.0,992.0,200
cpsc,NSR,ptbxl,away,0.2,aps,weighted,8000,6937,0.82675,6614,0.2517,0.0089,0.136,0.008,0.8037,0.0168,0.9472,0.0191,0.79265,0.79248,0,0,1000.0,995.3,200
cpsc,NSR,chapman_ningbo,away,0.2,aps,weighted,7983,7983,0.18539,1480,0.7363,0.0124,0.2899,0.0141,0.8379,0.0125,0.9473,0.0188,0.79018,0.78997,0,0,1000.0,990.8,200
cpsc,NSR,georgia,away,0.2,aps,weighted,4115,4115,0.17375,715,0.7275,0.0132,0.3023,0.0131,0.8169,0.0142,0.9011,0.018,0.79189,0.79176,0,0,1000.0,994.1,200
cpsc,NSR,cpsc,home,0.2,aps,weighted,4124,4124,0.08754,361,0.8043,0.0136,0.59,0.0199,0.8248,0.0137,0.9132,0.0182,0.7959,0.7959,0,0,1000.0,998.0,200
cpsc,NSR,cpsc-calibration-holdout,calibration holdout,0.1,lac,none,2000,2000,0.098,196,0.8999,0.0136,0.3304,0.0551,0.962,0.0079,0.9593,0.015,0.42553,0.42553,0,0,1000.0,1000.0,200
cpsc,NSR,ptbxl,away,0.1,lac,none,8000,6937,0.82675,6614,0.2068,0.0059,0.0406,0.0071,0.9999,0.0003,0.9457,0.0156,0.42553,0.42553,0,0,1000.0,1000.0,200
cpsc,NSR,chapman_ningbo,away,0.1,lac,none,7983,7983,0.18539,1480,0.7953,0.0098,0.1113,0.018,0.951,0.008,0.9457,0.0154,0.42553,0.42553,0,0,1000.0,1000.0,200
cpsc,NSR,georgia,away,0.1,lac,none,4115,4115,0.17375,715,0.8242,0.0055,0.1571,0.0131,0.9645,0.0039,0.9654,0.0107,0.42553,0.42553,0,0,1000.0,1000.0,200
cpsc,NSR,cpsc,home,0.1,lac,none,4124,4124,0.08754,361,0.9052,0.0071,0.3343,0.0328,0.96,0.0047,0.9595,0.0117,0.42553,0.42553,0,0,1000.0,1000.0,200
cpsc,NSR,cpsc-calibration-holdout,calibration holdout,0.1,lac,mondrian,2000,2000,0.098,196,0.9011,0.0126,0.9035,0.0412,0.9008,0.0142,1.0985,0.0336,0.21991,0.90026,0,0,1000.0,1000.0,200
cpsc,NSR,ptbxl,away,0.1,lac,mondrian,8000,6937,0.82675,6614,0.5135,0.0405,0.4131,0.0489,0.9925,0.0007,1.1388,0.0422,0.21991,0.90026,0,0,1000.0,1000.0,200
cpsc,NSR,chapman_ningbo,away,0.1,lac,mondrian,7983,7983,0.18539,1480,0.809,0.0136,0.6714,0.0414,0.8403,0.0156,1.1409,0.0388,0.21991,0.90026,0,0,1000.0,1000.0,200
cpsc,NSR,georgia,away,0.1,lac,mondrian,4115,4115,0.17375,715,0.8616,0.009,0.62,0.0416,0.9125,0.0083,1.091,0.0325,0.21991,0.90026,0,0,1000.0,1000.0,200
cpsc,NSR,cpsc,home,0.1,lac,mondrian,4124,4124,0.08754,361,0.8929,0.0081,0.8839,0.0227,0.8938,0.009,1.0969,0.0329,0.21991,0.90026,0,0,1000.0,1000.0,200
cpsc,NSR,cpsc-calibration-holdout,calibration holdout,0.1,lac,weighted,2000,2000,0.098,196,0.9025,0.0165,0.3476,0.0915,0.9628,0.0091,0.9637,0.027,0.43093,0.43105,0,0,1000.0,992.0,200
cpsc,NSR,ptbxl,away,0.1,lac,weighted,8000,6937,0.82675,6614,0.198,0.0071,0.0301,0.0084,0.9991,0.001,0.9201,0.0215,0.38995,0.38954,0,0,1000.0,995.3,200
cpsc,NSR,chapman_ningbo,away,0.1,lac,weighted,7983,7983,0.18539,1480,0.7681,0.0116,0.0688,0.016,0.9273,0.0106,0.9039,0.0174,0.3657,0.36497,0,0,1000.0,990.8,200
cpsc,NSR,georgia,away,0.1,lac,weighted,4115,4115,0.17375,715,0.8128,0.0078,0.1301,0.0188,0.9563,0.0056,0.944,0.0142,0.38224,0.3817,0,0,1000.0,994.1,200
cpsc,NSR,cpsc,home,0.1,lac,weighted,4124,4124,0.08754,361,0.904,0.0092,0.3296,0.0425,0.9591,0.0061,0.9575,0.0154,0.42159,0.42132,0,0,1000.0,998.0,200
cpsc,NSR,cpsc-calibration-holdout,calibration holdout,0.1,aps,none,2000,2000,0.098,196,0.9,0.0133,0.7143,0.0443,0.9203,0.0122,1.0717,0.0214,0.89603,0.89603,0,0,1000.0,1000.0,200
cpsc,NSR,ptbxl,away,0.1,aps,none,8000,6937,0.82675,6614,0.3536,0.0141,0.238,0.0152,0.9052,0.0121,1.1271,0.0208,0.89603,0.89603,0,0,1000.0,1000.0,200
cpsc,NSR,chapman_ningbo,away,0.1,aps,none,7983,7983,0.18539,1480,0.8406,0.0107,0.4473,0.0219,0.9301,0.0086,1.1366,0.0217,0.89603,0.89603,0,0,1000.0,1000.0,200
cpsc,NSR,georgia,away,0.1,aps,none,4115,4115,0.17375,715,0.8322,0.0111,0.4247,0.0207,0.9179,0.0099,1.0595,0.0179,0.89603,0.89603,0,0,1000.0,1000.0,200
cpsc,NSR,cpsc,home,0.1,aps,none,4124,4124,0.08754,361,0.9017,0.0105,0.7168,0.0217,0.9194,0.01,1.0702,0.0189,0.89603,0.89603,0,0,1000.0,1000.0,200
cpsc,NSR,cpsc-calibration-holdout,calibration holdout,0.1,aps,mondrian,2000,2000,0.098,196,0.9003,0.0135,0.9008,0.0449,0.9003,0.0138,1.2327,0.0523,0.87452,0.97884,0,0,1000.0,1000.0,200
cpsc,NSR,ptbxl,away,0.1,aps,mondrian,8000,6937,0.82675,6614,0.5787,0.0522,0.5146,0.063,0.8845,0.0128,1.3475,0.0576,0.87452,0.97884,0,0,1000.0,1000.0,200
cpsc,NSR,chapman_ningbo,away,0.1,aps,mondrian,7983,7983,0.18539,1480,0.8788,0.0123,0.7313,0.0508,0.9124,0.0094,1.3433,0.0491,0.87452,0.97884,0,0,1000.0,1000.0,200
cpsc,NSR,georgia,away,0.1,aps,mondrian,4115,4115,0.17375,715,0.8611,0.0128,0.6867,0.0514,0.8978,0.0111,1.218,0.0529,0.87452,0.97884,0,0,1000.0,1000.0,200
cpsc,NSR,cpsc,home,0.1,aps,mondrian,4124,4124,0.08754,361,0.8997,0.0102,0.8971,0.0278,0.9,0.0107,1.2307,0.05,0.87452,0.97884,0,0,1000.0,1000.0,200
cpsc,NSR,cpsc-calibration-holdout,calibration holdout,0.1,aps,weighted,2000,2000,0.098,196,0.9017,0.0144,0.7174,0.047,0.9218,0.013,1.0749,0.026,0.89739,0.89735,0,0,1000.0,992.0,200
cpsc,NSR,ptbxl,away,0.1,aps,weighted,8000,6937,0.82675,6614,0.3492,0.0144,0.2333,0.0155,0.9023,0.0126,1.1206,0.0215,0.89308,0.89291,0,0,1000.0,995.3,200
cpsc,NSR,chapman_ningbo,away,0.1,aps,weighted,7983,7983,0.18539,1480,0.8354,0.0113,0.4365,0.0228,0.9262,0.0092,1.1256,0.0225,0.89107,0.89079,0,0,1000.0,990.8,200
cpsc,NSR,georgia,away,0.1,aps,weighted,4115,4115,0.17375,715,0.8283,0.0115,0.4181,0.0207,0.9146,0.0103,1.0528,0.0184,0.89239,0.89217,0,0,1000.0,994.1,200
cpsc,NSR,cpsc,home,0.1,aps,weighted,4124,4124,0.08754,361,0.9016,0.0108,0.7169,0.0226,0.9193,0.0103,1.0701,0.0197,0.89599,0.896,0,0,1000.0,998.0,200
cpsc,NSR,cpsc-calibration-holdout,calibration holdout,0.05,lac,none,2000,2000,0.098,196,0.9503,0.01,0.5945,0.0546,0.9891,0.0045,1.0615,0.0118,0.61666,0.61666,0,0,1000.0,1000.0,200
cpsc,NSR,ptbxl,away,0.05,lac,none,8000,6937,0.82675,6614,0.2812,0.0117,0.1306,0.0142,1.0,0.0,1.0848,0.0168,0.61666,0.61666,0,0,1000.0,1000.0,200
cpsc,NSR,chapman_ningbo,away,0.05,lac,none,7983,7983,0.18539,1480,0.86,0.0054,0.2895,0.0205,0.9899,0.0019,1.0837,0.0158,0.61666,0.61666,0,0,1000.0,1000.0,200
cpsc,NSR,georgia,away,0.05,lac,none,4115,4115,0.17375,715,0.8686,0.0049,0.3045,0.0166,0.9872,0.0024,1.0552,0.0113,0.61666,0.61666,0,0,1000.0,1000.0,200
cpsc,NSR,cpsc,home,0.05,lac,none,4124,4124,0.08754,361,0.954,0.0042,0.622,0.0241,0.9859,0.0024,1.062,0.0114,0.61666,0.61666,0,0,1000.0,1000.0,200
cpsc,NSR,cpsc-calibration-holdout,calibration holdout,0.05,lac,mondrian,2000,2000,0.098,196,0.9512,0.0097,0.9542,0.0293,0.9509,0.0107,1.288,0.0485,0.36963,0.96329,0,0,1000.0,1000.0,200
cpsc,NSR,ptbxl,away,0.05,lac,mondrian,8000,6937,0.82675,6614,0.6613,0.0498,0.5906,0.0603,0.9984,0.001,1.3875,0.0538,0.36963,0.96329,0,0,1000.0,1000.0,200
cpsc,NSR,chapman_ningbo,away,0.05,lac,mondrian,7983,7983,0.18539,1480,0.9076,0.0106,0.8134,0.0432,0.929,0.0101,1.3812,0.0442,0.36963,0.96329,0,0,1000.0,1000.0,200
cpsc,NSR,georgia,away,0.05,lac,mondrian,4115,4115,0.17375,715,0.9195,0.008,0.7565,0.0435,0.9538,0.0046,1.2771,0.0498,0.36963,0.96329,0,0,1000.0,1000.0,200
cpsc,NSR,cpsc,home,0.05,lac,mondrian,4124,4124,0.08754,361,0.9475,0.0051,0.946,0.0151,0.9476,0.0055,1.2869,0.0471,0.36963,0.96329,0,0,1000.0,1000.0,200
cpsc,NSR,cpsc-calibration-holdout,calibration holdout,0.05,lac,weighted,2000,2000,0.098,196,0.9514,0.0128,0.601,0.0889,0.9895,0.005,1.067,0.0304,0.6244,0.62496,0,0,1000.0,992.0,200
cpsc,NSR,ptbxl,away,0.05,lac,weighted,8000,6937,0.82675,6614,0.267,0.0131,0.1134,0.0159,1.0,0.0,1.0636,0.0202,0.58806,0.58716,0,0,1000.0,995.3,200
cpsc,NSR,chapman_ningbo,away,0.05,lac,weighted,7983,7983,0.18539,1480,0.8477,0.0072,0.2436,0.0255,0.9852,0.0031,1.0491,0.0198,0.56847,0.56719,0,0,1000.0,990.8,200
cpsc,NSR,georgia,away,0.05,lac,weighted,4115,4115,0.17375,715,0.8604,0.0066,0.2754,0.0239,0.9834,0.003,1.0377,0.0136,0.58138,0.58058,0,0,1000.0,994.1,200
cpsc,NSR,cpsc,home,0.05,lac,weighted,4124,4124,0.08754,361,0.9537,0.0056,0.6197,0.0329,0.9857,0.003,1.0613,0.0154,0.61547,0.6153,0,0,1000.0,998.0,200
cpsc,NSR,cpsc-calibration-holdout,calibration holdout,0.05,aps,none,2000,2000,0.098,196,0.9495,0.0098,0.8199,0.0394,0.9637,0.0085,1.1878,0.0255,0.94631,0.94631,0,0,1000.0,1000.0,200
cpsc,NSR,ptbxl,away,0.05,aps,none,8000,6937,0.82675,6614,0.4549,0.0198,0.3503,0.0225,0.9538,0.0083,1.2616,0.0243,0.94631,0.94631,0,0,1000.0,1000.0,200
cpsc,NSR,chapman_ningbo,away,0.05,aps,none,7983,7983,0.18539,1480,0.8961,0.0088,0.5785,0.0245,0.9683,0.0057,1.2706,0.0235,0.94631,0.94631,0,0,1000.0,1000.0,200
cpsc,NSR,georgia,away,0.05,aps,none,4115,4115,0.17375,715,0.8895,0.0092,0.5432,0.0242,0.9623,0.0067,1.1697,0.0199,0.94631,0.94631,0,0,1000.0,1000.0,200
cpsc,NSR,cpsc,home,0.05,aps,none,4124,4124,0.08754,361,0.9496,0.0074,0.8116,0.0218,0.9628,0.0066,1.1845,0.0207,0.94631,0.94631,0,0,1000.0,1000.0,200
cpsc,NSR,cpsc-calibration-holdout,calibration holdout,0.05,aps,mondrian,2000,2000,0.098,196,0.9506,0.0093,0.9508,0.0314,0.9507,0.0097,1.4118,0.0816,0.93028,0.99164,0,0,1000.0,1000.0,200
cpsc,NSR,ptbxl,away,0.05,aps,mondrian,8000,6937,0.82675,6614,0.7147,0.0711,0.6678,0.086,0.9384,0.0102,1.5353,0.0834,0.93028,0.99164,0,0,1000.0,1000.0,200
cpsc,NSR,chapman_ningbo,away,0.05,aps,mondrian,7983,7983,0.18539,1480,0.9346,0.0117,0.8375,0.0536,0.9567,0.007,1.5055,0.0701,0.93028,0.99164,0,0,1000.0,1000.0,200
cpsc,NSR,georgia,away,0.05,aps,mondrian,4115,4115,0.17375,715,0.9242,0.0136,0.8081,0.0683,0.9486,0.0082,1.4162,0.0956,0.93028,0.99164,0,0,1000.0,1000.0,200
cpsc,NSR,cpsc,home,0.05,aps,mondrian,4124,4124,0.08754,361,0.9494,0.0075,0.9484,0.0242,0.9495,0.0078,1.4109,0.0798,0.93028,0.99164,0,0,1000.0,1000.0,200
cpsc,NSR,cpsc-calibration-holdout,calibration holdout,0.05,aps,weighted,2000,2000,0.098,196,0.9507,0.0108,0.8227,0.0427,0.9647,0.0091,1.1921,0.0316,0.94752,0.94756,0,0,1000.0,992.0,200
cpsc,NSR,ptbxl,away,0.05,aps,weighted,8000,6937,0.82675,6614,0.4493,0.0199,0.3439,0.0226,0.9521,0.0086,1.2548,0.0244,0.94443,0.94427,0,0,1000.0,995.3,200
cpsc,NSR,chapman_ningbo,away,0.05,aps,weighted,7983,7983,0.18539,1480,0.8919,0.009,0.5663,0.0251,0.966,0.0058,1.259,0.0235,0.94298,0.94269,0,0,1000.0,990.8,200
cpsc,NSR,georgia,away,0.05,aps,weighted,4115,4115,0.17375,715,0.8866,0.0094,0.5355,0.0241,0.9604,0.007,1.1631,0.0201,0.94399,0.94373,0,0,1000.0,994.1,200
cpsc,NSR,cpsc,home,0.05,aps,weighted,4124,4124,0.08754,361,0.9499,0.0076,0.8121,0.0225,0.9631,0.0067,1.1856,0.0221,0.94669,0.94663,0,0,1000.0,998.0,200
cpsc,AF,cpsc-calibration-holdout,calibration holdout,0.2,lac,none,2000,2000,0.149,298,0.7985,0.0191,0.053,0.0228,0.9296,0.0145,0.8097,0.0195,0.04894,0.04894,0,0,1000.0,1000.0,200
cpsc,AF,ptbxl,away,0.2,lac,none,8000,6937,0.06875,550,0.8507,0.0126,0.021,0.0101,0.9119,0.0129,0.8541,0.0131,0.04894,0.04894,0,0,1000.0,1000.0,200
cpsc,AF,sph,away,0.2,lac,none,8000,7671,0.027,216,0.9596,0.003,0.0977,0.0287,0.9835,0.0024,0.96,0.0031,0.04894,0.04894,0,0,1000.0,1000.0,200
cpsc,AF,chapman_ningbo,away,0.2,lac,none,7983,7983,0.04021,321,0.695,0.0106,0.0463,0.0145,0.7222,0.0104,0.701,0.0126,0.04894,0.04894,0,0,1000.0,1000.0,200
cpsc,AF,georgia,away,0.2,lac,none,4115,4115,0.05225,215,0.8336,0.0131,0.0381,0.0142,0.8775,0.0131,0.8416,0.0137,0.04894,0.04894,0,0,1000.0,1000.0,200
cpsc,AF,cpsc,home,0.2,lac,none,4124,4124,0.13312,549,0.8131,0.0095,0.0613,0.0196,0.9285,0.008,0.8194,0.0102,0.04894,0.04894,0,0,1000.0,1000.0,200
cpsc,AF,cpsc-calibration-holdout,calibration holdout,0.2,lac,mondrian,2000,2000,0.149,298,0.7988,0.0188,0.8013,0.0442,0.7983,0.0211,0.8264,0.0185,0.01,0.69196,0,0,1000.0,1000.0,200
cpsc,AF,ptbxl,away,0.2,lac,mondrian,8000,6937,0.06875,550,0.7166,0.0111,0.7917,0.0257,0.711,0.0119,0.7337,0.0116,0.01,0.69196,0,0,1000.0,1000.0,200
cpsc,AF,sph,away,0.2,lac,mondrian,8000,7671,0.027,216,0.925,0.0051,0.9315,0.0108,0.9249,0.0053,0.9288,0.0052,0.01,0.69196,0,0,1000.0,1000.0,200
cpsc,AF,chapman_ningbo,away,0.2,lac,mondrian,7983,7983,0.04021,321,0.5992,0.0084,0.8757,0.0258,0.5876,0.0088,0.7625,0.0125,0.01,0.69196,0,0,1000.0,1000.0,200
cpsc,AF,georgia,away,0.2,lac,mondrian,4115,4115,0.05225,215,0.705,0.009,0.7363,0.0224,0.7033,0.0094,0.745,0.0102,0.01,0.69196,0,0,1000.0,1000.0,200
cpsc,AF,cpsc,home,0.2,lac,mondrian,4124,4124,0.13312,549,0.8027,0.0089,0.8139,0.0244,0.801,0.0096,0.8254,0.0097,0.01,0.69196,0,0,1000.0,1000.0,200
cpsc,AF,cpsc-calibration-holdout,calibration holdout,0.2,lac,weighted,2000,2000,0.149,298,0.8006,0.017,0.0595,0.0356,0.9309,0.0171,0.8119,0.0178,0.05186,0.05194,0,0,1000.0,995.8,200
cpsc,AF,ptbxl,away,0.2,lac,weighted,8000,6937,0.06875,550,0.724,0.0152,0.0004,0.0009,0.7774,0.0163,0.7255,0.0154,0.0144,0.01431,0,0,1000.0,931.1,200
cpsc,AF,sph,away,0.2,lac,weighted,8000,7671,0.027,216,0.9048,0.0084,0.0098,0.0704,0.9297,0.0071,0.91,0.0776,0.01058,0.01054,1,1,1000.0,870.6,200
cpsc,AF,chapman_ningbo,away,0.2,lac,weighted,7983,7983,0.04021,321,0.7436,0.0113,0.1549,0.0331,0.7683,0.0104,0.7709,0.0182,0.11433,0.11479,0,0,1000.0,978.2,200
cpsc,AF,georgia,away,0.2,lac,weighted,4115,4115,0.05225,215,0.7163,0.0117,0.0044,0.001,0.7555,0.0123,0.7208,0.0118,0.01499,0.01489,0,0,1000.0,936.2,200
cpsc,AF,cpsc,home,0.2,lac,weighted,4124,4124,0.13312,549,0.7969,0.0072,0.0353,0.0096,0.9138,0.0069,0.8018,0.0078,0.03477,0.03473,0,0,1000.0,996.3,200
cpsc,AF,cpsc-calibration-holdout,calibration holdout,0.2,aps,none,2000,2000,0.149,298,0.801,0.0195,0.729,0.0349,0.8136,0.0198,0.8907,0.0213,0.81356,0.81356,0,0,1000.0,1000.0,200
cpsc,AF,ptbxl,away,0.2,aps,none,8000,6937,0.06875,550,0.815,0.0132,0.7112,0.0178,0.8227,0.0132,0.8659,0.0151,0.81356,0.81356,0,0,1000.0,1000.0,200
cpsc,AF,sph,away,0.2,aps,none,8000,7671,0.027,216,0.8173,0.0126,0.8529,0.0242,0.8163,0.0125,0.8289,0.0132,0.81356,0.81356,0,0,1000.0,1000.0,200
cpsc,AF,chapman_ningbo,away,0.2,aps,none,7983,7983,0.04021,321,0.7703,0.0134,0.7934,0.0186,0.7693,0.0135,0.9335,0.0176,0.81356,0.81356,0,0,1000.0,1000.0,200
cpsc,AF,georgia,away,0.2,aps,none,4115,4115,0.05225,215,0.808,0.0132,0.6606,0.0214,0.8162,0.0133,0.8695,0.0154,0.81356,0.81356,0,0,1000.0,1000.0,200
cpsc,AF,cpsc,home,0.2,aps,none,4124,4124,0.13312,549,0.8047,0.0139,0.7331,0.0177,0.8157,0.0141,0.8809,0.0165,0.81356,0.81356,0,0,1000.0,1000.0,200
cpsc,AF,cpsc-calibration-holdout,calibration holdout,0.2,aps,mondrian,2000,2000,0.149,298,0.8009,0.0197,0.8004,0.044,0.8009,0.0211,0.8937,0.0221,0.80145,0.8843,0,0,1000.0,1000.0,200
cpsc,AF,ptbxl,away,0.2,aps,mondrian,8000,6937,0.06875,550,0.8088,0.0138,0.7867,0.0328,0.8105,0.0145,0.8663,0.0165,0.80145,0.8843,0,0,1000.0,1000.0,200
cpsc,AF,sph,away,0.2,aps,mondrian,8000,7671,0.027,216,0.8072,0.0136,0.9155,0.0238,0.8042,0.014,0.8201,0.0141,0.80145,0.8843,0,0,1000.0,1000.0,200
cpsc,AF,chapman_ningbo,away,0.2,aps,mondrian,7983,7983,0.04021,321,0.761,0.0144,0.8641,0.0312,0.7567,0.0149,0.9501,0.0203,0.80145,0.8843,0,0,1000.0,1000.0,200
cpsc,AF,georgia,away,0.2,aps,mondrian,4115,4115,0.05225,215,0.8009,0.0139,0.7423,0.0346,0.8041,0.0144,0.8745,0.0173,0.80145,0.8843,0,0,1000.0,1000.0,200
cpsc,AF,cpsc,home,0.2,aps,mondrian,4124,4124,0.13312,549,0.8048,0.0145,0.8124,0.0315,0.8036,0.0155,0.885,0.0175,0.80145,0.8843,0,0,1000.0,1000.0,200
cpsc,AF,cpsc-calibration-holdout,calibration holdout,0.2,aps,weighted,2000,2000,0.149,298,0.8017,0.0196,0.7296,0.036,0.8144,0.0197,0.8916,0.0217,0.8142,0.81417,0,0,1000.0,995.8,200
cpsc,AF,ptbxl,away,0.2,aps,weighted,8000,6937,0.06875,550,0.807,0.0139,0.7031,0.0181,0.8147,0.0139,0.8566,0.0158,0.80559,0.80495,0,0,1000.0,931.1,200
cpsc,AF,sph,away,0.2,aps,weighted,8000,7671,0.027,216,0.8072,0.0194,0.843,0.0261,0.8062,0.0195,0.8231,0.0849,0.80245,0.80171,1,1,1000.0,870.6,200
cpsc,AF,chapman_ningbo,away,0.2,aps,weighted,7983,7983,0.04021,321,0.775,0.0136,0.7984,0.0188,0.774,0.0137,0.94,0.018,0.81807,0.81842,0,0,1000.0,978.2,200
cpsc,AF,georgia,away,0.2,aps,weighted,4115,4115,0.05225,215,0.8005,0.0137,0.6529,0.0228,0.8087,0.0137,0.8605,0.0159,0.806,0.80532,0,0,1000.0,936.2,200
cpsc,AF,cpsc,home,0.2,aps,weighted,4124,4124,0.13312,549,0.8033,0.0142,0.7314,0.0182,0.8143,0.0144,0.8792,0.0169,0.81219,0.81209,0,0,1000.0,996.3,200
cpsc,AF,cpsc-calibration-holdout,calibration holdout,0.1,lac,none,2000,2000,0.149,298,0.899,0.0137,0.4782,0.0601,0.9732,0.0048,0.9383,0.0151,0.31678,0.31678,0,0,1000.0,1000.0,200
cpsc,AF,ptbxl,away,0.1,lac,none,8000,6937,0.06875,550,0.9424,0.0043,0.3908,0.0383,0.9831,0.0018,0.9623,0.0068,0.31678,0.31678,0,0,1000.0,1000.0,200
cpsc,AF,sph,away,0.1,lac,none,8000,7671,0.027,216,0.9875,0.0015,0.6677,0.0426,0.9963,0.0004,0.9909,0.002,0.31678,0.31678,0,0,1000.0,1000.0,200
cpsc,AF,chapman_ningbo,away,0.1,lac,none,7983,7983,0.04021,321,0.8192,0.0098,0.5138,0.0483,0.832,0.0082,0.9019,0.0184,0.31678,0.31678,0,0,1000.0,1000.0,200
cpsc,AF,georgia,away,0.1,lac,none,4115,4115,0.05225,215,0.9326,0.0054,0.3986,0.0423,0.9621,0.0034,0.9606,0.0079,0.31678,0.31678,0,0,1000.0,1000.0,200
cpsc,AF,cpsc,home,0.1,lac,none,4124,4124,0.13312,549,0.9157,0.006,0.5158,0.0329,0.9771,0.0019,0.9488,0.0097,0.31678,0.31678,0,0,1000.0,1000.0,200
cpsc,AF,cpsc-calibration-holdout,calibration holdout,0.1,lac,mondrian,2000,2000,0.149,298,0.9,0.0146,0.9032,0.0341,0.8994,0.0163,0.9444,0.0157,0.02788,0.87859,0,0,1000.0,1000.0,200
cpsc,AF,ptbxl,away,0.1,lac,mondrian,8000,6937,0.06875,550,0.8691,0.0116,0.9078,0.0278,0.8662,0.0124,0.9129,0.02,0.02788,0.87859,0,0,1000.0,1000.0,200
cpsc,AF,sph,away,0.1,lac,mondrian,8000,7671,0.027,216,0.9747,0.0025,0.986,0.0093,0.9744,0.0026,0.9841,0.0037,0.02788,0.87859,0,0,1000.0,1000.0,200
cpsc,AF,chapman_ningbo,away,0.1,lac,mondrian,7983,7983,0.04021,321,0.7021,0.0077,0.9708,0.019,0.6908,0.008,0.9237,0.0219,0.02788,0.87859,0,0,1000.0,1000.0,200
cpsc,AF,georgia,away,0.1,lac,mondrian,4115,4115,0.05225,215,0.8327,0.0119,0.8647,0.0252,0.831,0.0126,0.9119,0.021,0.02788,0.87859,0,0,1000.0,1000.0,200
cpsc,AF,cpsc,home,0.1,lac,mondrian,4124,4124,0.13312,549,0.9071,0.0057,0.9265,0.0194,0.9042,0.0061,0.9492,0.0126,0.02788,0.87859,0,0,1000.0,1000.0,200
cpsc,AF,cpsc-calibration-holdout,calibration holdout,0.1,lac,weighted,2000,2000,0.149,298,0.9001,0.0151,0.483,0.0872,0.9732,0.0047,0.9403,0.0191,0.32291,0.32326,0,0,1000.0,995.8,200
cpsc,AF,ptbxl,away,0.1,lac,weighted,8000,6937,0.06875,550,0.8693,0.008,0.0361,0.0121,0.9308,0.0078,0.8738,0.0087,0.06515,0.0641,0,0,1000.0,931.1,200
cpsc,AF,sph,away,0.1,lac,weighted,8000,7671,0.027,216,0.9522,0.0041,0.0459,0.0684,0.9774,0.0027,0.9576,0.0741,0.03183,0.03139,1,1,1000.0,870.6,200
cpsc,AF,chapman_ningbo,away,0.1,lac,weighted,7983,7983,0.04021,321,0.8476,0.0094,0.6344,0.0347,0.8566,0.0084,0.9588,0.0194,0.41981,0.42193,0,0,1000.0,978.2,200
cpsc,AF,georgia,away,0.1,lac,weighted,4115,4115,0.05225,215,0.8581,0.0086,0.0699,0.0162,0.9016,0.0083,0.8678,0.0093,0.07141,0.0703,0,0,1000.0,936.2,200
cpsc,AF,cpsc,home,0.1,lac,weighted,4124,4124,0.13312,549,0.9082,0.0055,0.4719,0.0327,0.9751,0.0014,0.9367,0.0088,0.27902,0.27855,0,0,1000.0,996.3,200
cpsc,AF,cpsc-calibration-holdout,calibration holdout,0.1,aps,none,2000,2000,0.149,298,0.8993,0.0137,0.8281,0.0288,0.9119,0.0135,1.0237,0.0179,0.91025,0.91025,0,0,1000.0,1000.0,200
cpsc,AF,ptbxl,away,0.1,aps,none,8000,6937,0.06875,550,0.9122,0.0097,0.8184,0.0156,0.9191,0.0096,0.9874,0.0133,0.91025,0.91025,0,0,1000.0,1000.0,200
cpsc,AF,sph,away,0.1,aps,none,8000,7671,0.027,216,0.9138,0.0094,0.9352,0.0153,0.9132,0.0094,0.9337,0.0106,0.91025,0.91025,0,0,1000.0,1000.0,200
cpsc,AF,chapman_ningbo,away,0.1,aps,none,7983,7983,0.04021,321,0.8784,0.0115,0.8931,0.0165,0.8778,0.0116,1.0884,0.0177,0.91025,0.91025,0,0,1000.0,1000.0,200
cpsc,AF,georgia,away,0.1,aps,none,4115,4115,0.05225,215,0.9058,0.0102,0.7741,0.0195,0.913,0.0102,0.9954,0.0141,0.91025,0.91025,0,0,1000.0,1000.0,200
cpsc,AF,cpsc,home,0.1,aps,none,4124,4124,0.13312,549,0.9046,0.0101,0.8432,0.0132,0.914,0.0103,1.013,0.0145,0.91025,0.91025,0,0,1000.0,1000.0,200
cpsc,AF,cpsc-calibration-holdout,calibration holdout,0.1,aps,mondrian,2000,2000,0.149,298,0.9005,0.014,0.9035,0.034,0.9,0.0147,1.0467,0.0258,0.89873,0.97002,0,0,1000.0,1000.0,200
cpsc,AF,ptbxl,away,0.1,aps,mondrian,8000,6937,0.06875,550,0.9079,0.0104,0.9105,0.0245,0.9078,0.0109,1.0275,0.0288,0.89873,0.97002,0,0,1000.0,1000.0,200
cpsc,AF,sph,away,0.1,aps,mondrian,8000,7671,0.027,216,0.9037,0.0104,0.9765,0.012,0.9017,0.0107,0.9312,0.0127,0.89873,0.97002,0,0,1000.0,1000.0,200
cpsc,AF,chapman_ningbo,away,0.1,aps,mondrian,7983,7983,0.04021,321,0.8679,0.0125,0.9621,0.0176,0.8639,0.013,1.1377,0.0277,0.89873,0.97002,0,0,1000.0,1000.0,200
cpsc,AF,georgia,away,0.1,aps,mondrian,4115,4115,0.05225,215,0.8995,0.011,0.8623,0.0259,0.9016,0.0115,1.0395,0.0292,0.89873,0.97002,0,0,1000.0,1000.0,200
cpsc,AF,cpsc,home,0.1,aps,mondrian,4124,4124,0.13312,549,0.9049,0.0104,0.9209,0.0191,0.9025,0.0116,1.0379,0.0212,0.89873,0.97002,0,0,1000.0,1000.0,200
cpsc,AF,cpsc-calibration-holdout,calibration holdout,0.1,aps,weighted,2000,2000,0.149,298,0.8999,0.0139,0.8283,0.0291,0.9125,0.0135,1.0248,0.019,0.91084,0.91091,0,0,1000.0,995.8,200
cpsc,AF,ptbxl,away,0.1,aps,weighted,8000,6937,0.06875,550,0.9046,0.0105,0.8086,0.0166,0.9117,0.0103,0.9767,0.014,0.90272,0.90215,0,0,1000.0,931.1,200
cpsc,AF,sph,away,0.1,aps,weighted,8000,7671,0.027,216,0.9038,0.0125,0.9276,0.0182,0.9031,0.0125,0.9272,0.0771,0.89964,0.89874,1,1,1000.0,870.6,200
cpsc,AF,chapman_ningbo,away,0.1,aps,weighted,7983,7983,0.04021,321,0.8838,0.0121,0.8981,0.0166,0.8832,0.0121,1.0971,0.0186,0.91465,0.91501,0,0,1000.0,978.2,200
cpsc,AF,georgia,away,0.1,aps,weighted,4115,4115,0.05225,215,0.8985,0.0109,0.7638,0.0212,0.9059,0.0109,0.9848,0.0151,0.90312,0.90241,0,0,1000.0,936.2,200
cpsc,AF,cpsc,home,0.1,aps,weighted,4124,4124,0.13312,549,0.9035,0.0104,0.8419,0.0136,0.9129,0.0106,1.0113,0.0149,0.90911,0.90898,0,0,1000.0,996.3,200
cpsc,AF,cpsc-calibration-holdout,calibration holdout,0.05,lac,none,2000,2000,0.149,298,0.9491,0.0101,0.7334,0.0496,0.9871,0.0037,1.0341,0.0122,0.60275,0.60275,0,0,1000.0,1000.0,200
cpsc,AF,ptbxl,away,0.05,lac,none,8000,6937,0.06875,550,0.9735,0.0028,0.7142,0.0306,0.9926,0.0008,1.0208,0.007,0.60275,0.60275,0,0,1000.0,1000.0,200
cpsc,AF,sph,away,0.05,lac,none,8000,7671,0.027,216,0.9951,0.0007,0.8949,0.0178,0.9978,0.0002,1.0042,0.0017,0.60275,0.60275,0,0,1000.0,1000.0,200
cpsc,AF,chapman_ningbo,away,0.05,lac,none,7983,7983,0.04021,321,0.8955,0.0092,0.8035,0.0333,0.8993,0.0082,1.0538,0.0179,0.60275,0.60275,0,0,1000.0,1000.0,200
cpsc,AF,georgia,away,0.05,lac,none,4115,4115,0.05225,215,0.9653,0.0032,0.6737,0.0294,0.9814,0.0018,1.0216,0.0068,0.60275,0.60275,0,0,1000.0,1000.0,200
cpsc,AF,cpsc,home,0.05,lac,none,4124,4124,0.13312,549,0.9573,0.0044,0.7469,0.0264,0.9897,0.0011,1.029,0.0096,0.60275,0.60275,0,0,1000.0,1000.0,200
cpsc,AF,cpsc-calibration-holdout,calibration holdout,0.05,lac,mondrian,2000,2000,0.149,298,0.9506,0.01,0.9535,0.0252,0.9501,0.0111,1.0636,0.0496,0.08314,0.97211,0,0,1000.0,1000.0,200
cpsc,AF,ptbxl,away,0.05,lac,mondrian,8000,6937,0.06875,550,0.9433,0.0112,0.9703,0.0114,0.9413,0.012,1.0976,0.0758,0.08314,0.97211,0,0,1000.0,1000.0,200
cpsc,AF,sph,away,0.05,lac,mondrian,8000,7671,0.027,216,0.9887,0.0017,0.9951,0.0011,0.9885,0.0018,1.0238,0.03,0.08314,0.97211,0,0,1000.0,1000.0,200
cpsc,AF,chapman_ningbo,away,0.05,lac,mondrian,7983,7983,0.04021,321,0.7606,0.0135,0.9984,0.0026,0.7506,0.0141,1.0756,0.0554,0.08314,0.97211,0,0,1000.0,1000.0,200
cpsc,AF,georgia,away,0.05,lac,mondrian,4115,4115,0.05225,215,0.9076,0.0114,0.9192,0.0137,0.9069,0.012,1.095,0.0654,0.08314,0.97211,0,0,1000.0,1000.0,200
cpsc,AF,cpsc,home,0.05,lac,mondrian,4124,4124,0.13312,549,0.9504,0.0068,0.9659,0.0087,0.948,0.0077,1.0576,0.0507,0.08314,0.97211,0,0,1000.0,1000.0,200
cpsc,AF,cpsc-calibration-holdout,calibration holdout,0.05,lac,weighted,2000,2000,0.149,298,0.9495,0.0113,0.7353,0.0623,0.987,0.0037,1.0353,0.0187,0.60551,0.60585,0,0,1000.0,995.8,200
cpsc,AF,ptbxl,away,0.05,lac,weighted,8000,6937,0.06875,550,0.9457,0.0049,0.4184,0.0469,0.9847,0.0019,0.9679,0.008,0.34787,0.34008,0,0,1000.0,931.1,200
cpsc,AF,sph,away,0.05,lac,weighted,8000,7671,0.027,216,0.9729,0.0041,0.3028,0.0925,0.9915,0.0017,0.9788,0.0727,0.13382,0.12604,1,1,1000.0,870.6,200
cpsc,AF,chapman_ningbo,away,0.05,lac,weighted,7983,7983,0.04021,321,0.9157,0.0107,0.8662,0.03,0.9178,0.0099,1.0953,0.0225,0.67711,0.67916,0,0,1000.0,978.2,200
cpsc,AF,georgia,away,0.05,lac,weighted,4115,4115,0.05225,215,0.9396,0.0052,0.4457,0.0384,0.9668,0.0034,0.9712,0.0084,0.36608,0.35966,0,0,1000.0,936.2,200
cpsc,AF,cpsc,home,0.05,lac,weighted,4124,4124,0.13312,549,0.9529,0.0057,0.721,0.0319,0.9885,0.0018,1.0195,0.0121,0.57036,0.56929,0,0,1000.0,996.3,200
cpsc,AF,cpsc-calibration-holdout,calibration holdout,0.05,aps,none,2000,2000,0.149,298,0.9495,0.0107,0.8843,0.0265,0.961,0.0096,1.1102,0.0182,0.9583,0.9583,0,0,1000.0,1000.0,200
cpsc,AF,ptbxl,away,0.05,aps,none,8000,6937,0.06875,550,0.9606,0.0071,0.8876,0.0144,0.966,0.0067,1.0697,0.015,0.9583,0.9583,0,0,1000.0,1000.0,200
cpsc,AF,sph,away,0.05,aps,none,8000,7671,0.027,216,0.9614,0.0071,0.9688,0.012,0.9612,0.0071,0.9908,0.0091,0.9583,0.9583,0,0,1000.0,1000.0,200
cpsc,AF,chapman_ningbo,away,0.05,aps,none,7983,7983,0.04021,321,0.9413,0.0098,0.9471,0.0133,0.941,0.0099,1.1968,0.0192,0.9583,0.9583,0,0,1000.0,1000.0,200
cpsc,AF,georgia,away,0.05,aps,none,4115,4115,0.05225,215,0.9547,0.0075,0.8411,0.0182,0.961,0.0073,1.0797,0.0157,0.9583,0.9583,0,0,1000.0,1000.0,200
cpsc,AF,cpsc,home,0.05,aps,none,4124,4124,0.13312,549,0.9543,0.0078,0.9034,0.0117,0.9621,0.0078,1.0998,0.0156,0.9583,0.9583,0,0,1000.0,1000.0,200
cpsc,AF,cpsc-calibration-holdout,calibration holdout,0.05,aps,mondrian,2000,2000,0.149,298,0.9511,0.0102,0.9542,0.0238,0.9505,0.0111,1.232,0.0847,0.94762,0.99292,0,0,1000.0,1000.0,200
cpsc,AF,ptbxl,away,0.05,aps,mondrian,8000,6937,0.06875,550,0.9566,0.0075,0.9675,0.0173,0.9557,0.008,1.2607,0.1136,0.94762,0.99292,0,0,1000.0,1000.0,200
cpsc,AF,sph,away,0.05,aps,mondrian,8000,7671,0.027,216,0.9517,0.008,0.9908,0.0057,0.9506,0.0082,1.055,0.0672,0.94762,0.99292,0,0,1000.0,1000.0,200
cpsc,AF,chapman_ningbo,away,0.05,aps,mondrian,7983,7983,0.04021,321,0.9288,0.0107,0.9912,0.0077,0.9261,0.0111,1.3419,0.0881,0.94762,0.99292,0,0,1000.0,1000.0,200
cpsc,AF,georgia,away,0.05,aps,mondrian,4115,4115,0.05225,215,0.9489,0.0085,0.9232,0.0229,0.9503,0.0088,1.2518,0.0967,0.94762,0.99292,0,0,1000.0,1000.0,200
cpsc,AF,cpsc,home,0.05,aps,mondrian,4124,4124,0.13312,549,0.9534,0.0079,0.9658,0.0149,0.9515,0.0088,1.2216,0.0879,0.94762,0.99292,0,0,1000.0,1000.0,200
cpsc,AF,cpsc-calibration-holdout,calibration holdout,0.05,aps,weighted,2000,2000,0.149,298,0.9502,0.0108,0.885,0.0269,0.9617,0.0097,1.1118,0.0192,0.95904,0.95907,0,0,1000.0,995.8,200
cpsc,AF,ptbxl,away,0.05,aps,weighted,8000,6937,0.06875,550,0.9536,0.0076,0.8747,0.0156,0.9594,0.0073,1.0546,0.0143,0.95144,0.95069,0,0,1000.0,931.1,200
cpsc,AF,sph,away,0.05,aps,weighted,8000,7671,0.027,216,0.9519,0.0086,0.9614,0.0137,0.9516,0.0086,0.9832,0.0729,0.94844,0.9475,1,1,1000.0,870.6,200
cpsc,AF,chapman_ningbo,away,0.05,aps,weighted,7983,7983,0.04021,321,0.947,0.0101,0.9531,0.0135,0.9468,0.0101,1.2094,0.0209,0.96237,0.96276,0,0,1000.0,978.2,200
cpsc,AF,georgia,away,0.05,aps,weighted,4115,4115,0.05225,215,0.9481,0.0079,0.8297,0.0181,0.9546,0.0078,1.065,0.0144,0.95182,0.95109,0,0,1000.0,936.2,200
cpsc,AF,cpsc,home,0.05,aps,weighted,4124,4124,0.13312,549,0.9533,0.0079,0.9022,0.0119,0.9612,0.0079,1.0977,0.0156,0.95741,0.95729,0,0,1000.0,996.3,200
cpsc,LBBB,cpsc-calibration-holdout,calibration holdout,0.2,lac,none,2000,2000,0.029,58,0.8008,0.0189,0.1622,0.0474,0.8199,0.0187,0.8055,0.0186,0.01007,0.01007,0,0,1000.0,1000.0,200
cpsc,LBBB,ptbxl,away,0.2,lac,none,8000,6937,0.027,216,0.7119,0.0113,0.3378,0.0093,0.7223,0.0113,0.7129,0.0113,0.01007,0.01007,0,0,1000.0,1000.0,200
cpsc,LBBB,sph,away,0.2,lac,none,8000,7671,0.00287,23,0.9313,0.0051,0.2426,0.0396,0.9333,0.0051,0.9316,0.0051,0.01007,0.01007,0,0,1000.0,1000.0,200
cpsc,LBBB,chapman_ningbo,away,0.2,lac,none,7983,7983,0.01015,81,0.8474,0.0084,0.0988,0.0,0.8551,0.0085,0.8493,0.0084,0.01007,0.01007,0,0,1000.0,1000.0,200
cpsc,LBBB,georgia,away,0.2,lac,none,4115,4115,0.02187,90,0.7327,0.0124,0.1339,0.0101,0.7461,0.0124,0.7335,0.0124,0.01007,0.01007,0,0,1000.0,1000.0,200
cpsc,LBBB,cpsc,home,0.2,lac,none,4124,4124,0.0274,113,0.8118,0.0091,0.1396,0.0053,0.8308,0.0093,0.8133,0.0093,0.01007,0.01007,0,0,1000.0,1000.0,200
cpsc,LBBB,cpsc-calibration-holdout,calibration holdout,0.2,lac,mondrian,2000,2000,0.029,58,0.8014,0.0185,0.8257,0.097,0.8007,0.0188,0.9393,0.0624,0.00896,0.97352,0,0,1000.0,1000.0,200
cpsc,LBBB,ptbxl,away,0.2,lac,mondrian,8000,6937,0.027,216,0.7082,0.0097,0.9858,0.01,0.7005,0.0099,0.9252,0.0785,0.00896,0.97352,0,0,1000.0,1000.0,200
cpsc,LBBB,sph,away,0.2,lac,mondrian,8000,7671,0.00287,23,0.9234,0.0047,1.0,0.0,0.9232,0.0047,0.9711,0.0287,0.00896,0.97352,0,0,1000.0,1000.0,200
cpsc,LBBB,chapman_ningbo,away,0.2,lac,mondrian,7983,7983,0.01015,81,0.8397,0.0065,0.8346,0.0343,0.8397,0.0066,0.9522,0.0479,0.00896,0.97352,0,0,1000.0,1000.0,200
cpsc,LBBB,georgia,away,0.2,lac,mondrian,4115,4115,0.02187,90,0.7286,0.0085,0.9398,0.0314,0.7238,0.0087,0.9255,0.0743,0.00896,0.97352,0,0,1000.0,1000.0,200
cpsc,LBBB,cpsc,home,0.2,lac,mondrian,4124,4124,0.0274,113,0.8165,0.0075,0.9248,0.0367,0.8135,0.0077,0.9407,0.0591,0.00896,0.97352,0,0,1000.0,1000.0,200
cpsc,LBBB,cpsc-calibration-holdout,calibration holdout,0.2,lac,weighted,2000,2000,0.029,58,0.8015,0.0191,0.1638,0.049,0.8206,0.0194,0.8063,0.0188,0.01014,0.01014,0,0,1000.0,994.0,200
cpsc,LBBB,ptbxl,away,0.2,lac,weighted,8000,6937,0.027,216,0.7451,0.0141,0.3595,0.0123,0.7558,0.0142,0.7461,0.0141,0.01237,0.0125,0,0,1000.0,941.3,200
cpsc,LBBB,sph,away,0.2,lac,weighted,8000,7671,0.00287,23,0.9988,0.0098,0.9883,0.0954,0.9988,0.0096,1.9838,0.1317,0.00876,0.00876,197,197,1000.0,975.9,200
cpsc,LBBB,chapman_ningbo,away,0.2,lac,weighted,7983,7983,0.01015,81,0.8383,0.0072,0.0988,0.0,0.8459,0.0073,0.8402,0.0072,0.00938,0.00935,0,0,1000.0,989.4,200
cpsc,LBBB,georgia,away,0.2,lac,weighted,4115,4115,0.02187,90,0.7416,0.0128,0.1421,0.013,0.755,0.0128,0.7423,0.0128,0.01057,0.01058,0,0,1000.0,994.6,200
cpsc,LBBB,cpsc,home,0.2,lac,weighted,4124,4124,0.0274,113,0.8132,0.0094,0.1401,0.0048,0.8322,0.0096,0.8147,0.0096,0.01017,0.01018,0,0,1000.0,998.3,200
cpsc,LBBB,cpsc-calibration-holdout,calibration holdout,0.2,aps,none,2000,2000,0.029,58,0.801,0.0195,0.5357,0.0777,0.809,0.0193,0.8236,0.0191,0.80703,0.80703,0,0,1000.0,1000.0,200
cpsc,LBBB,ptbxl,away,0.2,aps,none,8000,6937,0.027,216,0.8085,0.0128,0.8107,0.0261,0.8084,0.0129,0.8408,0.0139,0.80703,0.80703,0,0,1000.0,1000.0,200
cpsc,LBBB,sph,away,0.2,aps,none,8000,7671,0.00287,23,0.8097,0.0128,0.862,0.0723,0.8095,0.0128,0.8113,0.0129,0.80703,0.80703,0,0,1000.0,1000.0,200
cpsc,LBBB,chapman_ningbo,away,0.2,aps,none,7983,7983,0.01015,81,0.8065,0.0129,0.6194,0.0326,0.8084,0.013,0.8224,0.0134,0.80703,0.80703,0,0,1000.0,1000.0,200
cpsc,LBBB,georgia,away,0.2,aps,none,4115,4115,0.02187,90,0.8093,0.0125,0.6961,0.0319,0.8118,0.0125,0.8371,0.0135,0.80703,0.80703,0,0,1000.0,1000.0,200
cpsc,LBBB,cpsc,home,0.2,aps,none,4124,4124,0.0274,113,0.8069,0.0133,0.6871,0.0325,0.8103,0.0134,0.8225,0.0138,0.80703,0.80703,0,0,1000.0,1000.0,200
cpsc,LBBB,cpsc-calibration-holdout,calibration holdout,0.2,aps,mondrian,2000,2000,0.029,58,0.8022,0.0195,0.8236,0.1026,0.8016,0.0196,0.9625,0.0781,0.79974,0.99004,0,0,1000.0,1000.0,200
cpsc,LBBB,ptbxl,away,0.2,aps,mondrian,8000,6937,0.027,216,0.806,0.0129,0.9797,0.0143,0.8012,0.0133,1.0368,0.0909,0.79974,0.99004,0,0,1000.0,1000.0,200
cpsc,LBBB,sph,away,0.2,aps,mondrian,8000,7671,0.00287,23,0.8027,0.0131,0.998,0.009,0.8021,0.0131,0.8638,0.0442,0.79974,0.99004,0,0,1000.0,1000.0,200
cpsc,LBBB,chapman_ningbo,away,0.2,aps,mondrian,7983,7983,0.01015,81,0.8014,0.0132,0.8328,0.0484,0.8011,0.0134,0.9317,0.0667,0.79974,0.99004,0,0,1000.0,1000.0,200
cpsc,LBBB,georgia,away,0.2,aps,mondrian,4115,4115,0.02187,90,0.8073,0.0129,0.9338,0.035,0.8045,0.0131,1.0254,0.0907,0.79974,0.99004,0,0,1000.0,1000.0,200
cpsc,LBBB,cpsc,home,0.2,aps,mondrian,4124,4124,0.0274,113,0.806,0.0137,0.9172,0.0394,0.8029,0.014,0.9525,0.0755,0.79974,0.99004,0,0,1000.0,1000.0,200
cpsc,LBBB,cpsc-calibration-holdout,calibration holdout,0.2,aps,weighted,2000,2000,0.029,58,0.8021,0.0197,0.5355,0.0792,0.8101,0.0193,0.8247,0.0195,0.80805,0.80817,0,0,1000.0,994.0,200
cpsc,LBBB,ptbxl,away,0.2,aps,weighted,8000,6937,0.027,216,0.8208,0.0151,0.8228,0.0263,0.8207,0.0152,0.8545,0.0165,0.81916,0.82037,0,0,1000.0,941.3,200
cpsc,LBBB,sph,away,0.2,aps,weighted,8000,7671,0.00287,23,0.997,0.0246,0.9978,0.0178,0.997,0.0246,1.982,0.1463,0.79538,0.795,197,197,1000.0,975.9,200
cpsc,LBBB,chapman_ningbo,away,0.2,aps,weighted,7983,7983,0.01015,81,0.8025,0.0131,0.6159,0.0324,0.8044,0.0131,0.8183,0.0135,0.80298,0.80256,0,0,1000.0,989.4,200
cpsc,LBBB,georgia,away,0.2,aps,weighted,4115,4115,0.02187,90,0.8127,0.013,0.6983,0.0311,0.8153,0.013,0.8408,0.014,0.81044,0.81066,0,0,1000.0,994.6,200
cpsc,LBBB,cpsc,home,0.2,aps,weighted,4124,4124,0.0274,113,0.8079,0.0132,0.6885,0.0318,0.8112,0.0134,0.8235,0.0138,0.80797,0.80803,0,0,1000.0,998.3,200
cpsc,LBBB,cpsc-calibration-holdout,calibration holdout,0.1,lac,none,2000,2000,0.029,58,0.9005,0.0142,0.2745,0.0679,0.9193,0.0133,0.9084,0.0141,0.02488,0.02488,0,0,1000.0,1000.0,200
cpsc,LBBB,ptbxl,away,0.1,lac,none,8000,6937,0.027,216,0.8348,0.0091,0.4655,0.0205,0.845,0.0089,0.8363,0.0093,0.02488,0.02488,0,0,1000.0,1000.0,200
cpsc,LBBB,sph,away,0.1,lac,none,8000,7671,0.00287,23,0.977,0.0019,0.4439,0.0435,0.9785,0.0018,0.9772,0.0019,0.02488,0.02488,0,0,1000.0,1000.0,200
cpsc,LBBB,chapman_ningbo,away,0.1,lac,none,7983,7983,0.01015,81,0.9233,0.0043,0.183,0.0146,0.9309,0.0042,0.9259,0.0043,0.02488,0.02488,0,0,1000.0,1000.0,200
cpsc,LBBB,georgia,away,0.1,lac,none,4115,4115,0.02187,90,0.847,0.0086,0.2455,0.0134,0.8605,0.0085,0.8488,0.0087,0.02488,0.02488,0,0,1000.0,1000.0,200
cpsc,LBBB,cpsc,home,0.1,lac,none,4124,4124,0.0274,113,0.9124,0.0052,0.2738,0.0102,0.9304,0.0051,0.916,0.0054,0.02488,0.02488,0,0,1000.0,1000.0,200
cpsc,LBBB,cpsc-calibration-holdout,calibration holdout,0.1,lac,mondrian,2000,2000,0.029,58,0.9011,0.0152,0.9165,0.0729,0.9007,0.0154,1.1654,0.0573,0.02013,0.99302,0,0,1000.0,1000.0,200
cpsc,LBBB,ptbxl,away,0.1,lac,mondrian,8000,6937,0.027,216,0.8265,0.0096,0.9904,0.0025,0.822,0.0098,1.1931,0.0599,0.02013,0.99302,0,0,1000.0,1000.0,200
cpsc,LBBB,sph,away,0.1,lac,mondrian,8000,7671,0.00287,23,0.973,0.0032,1.0,0.0,0.9729,0.0032,1.0908,0.0328,0.02013,0.99302,0,0,1000.0,1000.0,200
cpsc,LBBB,chapman_ningbo,away,0.1,lac,mondrian,7983,7983,0.01015,81,0.9189,0.0055,0.8917,0.0373,0.9192,0.0055,1.1386,0.0492,0.02013,0.99302,0,0,1000.0,1000.0,200
cpsc,LBBB,georgia,away,0.1,lac,mondrian,4115,4115,0.02187,90,0.8416,0.0086,0.9676,0.0095,0.8388,0.0088,1.1887,0.063,0.02013,0.99302,0,0,1000.0,1000.0,200
cpsc,LBBB,cpsc,home,0.1,lac,mondrian,4124,4124,0.0274,113,0.9159,0.0073,0.9734,0.0167,0.9143,0.0075,1.1692,0.0546,0.02013,0.99302,0,0,1000.0,1000.0,200
cpsc,LBBB,cpsc-calibration-holdout,calibration holdout,0.1,lac,weighted,2000,2000,0.029,58,0.9013,0.0146,0.2781,0.0781,0.92,0.0139,0.9093,0.0146,0.02561,0.02565,0,0,1000.0,994.0,200
cpsc,LBBB,ptbxl,away,0.1,lac,weighted,8000,6937,0.027,216,0.8753,0.0165,0.5696,0.0416,0.8838,0.0158,0.8778,0.0172,0.04078,0.04215,0,0,1000.0,941.3,200
cpsc,LBBB,sph,away,0.1,lac,weighted,8000,7671,0.00287,23,0.9995,0.004,0.9896,0.0848,0.9995,0.0037,1.9845,0.1258,0.01816,0.01812,197,197,1000.0,975.9,200
cpsc,LBBB,chapman_ningbo,away,0.1,lac,weighted,7983,7983,0.01015,81,0.9168,0.0044,0.1614,0.0146,0.9245,0.0044,0.9192,0.0046,0.02202,0.02191,0,0,1000.0,989.4,200
cpsc,LBBB,georgia,away,0.1,lac,weighted,4115,4115,0.02187,90,0.8557,0.0102,0.2607,0.0211,0.869,0.0099,0.8575,0.0104,0.02739,0.02752,0,0,1000.0,994.6,200
cpsc,LBBB,cpsc,home,0.1,lac,weighted,4124,4124,0.0274,113,0.9135,0.0052,0.2762,0.0118,0.9315,0.0051,0.9171,0.0054,0.02539,0.02542,0,0,1000.0,998.3,200
cpsc,LBBB,cpsc-calibration-holdout,calibration holdout,0.1,aps,none,2000,2000,0.029,58,0.9002,0.0148,0.6381,0.0769,0.908,0.0142,0.931,0.0152,0.90578,0.90578,0,0,1000.0,1000.0,200
cpsc,LBBB,ptbxl,away,0.1,aps,none,8000,6937,0.027,216,0.9077,0.0105,0.8991,0.0181,0.9079,0.0106,0.9562,0.0132,0.90578,0.90578,0,0,1000.0,1000.0,200
cpsc,LBBB,sph,away,0.1,aps,none,8000,7671,0.00287,23,0.9084,0.0102,0.9483,0.0484,0.9082,0.0102,0.9112,0.0104,0.90578,0.90578,0,0,1000.0,1000.0,200
cpsc,LBBB,chapman_ningbo,away,0.1,aps,none,7983,7983,0.01015,81,0.9052,0.0103,0.7002,0.023,0.9073,0.0103,0.9285,0.0115,0.90578,0.90578,0,0,1000.0,1000.0,200
cpsc,LBBB,georgia,away,0.1,aps,none,4115,4115,0.02187,90,0.9081,0.0112,0.7861,0.0279,0.9108,0.0112,0.9505,0.0139,0.90578,0.90578,0,0,1000.0,1000.0,200
cpsc,LBBB,cpsc,home,0.1,aps,none,4124,4124,0.0274,113,0.9055,0.0103,0.7712,0.022,0.9093,0.0103,0.9296,0.0117,0.90578,0.90578,0,0,1000.0,1000.0,200
cpsc,LBBB,cpsc-calibration-holdout,calibration holdout,0.1,aps,mondrian,2000,2000,0.029,58,0.901,0.0139,0.9165,0.0742,0.9005,0.014,1.2979,0.1775,0.89849,0.99765,0,0,1000.0,1000.0,200
cpsc,LBBB,ptbxl,away,0.1,aps,mondrian,8000,6937,0.027,216,0.9029,0.0104,0.99,0.0052,0.9005,0.0107,1.3852,0.1698,0.89849,0.99765,0,0,1000.0,1000.0,200
cpsc,LBBB,sph,away,0.1,aps,mondrian,8000,7671,0.00287,23,0.9012,0.0103,1.0,0.0,0.9009,0.0104,1.1452,0.1759,0.89849,0.99765,0,0,1000.0,1000.0,200
cpsc,LBBB,chapman_ningbo,away,0.1,aps,mondrian,7983,7983,0.01015,81,0.9002,0.0103,0.9255,0.0462,0.8999,0.0104,1.268,0.1921,0.89849,0.99765,0,0,1000.0,1000.0,200
cpsc,LBBB,georgia,away,0.1,aps,mondrian,4115,4115,0.02187,90,0.9051,0.0109,0.9682,0.0175,0.9037,0.0111,1.3822,0.1731,0.89849,0.99765,0,0,1000.0,1000.0,200
cpsc,LBBB,cpsc,home,0.1,aps,mondrian,4124,4124,0.0274,113,0.9038,0.0102,0.9638,0.0226,0.9021,0.0104,1.2916,0.1787,0.89849,0.99765,0,0,1000.0,1000.0,200
cpsc,LBBB,cpsc-calibration-holdout,calibration holdout,0.1,aps,weighted,2000,2000,0.029,58,0.9011,0.015,0.639,0.0792,0.9089,0.0143,0.9321,0.0159,0.90678,0.90686,0,0,1000.0,994.0,200
cpsc,LBBB,ptbxl,away,0.1,aps,weighted,8000,6937,0.027,216,0.9193,0.0122,0.9097,0.0165,0.9195,0.0123,0.9722,0.0164,0.91745,0.91877,0,0,1000.0,941.3,200
cpsc,LBBB,sph,away,0.1,aps,weighted,8000,7671,0.00287,23,0.9985,0.0118,0.9991,0.0075,0.9985,0.0118,1.9836,0.1334,0.8988,0.89841,197,197,1000.0,975.9,200
cpsc,LBBB,chapman_ningbo,away,0.1,aps,weighted,7983,7983,0.01015,81,0.9011,0.0104,0.6964,0.0234,0.9032,0.0105,0.9237,0.0116,0.90173,0.90115,0,0,1000.0,989.4,200
cpsc,LBBB,georgia,away,0.1,aps,weighted,4115,4115,0.02187,90,0.9114,0.0114,0.7901,0.0285,0.9142,0.0113,0.9548,0.0142,0.90909,0.90945,0,0,1000.0,994.6,200
cpsc,LBBB,cpsc,home,0.1,aps,weighted,4124,4124,0.0274,113,0.9065,0.0102,0.7721,0.0221,0.9103,0.0103,0.9309,0.0118,0.90684,0.90694,0,0,1000.0,998.3,200
cpsc,LBBB,cpsc-calibration-holdout,calibration holdout,0.05,lac,none,2000,2000,0.029,58,0.9503,0.01,0.3927,0.0834,0.9671,0.0083,0.9607,0.0095,0.08279,0.08279,0,0,1000.0,1000.0,200
cpsc,LBBB,ptbxl,away,0.05,lac,none,8000,6937,0.027,216,0.9182,0.0084,0.6778,0.0232,0.9249,0.008,0.9235,0.0093,0.08279,0.08279,0,0,1000.0,1000.0,200
cpsc,LBBB,sph,away,0.05,lac,none,8000,7671,0.00287,23,0.9939,0.0014,0.7463,0.0812,0.9946,0.0012,0.9942,0.0014,0.08279,0.08279,0,0,1000.0,1000.0,200
cpsc,LBBB,chapman_ningbo,away,0.05,lac,none,7983,7983,0.01015,81,0.9622,0.0036,0.3148,0.0183,0.9689,0.0035,0.9671,0.0041,0.08279,0.08279,0,0,1000.0,1000.0,200
cpsc,LBBB,georgia,away,0.05,lac,none,4115,4115,0.02187,90,0.9267,0.0082,0.3916,0.0228,0.9387,0.0079,0.932,0.0088,0.08279,0.08279,0,0,1000.0,1000.0,200
cpsc,LBBB,cpsc,home,0.05,lac,none,4124,4124,0.0274,113,0.958,0.0049,0.4361,0.0384,0.9728,0.004,0.9657,0.0051,0.08279,0.08279,0,0,1000.0,1000.0,200
cpsc,LBBB,cpsc-calibration-holdout,calibration holdout,0.05,lac,mondrian,2000,2000,0.029,58,0.9513,0.01,0.9724,0.0428,0.9507,0.0103,1.629,0.2994,0.04805,0.99782,0,0,1000.0,1000.0,200
cpsc,LBBB,ptbxl,away,0.05,lac,mondrian,8000,6937,0.027,216,0.8989,0.0077,0.996,0.0046,0.8962,0.008,1.6322,0.2597,0.04805,0.99782,0,0,1000.0,1000.0,200
cpsc,LBBB,sph,away,0.05,lac,mondrian,8000,7671,0.00287,23,0.9901,0.0014,1.0,0.0,0.9901,0.0014,1.5787,0.3727,0.04805,0.99782,0,0,1000.0,1000.0,200
cpsc,LBBB,chapman_ningbo,away,0.05,lac,mondrian,7983,7983,0.01015,81,0.9564,0.004,0.9746,0.0369,0.9562,0.0041,1.6302,0.3397,0.04805,0.99782,0,0,1000.0,1000.0,200
cpsc,LBBB,georgia,away,0.05,lac,mondrian,4115,4115,0.02187,90,0.9116,0.0081,0.9892,0.0128,0.9099,0.0083,1.638,0.2635,0.04805,0.99782,0,0,1000.0,1000.0,200
cpsc,LBBB,cpsc,home,0.05,lac,mondrian,4124,4124,0.0274,113,0.9584,0.0049,0.9917,0.0102,0.9575,0.0051,1.6292,0.3046,0.04805,0.99782,0,0,1000.0,1000.0,200
cpsc,LBBB,cpsc-calibration-holdout,calibration holdout,0.05,lac,weighted,2000,2000,0.029,58,0.9517,0.0104,0.4055,0.0997,0.9681,0.0086,0.9624,0.0106,0.09129,0.09308,0,0,1000.0,994.0,200
cpsc,LBBB,ptbxl,away,0.05,lac,weighted,8000,6937,0.027,216,0.955,0.0144,0.8314,0.0697,0.9584,0.0129,0.9703,0.0231,0.26791,0.29372,0,0,1000.0,941.3,200
cpsc,LBBB,sph,away,0.05,lac,weighted,8000,7671,0.00287,23,0.9998,0.0015,0.9939,0.0497,0.9998,0.0013,1.9848,0.1233,0.04355,0.04227,197,197,1000.0,975.9,200
cpsc,LBBB,chapman_ningbo,away,0.05,lac,weighted,7983,7983,0.01015,81,0.9548,0.0035,0.2838,0.0184,0.9616,0.0034,0.9586,0.004,0.05892,0.05791,0,0,1000.0,989.4,200
cpsc,LBBB,georgia,away,0.05,lac,weighted,4115,4115,0.02187,90,0.9358,0.0086,0.4202,0.034,0.9473,0.0081,0.9419,0.0096,0.10488,0.10678,0,0,1000.0,994.6,200
cpsc,LBBB,cpsc,home,0.05,lac,weighted,4124,4124,0.0274,113,0.9596,0.0051,0.4519,0.0428,0.9739,0.0041,0.9673,0.0052,0.08809,0.08852,0,0,1000.0,998.3,200
cpsc,LBBB,cpsc-calibration-holdout,calibration holdout,0.05,aps,none,2000,2000,0.029,58,0.9497,0.0103,0.6979,0.0741,0.9573,0.0097,0.9949,0.0128,0.95521,0.95521,0,0,1000.0,1000.0,200
cpsc,LBBB,ptbxl,away,0.05,aps,none,8000,6937,0.027,216,0.9575,0.0072,0.9411,0.0125,0.958,0.0073,1.0319,0.0134,0.95521,0.95521,0,0,1000.0,1000.0,200
cpsc,LBBB,sph,away,0.05,aps,none,8000,7671,0.00287,23,0.9578,0.0068,0.9796,0.0308,0.9577,0.0068,0.9637,0.0077,0.95521,0.95521,0,0,1000.0,1000.0,200
cpsc,LBBB,chapman_ningbo,away,0.05,aps,none,7983,7983,0.01015,81,0.9549,0.0071,0.7429,0.0189,0.9571,0.0071,0.9893,0.0099,0.95521,0.95521,0,0,1000.0,1000.0,200
cpsc,LBBB,georgia,away,0.05,aps,none,4115,4115,0.02187,90,0.9573,0.0075,0.8464,0.0243,0.9598,0.0074,1.0239,0.0134,0.95521,0.95521,0,0,1000.0,1000.0,200
cpsc,LBBB,cpsc,home,0.05,aps,none,4124,4124,0.0274,113,0.9539,0.007,0.8137,0.0162,0.9578,0.007,0.992,0.0103,0.95521,0.95521,0,0,1000.0,1000.0,200
cpsc,LBBB,cpsc-calibration-holdout,calibration holdout,0.05,aps,mondrian,2000,2000,0.029,58,0.9509,0.0103,0.9716,0.041,0.9503,0.0104,1.6978,0.2159,0.9479,0.99947,0,0,1000.0,1000.0,200
cpsc,LBBB,ptbxl,away,0.05,aps,mondrian,8000,6937,0.027,216,0.9518,0.0072,0.9959,0.0041,0.9506,0.0074,1.7456,0.1839,0.9479,0.99947,0,0,1000.0,1000.0,200
cpsc,LBBB,sph,away,0.05,aps,mondrian,8000,7671,0.00287,23,0.9507,0.0072,1.0,0.0,0.9505,0.0072,1.6015,0.2705,0.9479,0.99947,0,0,1000.0,1000.0,200
cpsc,LBBB,chapman_ningbo,away,0.05,aps,mondrian,7983,7983,0.01015,81,0.95,0.0074,0.9794,0.0287,0.9497,0.0074,1.6981,0.2348,0.9479,0.99947,0,0,1000.0,1000.0,200
cpsc,LBBB,georgia,away,0.05,aps,mondrian,4115,4115,0.02187,90,0.9533,0.0076,0.9877,0.0133,0.9525,0.0078,1.7472,0.1866,0.9479,0.99947,0,0,1000.0,1000.0,200
cpsc,LBBB,cpsc,home,0.05,aps,mondrian,4124,4124,0.0274,113,0.9517,0.0075,0.9881,0.0153,0.9507,0.0076,1.6934,0.2165,0.9479,0.99947,0,0,1000.0,1000.0,200
cpsc,LBBB,cpsc-calibration-holdout,calibration holdout,0.05,aps,weighted,2000,2000,0.029,58,0.9507,0.0104,0.6988,0.0767,0.9583,0.0096,0.9966,0.0141,0.95605,0.95615,0,0,1000.0,994.0,200
cpsc,LBBB,ptbxl,away,0.05,aps,weighted,8000,6937,0.027,216,0.968,0.008,0.9517,0.0119,0.9685,0.0081,1.0576,0.0205,0.96561,0.96691,0,0,1000.0,941.3,200
cpsc,LBBB,sph,away,0.05,aps,weighted,8000,7671,0.00287,23,0.9993,0.0058,1.0,0.0,0.9993,0.0058,1.9844,0.127,0.94852,0.94807,197,197,1000.0,975.9,200
cpsc,LBBB,chapman_ningbo,away,0.05,aps,weighted,7983,7983,0.01015,81,0.951,0.0073,0.7377,0.0186,0.9531,0.0073,0.9836,0.0097,0.9513,0.95066,0,0,1000.0,989.4,200
cpsc,LBBB,georgia,away,0.05,aps,weighted,4115,4115,0.02187,90,0.9603,0.0076,0.8522,0.0247,0.9627,0.0075,1.0303,0.0147,0.95823,0.95858,0,0,1000.0,994.6,200
cpsc,LBBB,cpsc,home,0.05,aps,weighted,4124,4124,0.0274,113,0.9548,0.0069,0.8147,0.0168,0.9587,0.0068,0.9935,0.0103,0.95616,0.95617,0,0,1000.0,998.3,200
cpsc,RBBB,cpsc-calibration-holdout,calibration holdout,0.2,lac,none,2000,2000,0.1895,379,0.8011,0.0179,0.3805,0.0565,0.8994,0.0088,0.811,0.0185,0.0401,0.0401,0,0,1000.0,1000.0,200
cpsc,RBBB,ptbxl,away,0.2,lac,none,8000,6937,0.026,208,0.8674,0.0042,0.3655,0.0422,0.8808,0.0032,0.8714,0.0049,0.0401,0.0401,0,0,1000.0,1000.0,200
cpsc,RBBB,sph,away,0.2,lac,none,8000,7671,0.02738,219,0.9184,0.0035,0.4724,0.0589,0.931,0.002,0.9196,0.0037,0.0401,0.0401,0,0,1000.0,1000.0,200
cpsc,RBBB,chapman_ningbo,away,0.2,lac,none,7983,7983,0.04121,329,0.84,0.0054,0.3597,0.0517,0.8606,0.0034,0.8429,0.0058,0.0401,0.0401,0,0,1000.0,1000.0,200
cpsc,RBBB,georgia,away,0.2,lac,none,4115,4115,0.052,214,0.7566,0.0058,0.2634,0.0307,0.7837,0.0045,0.7669,0.0072,0.0401,0.0401,0,0,1000.0,1000.0,200
cpsc,RBBB,cpsc,home,0.2,lac,none,4124,4124,0.18768,774,0.8192,0.009,0.4383,0.0371,0.9072,0.0026,0.831,0.0105,0.0401,0.0401,0,0,1000.0,1000.0,200
cpsc,RBBB,cpsc-calibration-holdout,calibration holdout,0.2,lac,mondrian,2000,2000,0.1895,379,0.8016,0.0181,0.8026,0.0432,0.8014,0.0194,0.8255,0.0204,0.00327,0.28704,0,0,1000.0,1000.0,200
cpsc,RBBB,ptbxl,away,0.2,lac,mondrian,8000,6937,0.026,208,0.7396,0.017,0.9035,0.0159,0.7352,0.0175,0.7765,0.0182,0.00327,0.28704,0,0,1000.0,1000.0,200
cpsc,RBBB,sph,away,0.2,lac,mondrian,8000,7671,0.02738,219,0.8626,0.0086,0.9382,0.0205,0.8605,0.0088,0.8854,0.0097,0.00327,0.28704,0,0,1000.0,1000.0,200
cpsc,RBBB,chapman_ningbo,away,0.2,lac,mondrian,7983,7983,0.04121,329,0.7114,0.0181,0.88,0.0221,0.7041,0.0188,0.7417,0.0199,0.00327,0.28704,0,0,1000.0,1000.0,200
cpsc,RBBB,georgia,away,0.2,lac,mondrian,4115,4115,0.052,214,0.6452,0.0151,0.8001,0.0318,0.6367,0.0158,0.7201,0.0194,0.00327,0.28704,0,0,1000.0,1000.0,200
cpsc,RBBB,cpsc,home,0.2,lac,mondrian,4124,4124,0.18768,774,0.8052,0.0098,0.8306,0.0206,0.7993,0.0109,0.8268,0.0114,0.00327,0.28704,0,0,1000.0,1000.0,200
cpsc,RBBB,cpsc-calibration-holdout,calibration holdout,0.2,lac,weighted,2000,2000,0.1895,379,0.8017,0.0159,0.3816,0.0661,0.8994,0.0083,0.8117,0.0163,0.0405,0.04053,0,0,1000.0,996.9,200
cpsc,RBBB,ptbxl,away,0.2,lac,weighted,8000,6937,0.026,208,0.7708,0.0115,0.0048,0.0,0.7913,0.0118,0.771,0.0115,0.00587,0.00578,0,0,1000.0,874.9,200
cpsc,RBBB,sph,away,0.2,lac,weighted,8000,7671,0.02738,219,0.8496,0.0066,0.0003,0.0011,0.8735,0.0068,0.8499,0.0066,0.00415,0.00409,0,0,1000.0,840.9,200
cpsc,RBBB,chapman_ningbo,away,0.2,lac,weighted,7983,7983,0.04121,329,0.7633,0.0106,0.0266,0.0085,0.7949,0.0108,0.7642,0.0107,0.00809,0.00798,0,0,1000.0,903.4,200
cpsc,RBBB,georgia,away,0.2,lac,weighted,4115,4115,0.052,214,0.7306,0.0062,0.1211,0.0333,0.764,0.0048,0.737,0.0069,0.02502,0.0249,0,0,1000.0,975.6,200
cpsc,RBBB,cpsc,home,0.2,lac,weighted,4124,4124,0.18768,774,0.8144,0.008,0.4187,0.0332,0.9058,0.0022,0.8255,0.0091,0.03762,0.0376,0,0,1000.0,998.6,200
cpsc,RBBB,cpsc-calibration-holdout,calibration holdout,0.2,aps,none,2000,2000,0.1895,379,0.8019,0.0181,0.7928,0.0311,0.804,0.0196,0.8782,0.0197,0.82007,0.82007,0,0,1000.0,1000.0,200
cpsc,RBBB,ptbxl,away,0.2,aps,none,8000,6937,0.026,208,0.7975,0.0125,0.8571,0.0231,0.7959,0.0126,0.8613,0.0139,0.82007,0.82007,0,0,1000.0,1000.0,200
cpsc,RBBB,sph,away,0.2,aps,none,8000,7671,0.02738,219,0.8062,0.0127,0.8606,0.0233,0.8046,0.0127,0.8458,0.0135,0.82007,0.82007,0,0,1000.0,1000.0,200
cpsc,RBBB,chapman_ningbo,away,0.2,aps,none,7983,7983,0.04121,329,0.8037,0.013,0.864,0.0198,0.8011,0.0131,0.8769,0.0147,0.82007,0.82007,0,0,1000.0,1000.0,200
cpsc,RBBB,georgia,away,0.2,aps,none,4115,4115,0.052,214,0.7689,0.013,0.805,0.0216,0.7669,0.0132,0.8972,0.0157,0.82007,0.82007,0,0,1000.0,1000.0,200
cpsc,RBBB,cpsc,home,0.2,aps,none,4124,4124,0.18768,774,0.8065,0.0129,0.7955,0.0158,0.809,0.0135,0.8671,0.0146,0.82007,0.82007,0,0,1000.0,1000.0,200
cpsc,RBBB,cpsc-calibration-holdout,calibration holdout,0.2,aps,mondrian,2000,2000,0.1895,379,0.8025,0.0181,0.8024,0.0432,0.8025,0.0211,0.8799,0.0198,0.81872,0.83064,0,0,1000.0,1000.0,200
cpsc,RBBB,ptbxl,away,0.2,aps,mondrian,8000,6937,0.026,208,0.7964,0.0131,0.867,0.0334,0.7945,0.0134,0.8616,0.014,0.81872,0.83064,0,0,1000.0,1000.0,200
cpsc,RBBB,sph,away,0.2,aps,mondrian,8000,7671,0.02738,219,0.8051,0.0131,0.8708,0.0315,0.8033,0.0134,0.8455,0.0136,0.81872,0.83064,0,0,1000.0,1000.0,200
cpsc,RBBB,chapman_ningbo,away,0.2,aps,mondrian,7983,7983,0.04121,329,0.8027,0.0136,0.8733,0.0317,0.7997,0.0142,0.8775,0.0147,0.81872,0.83064,0,0,1000.0,1000.0,200
cpsc,RBBB,georgia,away,0.2,aps,mondrian,4115,4115,0.052,214,0.768,0.0134,0.8142,0.0309,0.7655,0.014,0.8989,0.016,0.81872,0.83064,0,0,1000.0,1000.0,200
cpsc,RBBB,cpsc,home,0.2,aps,mondrian,4124,4124,0.18768,774,0.8071,0.0127,0.8056,0.0285,0.8075,0.0143,0.8688,0.0147,0.81872,0.83064,0,0,1000.0,1000.0,200
cpsc,RBBB,cpsc-calibration-holdout,calibration holdout,0.2,aps,weighted,2000,2000,0.1895,379,0.8023,0.0181,0.7931,0.0311,0.8044,0.0195,0.8787,0.0196,0.82041,0.82044,0,0,1000.0,996.9,200
cpsc,RBBB,ptbxl,away,0.2,aps,weighted,8000,6937,0.026,208,0.7966,0.013,0.8558,0.0232,0.795,0.0131,0.8602,0.0145,0.81926,0.81851,0,0,1000.0,874.9,200
cpsc,RBBB,sph,away,0.2,aps,weighted,8000,7671,0.02738,219,0.8052,0.0131,0.8589,0.0234,0.8036,0.0132,0.8447,0.014,0.8191,0.81821,0,0,1000.0,840.9,200
cpsc,RBBB,chapman_ningbo,away,0.2,aps,weighted,7983,7983,0.04121,329,0.8029,0.0135,0.8626,0.0201,0.8004,0.0137,0.8759,0.0153,0.81939,0.8188,0,0,1000.0,903.4,200
cpsc,RBBB,georgia,away,0.2,aps,weighted,4115,4115,0.052,214,0.7688,0.013,0.8044,0.0214,0.7669,0.0132,0.8971,0.0157,0.82003,0.81972,0,0,1000.0,975.6,200
cpsc,RBBB,cpsc,home,0.2,aps,weighted,4124,4124,0.18768,774,0.8067,0.0129,0.7957,0.0158,0.8092,0.0135,0.8673,0.0146,0.82026,0.82019,0,0,1000.0,998.6,200
cpsc,RBBB,cpsc-calibration-holdout,calibration holdout,0.1,lac,none,2000,2000,0.1895,379,0.8995,0.0137,0.7695,0.0401,0.9298,0.0091,0.9317,0.0159,0.22119,0.22119,0,0,1000.0,1000.0,200
cpsc,RBBB,ptbxl,away,0.1,lac,none,8000,6937,0.026,208,0.9223,0.0039,0.8771,0.0211,0.9235,0.0034,0.9534,0.0074,0.22119,0.22119,0,0,1000.0,1000.0,200
cpsc,RBBB,sph,away,0.1,lac,none,8000,7671,0.02738,219,0.9524,0.0024,0.9056,0.0217,0.9538,0.0019,0.9705,0.0055,0.22119,0.22119,0,0,1000.0,1000.0,200
cpsc,RBBB,chapman_ningbo,away,0.1,lac,none,7983,7983,0.04121,329,0.9087,0.0048,0.8455,0.024,0.9115,0.004,0.9316,0.0094,0.22119,0.22119,0,0,1000.0,1000.0,200
cpsc,RBBB,georgia,away,0.1,lac,none,4115,4115,0.052,214,0.843,0.0079,0.75,0.036,0.8481,0.0064,0.9074,0.0153,0.22119,0.22119,0,0,1000.0,1000.0,200
cpsc,RBBB,cpsc,home,0.1,lac,none,4124,4124,0.18768,774,0.9179,0.0068,0.8,0.0212,0.9451,0.0035,0.9473,0.0092,0.22119,0.22119,0,0,1000.0,1000.0,200
cpsc,RBBB,cpsc-calibration-holdout,calibration holdout,0.1,lac,mondrian,2000,2000,0.1895,379,0.9007,0.0125,0.9037,0.0306,0.9,0.0143,0.9632,0.017,0.04861,0.72652,0,0,1000.0,1000.0,200
cpsc,RBBB,ptbxl,away,0.1,lac,mondrian,8000,6937,0.026,208,0.8854,0.0118,0.9738,0.0096,0.8831,0.0122,0.9575,0.0157,0.04861,0.72652,0,0,1000.0,1000.0,200
cpsc,RBBB,sph,away,0.1,lac,mondrian,8000,7671,0.02738,219,0.934,0.0058,0.9838,0.0039,0.9326,0.006,0.9779,0.008,0.04861,0.72652,0,0,1000.0,1000.0,200
cpsc,RBBB,chapman_ningbo,away,0.1,lac,mondrian,7983,7983,0.04121,329,0.8687,0.0134,0.9786,0.0136,0.864,0.014,0.9501,0.0186,0.04861,0.72652,0,0,1000.0,1000.0,200
cpsc,RBBB,georgia,away,0.1,lac,mondrian,4115,4115,0.052,214,0.7943,0.0168,0.9025,0.0148,0.7883,0.0177,0.9355,0.025,0.04861,0.72652,0,0,1000.0,1000.0,200
cpsc,RBBB,cpsc,home,0.1,lac,mondrian,4124,4124,0.18768,774,0.9101,0.009,0.9149,0.0137,0.909,0.0108,0.9613,0.0147,0.04861,0.72652,0,0,1000.0,1000.0,200
cpsc,RBBB,cpsc-calibration-holdout,calibration holdout,0.1,lac,weighted,2000,2000,0.1895,379,0.9001,0.0134,0.7713,0.0417,0.9301,0.0088,0.9329,0.0156,0.2249,0.2248,0,0,1000.0,996.9,200
cpsc,RBBB,ptbxl,away,0.1,lac,weighted,8000,6937,0.026,208,0.8985,0.0072,0.6852,0.0656,0.9042,0.0057,0.9118,0.0109,0.1004,0.09697,0,0,1000.0,874.9,200
cpsc,RBBB,sph,away,0.1,lac,weighted,8000,7671,0.02738,219,0.9322,0.0058,0.6918,0.0918,0.939,0.0034,0.9357,0.0076,0.07336,0.06977,0,0,1000.0,840.9,200
cpsc,RBBB,chapman_ningbo,away,0.1,lac,weighted,7983,7983,0.04121,329,0.8876,0.0069,0.7109,0.0501,0.8952,0.0051,0.8978,0.0092,0.12108,0.11777,0,0,1000.0,903.4,200
cpsc,RBBB,georgia,away,0.1,lac,weighted,4115,4115,0.052,214,0.8316,0.0069,0.6904,0.0367,0.8394,0.0054,0.8858,0.0129,0.17627,0.17463,0,0,1000.0,975.6,200
cpsc,RBBB,cpsc,home,0.1,lac,weighted,4124,4124,0.18768,774,0.9169,0.0067,0.7968,0.0211,0.9447,0.0034,0.9459,0.0089,0.21586,0.21559,0,0,1000.0,998.6,200
cpsc,RBBB,cpsc-calibration-holdout,calibration holdout,0.1,aps,none,2000,2000,0.1895,379,0.9004,0.0136,0.8826,0.0232,0.9045,0.0143,1.0081,0.0179,0.91684,0.91684,0,0,1000.0,1000.0,200
cpsc,RBBB,ptbxl,away,0.1,aps,none,8000,6937,0.026,208,0.9002,0.0103,0.9482,0.015,0.8989,0.0104,0.9819,0.0129,0.91684,0.91684,0,0,1000.0,1000.0,200
cpsc,RBBB,sph,away,0.1,aps,none,8000,7671,0.02738,219,0.9076,0.0099,0.9477,0.0146,0.9065,0.01,0.9578,0.0115,0.91684,0.91684,0,0,1000.0,1000.0,200
cpsc,RBBB,chapman_ningbo,away,0.1,aps,none,7983,7983,0.04121,329,0.9067,0.0098,0.9509,0.0113,0.9048,0.01,1.0018,0.0131,0.91684,0.91684,0,0,1000.0,1000.0,200
cpsc,RBBB,georgia,away,0.1,aps,none,4115,4115,0.052,214,0.8766,0.0123,0.8876,0.0141,0.876,0.0126,1.0384,0.0164,0.91684,0.91684,0,0,1000.0,1000.0,200
cpsc,RBBB,cpsc,home,0.1,aps,none,4124,4124,0.18768,774,0.904,0.0099,0.8862,0.011,0.9082,0.0105,0.9922,0.0142,0.91684,0.91684,0,0,1000.0,1000.0,200
cpsc,RBBB,cpsc-calibration-holdout,calibration holdout,0.1,aps,mondrian,2000,2000,0.1895,379,0.9011,0.0138,0.9031,0.0304,0.9006,0.0157,1.0128,0.0185,0.91338,0.93921,0,0,1000.0,1000.0,200
cpsc,RBBB,ptbxl,away,0.1,aps,mondrian,8000,6937,0.026,208,0.8967,0.0115,0.9643,0.0168,0.8949,0.0118,0.986,0.014,0.91338,0.93921,0,0,1000.0,1000.0,200
cpsc,RBBB,sph,away,0.1,aps,mondrian,8000,7671,0.02738,219,0.9045,0.011,0.9648,0.0174,0.9028,0.0113,0.9584,0.0121,0.91338,0.93921,0,0,1000.0,1000.0,200
cpsc,RBBB,chapman_ningbo,away,0.1,aps,mondrian,7983,7983,0.04121,329,0.9036,0.0111,0.9669,0.014,0.9008,0.0116,1.0075,0.0147,0.91338,0.93921,0,0,1000.0,1000.0,200
cpsc,RBBB,georgia,away,0.1,aps,mondrian,4115,4115,0.052,214,0.8732,0.0132,0.9033,0.0169,0.8716,0.0139,1.0459,0.018,0.91338,0.93921,0,0,1000.0,1000.0,200
cpsc,RBBB,cpsc,home,0.1,aps,mondrian,4124,4124,0.18768,774,0.9051,0.0101,0.9074,0.0174,0.9045,0.0119,0.9981,0.0149,0.91338,0.93921,0,0,1000.0,1000.0,200
cpsc,RBBB,cpsc-calibration-holdout,calibration holdout,0.1,aps,weighted,2000,2000,0.1895,379,0.9009,0.0136,0.8829,0.0233,0.905,0.0143,1.0089,0.0181,0.91733,0.91735,0,0,1000.0,996.9,200
cpsc,RBBB,ptbxl,away,0.1,aps,weighted,8000,6937,0.026,208,0.8973,0.0112,0.9456,0.0153,0.896,0.0113,0.9781,0.014,0.9143,0.91351,0,0,1000.0,874.9,200
cpsc,RBBB,sph,away,0.1,aps,weighted,8000,7671,0.02738,219,0.9045,0.011,0.9441,0.0159,0.9034,0.0111,0.954,0.0127,0.9139,0.91285,0,0,1000.0,840.9,200
cpsc,RBBB,chapman_ningbo,away,0.1,aps,weighted,7983,7983,0.04121,329,0.9042,0.0107,0.9486,0.0121,0.9023,0.0109,0.9983,0.0142,0.91466,0.91397,0,0,1000.0,903.4,200
cpsc,RBBB,georgia,away,0.1,aps,weighted,4115,4115,0.052,214,0.8755,0.0126,0.8862,0.0146,0.8749,0.0129,1.0367,0.0168,0.91605,0.91557,0,0,1000.0,975.6,200
cpsc,RBBB,cpsc,home,0.1,aps,weighted,4124,4124,0.18768,774,0.9042,0.01,0.8863,0.0111,0.9083,0.0106,0.9925,0.0143,0.91702,0.91694,0,0,1000.0,998.6,200
cpsc,RBBB,cpsc-calibration-holdout,calibration holdout,0.05,lac,none,2000,2000,0.1895,379,0.9502,0.0088,0.8926,0.019,0.9636,0.008,1.0251,0.0122,0.61891,0.61891,0,0,1000.0,1000.0,200
cpsc,RBBB,ptbxl,away,0.05,lac,none,8000,6937,0.026,208,0.9538,0.0044,0.9647,0.0045,0.9535,0.0044,1.0182,0.0081,0.61891,0.61891,0,0,1000.0,1000.0,200
cpsc,RBBB,sph,away,0.05,lac,none,8000,7671,0.02738,219,0.9712,0.0031,0.9792,0.0032,0.9709,0.0031,1.0108,0.0052,0.61891,0.61891,0,0,1000.0,1000.0,200
cpsc,RBBB,chapman_ningbo,away,0.05,lac,none,7983,7983,0.04121,329,0.9569,0.0073,0.9692,0.0084,0.9563,0.0072,1.0299,0.0127,0.61891,0.61891,0,0,1000.0,1000.0,200
cpsc,RBBB,georgia,away,0.05,lac,none,4115,4115,0.052,214,0.9061,0.0077,0.8915,0.0059,0.9069,0.0079,1.0357,0.0149,0.61891,0.61891,0,0,1000.0,1000.0,200
cpsc,RBBB,cpsc,home,0.05,lac,none,4124,4124,0.18768,774,0.9596,0.0032,0.9026,0.0059,0.9728,0.0026,1.0196,0.009,0.61891,0.61891,0,0,1000.0,1000.0,200
cpsc,RBBB,cpsc-calibration-holdout,calibration holdout,0.05,lac,mondrian,2000,2000,0.1895,379,0.9508,0.0089,0.9543,0.0215,0.95,0.0101,1.0555,0.0118,0.43315,0.95613,0,0,1000.0,1000.0,200
cpsc,RBBB,ptbxl,away,0.05,lac,mondrian,8000,6937,0.026,208,0.9409,0.0047,0.9928,0.0026,0.9395,0.0048,1.0593,0.014,0.43315,0.95613,0,0,1000.0,1000.0,200
cpsc,RBBB,sph,away,0.05,lac,mondrian,8000,7671,0.02738,219,0.9632,0.0026,0.9906,0.001,0.9624,0.0026,1.0307,0.0068,0.43315,0.95613,0,0,1000.0,1000.0,200
cpsc,RBBB,chapman_ningbo,away,0.05,lac,mondrian,7983,7983,0.04121,329,0.9358,0.0071,0.9909,0.0,0.9334,0.0074,1.0713,0.0157,0.43315,0.95613,0,0,1000.0,1000.0,200
cpsc,RBBB,georgia,away,0.05,lac,mondrian,4115,4115,0.052,214,0.8825,0.0094,0.9383,0.0052,0.8795,0.01,1.0938,0.0207,0.43315,0.95613,0,0,1000.0,1000.0,200
cpsc,RBBB,cpsc,home,0.05,lac,mondrian,4124,4124,0.18768,774,0.9602,0.004,0.9527,0.0086,0.9619,0.0046,1.0562,0.0122,0.43315,0.95613,0,0,1000.0,1000.0,200
cpsc,RBBB,cpsc-calibration-holdout,calibration holdout,0.05,lac,weighted,2000,2000,0.1895,379,0.9511,0.0088,0.8934,0.0198,0.9646,0.0077,1.0275,0.0131,0.62769,0.62823,0,0,1000.0,996.9,200
cpsc,RBBB,ptbxl,away,0.05,lac,weighted,8000,6937,0.026,208,0.9431,0.0047,0.9455,0.0129,0.9431,0.0045,0.9966,0.0094,0.48353,0.4712,0,0,1000.0,874.9,200
cpsc,RBBB,sph,away,0.05,lac,weighted,8000,7671,0.02738,219,0.9634,0.0027,0.9716,0.0055,0.9632,0.0026,0.9954,0.0054,0.45556,0.44101,0,0,1000.0,840.9,200
cpsc,RBBB,chapman_ningbo,away,0.05,lac,weighted,7983,7983,0.04121,329,0.9418,0.0074,0.9431,0.0158,0.9417,0.0071,1.0008,0.0148,0.50858,0.49758,0,0,1000.0,903.4,200
cpsc,RBBB,georgia,away,0.05,lac,weighted,4115,4115,0.052,214,0.8993,0.0069,0.885,0.009,0.9001,0.0068,1.022,0.0138,0.57257,0.56908,0,0,1000.0,975.6,200
cpsc,RBBB,cpsc,home,0.05,lac,weighted,4124,4124,0.18768,774,0.9595,0.0032,0.9023,0.0058,0.9727,0.0026,1.0192,0.0088,0.61728,0.61658,0,0,1000.0,998.6,200
cpsc,RBBB,cpsc-calibration-holdout,calibration holdout,0.05,aps,none,2000,2000,0.1895,379,0.9502,0.0096,0.9269,0.0177,0.9556,0.0097,1.0991,0.0175,0.96302,0.96302,0,0,1000.0,1000.0,200
cpsc,RBBB,ptbxl,away,0.05,aps,none,8000,6937,0.026,208,0.9537,0.0068,0.9803,0.0081,0.953,0.0069,1.0584,0.0111,0.96302,0.96302,0,0,1000.0,1000.0,200
cpsc,RBBB,sph,away,0.05,aps,none,8000,7671,0.02738,219,0.9588,0.0059,0.9817,0.007,0.9582,0.006,1.0224,0.0087,0.96302,0.96302,0,0,1000.0,1000.0,200
cpsc,RBBB,chapman_ningbo,away,0.05,aps,none,7983,7983,0.04121,329,0.9578,0.006,0.9814,0.0054,0.9568,0.0062,1.082,0.0116,0.96302,0.96302,0,0,1000.0,1000.0,200
cpsc,RBBB,georgia,away,0.05,aps,none,4115,4115,0.052,214,0.9386,0.0082,0.9189,0.0091,0.9397,0.0084,1.138,0.0149,0.96302,0.96302,0,0,1000.0,1000.0,200
cpsc,RBBB,cpsc,home,0.05,aps,none,4124,4124,0.18768,774,0.9518,0.0065,0.9289,0.0066,0.957,0.007,1.0807,0.0146,0.96302,0.96302,0,0,1000.0,1000.0,200
cpsc,RBBB,cpsc-calibration-holdout,calibration holdout,0.05,aps,mondrian,2000,2000,0.1895,379,0.9514,0.0092,0.955,0.0227,0.9505,0.0103,1.1135,0.0211,0.95866,0.98538,0,0,1000.0,1000.0,200
cpsc,RBBB,ptbxl,away,0.05,aps,mondrian,8000,6937,0.026,208,0.9487,0.0074,0.9908,0.0056,0.9475,0.0076,1.0849,0.0224,0.95866,0.98538,0,0,1000.0,1000.0,200
cpsc,RBBB,sph,away,0.05,aps,mondrian,8000,7671,0.02738,219,0.9542,0.0068,0.9888,0.004,0.9532,0.0069,1.0326,0.0125,0.95866,0.98538,0,0,1000.0,1000.0,200
cpsc,RBBB,chapman_ningbo,away,0.05,aps,mondrian,7983,7983,0.04121,329,0.9533,0.0068,0.9884,0.0039,0.9518,0.0071,1.1105,0.0227,0.95866,0.98538,0,0,1000.0,1000.0,200
cpsc,RBBB,georgia,away,0.05,aps,mondrian,4115,4115,0.052,214,0.9333,0.0086,0.9358,0.0086,0.9331,0.0091,1.1732,0.0267,0.95866,0.98538,0,0,1000.0,1000.0,200
cpsc,RBBB,cpsc,home,0.05,aps,mondrian,4124,4124,0.18768,774,0.9523,0.0063,0.9526,0.0101,0.9523,0.0075,1.0993,0.0192,0.95866,0.98538,0,0,1000.0,1000.0,200
cpsc,RBBB,cpsc-calibration-holdout,calibration holdout,0.05,aps,weighted,2000,2000,0.1895,379,0.9507,0.0097,0.9272,0.0178,0.9562,0.0096,1.1006,0.018,0.96351,0.96352,0,0,1000.0,996.9,200
cpsc,RBBB,ptbxl,away,0.05,aps,weighted,8000,6937,0.026,208,0.9497,0.0071,0.9778,0.0082,0.9489,0.0072,1.0513,0.0112,0.95977,0.95901,0,0,1000.0,874.9,200
cpsc,RBBB,sph,away,0.05,aps,weighted,8000,7671,0.02738,219,0.9546,0.0066,0.9792,0.0081,0.9539,0.0067,1.016,0.0092,0.95922,0.95824,0,0,1000.0,840.9,200
cpsc,RBBB,chapman_ningbo,away,0.05,aps,weighted,7983,7983,0.04121,329,0.9547,0.0065,0.9799,0.006,0.9537,0.0067,1.0757,0.0117,0.96028,0.95961,0,0,1000.0,903.4,200
cpsc,RBBB,georgia,away,0.05,aps,weighted,4115,4115,0.052,214,0.9371,0.0082,0.9179,0.0093,0.9382,0.0085,1.1349,0.0147,0.96199,0.96167,0,0,1000.0,975.6,200
cpsc,RBBB,cpsc,home,0.05,aps,weighted,4124,4124,0.18768,774,0.9519,0.0065,0.9291,0.0066,0.9572,0.0071,1.081,0.0146,0.96316,0.96314,0,0,1000.0,998.6,200
cpsc,IAVB,cpsc-calibration-holdout,calibration holdout,0.2,lac,none,2000,2000,0.0755,151,0.7972,0.0179,0.0062,0.0067,0.862,0.0172,0.8027,0.0177,0.01325,0.01325,0,0,1000.0,1000.0,200
cpsc,IAVB,ptbxl,away,0.2,lac,none,8000,6937,0.04813,385,0.7417,0.0147,0.0025,0.0005,0.7791,0.0155,0.7485,0.015,0.01325,0.01325,0,0,1000.0,1000.0,200
cpsc,IAVB,sph,away,0.2,lac,none,8000,7671,0.00838,67,0.8884,0.0078,0.0022,0.0053,0.8959,0.0079,0.8885,0.0079,0.01325,0.01325,0,0,1000.0,1000.0,200
cpsc,IAVB,chapman_ningbo,away,0.2,lac,none,7983,7983,0.02869,229,0.7876,0.0134,0.0,0.0,0.8109,0.0138,0.7904,0.0135,0.01325,0.01325,0,0,1000.0,1000.0,200
cpsc,IAVB,georgia,away,0.2,lac,none,4115,4115,0.07631,314,0.7581,0.0118,0.0032,0.0,0.8205,0.0127,0.7649,0.0125,0.01325,0.01325,0,0,1000.0,1000.0,200
cpsc,IAVB,cpsc,home,0.2,lac,none,4124,4124,0.08099,334,0.7966,0.0097,0.0101,0.0028,0.866,0.0103,0.8013,0.01,0.01325,0.01325,0,0,1000.0,1000.0,200
cpsc,IAVB,cpsc-calibration-holdout,calibration holdout,0.2,lac,mondrian,2000,2000,0.0755,151,0.7979,0.0185,0.8004,0.0718,0.7977,0.0191,0.8303,0.022,0.00757,0.92091,0,0,1000.0,1000.0,200
cpsc,IAVB,ptbxl,away,0.2,lac,mondrian,8000,6937,0.04813,385,0.6805,0.0143,0.6787,0.038,0.6806,0.0149,0.7505,0.0215,0.00757,0.92091,0,0,1000.0,1000.0,200
cpsc,IAVB,sph,away,0.2,lac,mondrian,8000,7671,0.00838,67,0.8486,0.0068,0.9046,0.0318,0.8482,0.0069,0.8778,0.0095,0.00757,0.92091,0,0,1000.0,1000.0,200
cpsc,IAVB,chapman_ningbo,away,0.2,lac,mondrian,7983,7983,0.02869,229,0.7122,0.0145,0.7551,0.0304,0.7109,0.0149,0.7601,0.0195,0.00757,0.92091,0,0,1000.0,1000.0,200
cpsc,IAVB,georgia,away,0.2,lac,mondrian,4115,4115,0.07631,314,0.7405,0.0107,0.7661,0.0437,0.7383,0.011,0.7925,0.0181,0.00757,0.92091,0,0,1000.0,1000.0,200
cpsc,IAVB,cpsc,home,0.2,lac,mondrian,4124,4124,0.08099,334,0.8029,0.0086,0.8467,0.0268,0.7991,0.009,0.8368,0.0124,0.00757,0.92091,0,0,1000.0,1000.0,200
cpsc,IAVB,cpsc-calibration-holdout,calibration holdout,0.2,lac,weighted,2000,2000,0.0755,151,0.7992,0.0176,0.0062,0.0068,0.8643,0.0196,0.8047,0.0175,0.01364,0.01366,0,0,1000.0,995.8,200
cpsc,IAVB,ptbxl,away,0.2,lac,weighted,8000,6937,0.04813,385,0.7154,0.0148,0.0016,0.0013,0.7515,0.0155,0.7217,0.015,0.01112,0.01109,0,0,1000.0,994.3,200
cpsc,IAVB,sph,away,0.2,lac,weighted,8000,7671,0.00838,67,0.8497,0.0064,0.0,0.0,0.8569,0.0065,0.8497,0.0064,0.00825,0.00821,0,0,1000.0,950.6,200
cpsc,IAVB,chapman_ningbo,away,0.2,lac,weighted,7983,7983,0.02869,229,0.7295,0.0137,0.0,0.0,0.7511,0.0141,0.7316,0.0139,0.00908,0.00904,0,0,1000.0,972.7,200
cpsc,IAVB,georgia,away,0.2,lac,weighted,4115,4115,0.07631,314,0.7583,0.0115,0.0032,0.0002,0.8207,0.0124,0.7651,0.0122,0.01328,0.01327,0,0,1000.0,999.0,200
cpsc,IAVB,cpsc,home,0.2,lac,weighted,4124,4124,0.08099,334,0.8136,0.0095,0.0139,0.0024,0.8841,0.0102,0.8186,0.0097,0.01615,0.01623,0,0,1000.0,993.1,200
cpsc,IAVB,cpsc-calibration-holdout,calibration holdout,0.2,aps,none,2000,2000,0.0755,151,0.8015,0.0182,0.5661,0.0499,0.8208,0.018,0.8473,0.0189,0.8142,0.8142,0,0,1000.0,1000.0,200
cpsc,IAVB,ptbxl,away,0.2,aps,none,8000,6937,0.04813,385,0.8029,0.0124,0.4433,0.014,0.8211,0.0127,0.8539,0.014,0.8142,0.8142,0,0,1000.0,1000.0,200
cpsc,IAVB,sph,away,0.2,aps,none,8000,7671,0.00838,67,0.8161,0.0122,0.639,0.0376,0.8176,0.0122,0.8291,0.0127,0.8142,0.8142,0,0,1000.0,1000.0,200
cpsc,IAVB,chapman_ningbo,away,0.2,aps,none,7983,7983,0.02869,229,0.8133,0.0127,0.5122,0.0207,0.8222,0.0128,0.8429,0.0138,0.8142,0.8142,0,0,1000.0,1000.0,200
cpsc,IAVB,georgia,away,0.2,aps,none,4115,4115,0.07631,314,0.7956,0.0123,0.4869,0.0175,0.8211,0.0124,0.8533,0.0138,0.8142,0.8142,0,0,1000.0,1000.0,200
cpsc,IAVB,cpsc,home,0.2,aps,none,4124,4124,0.08099,334,0.8019,0.0132,0.6095,0.0189,0.8189,0.0135,0.8497,0.0147,0.8142,0.8142,0,0,1000.0,1000.0,200
cpsc,IAVB,cpsc-calibration-holdout,calibration holdout,0.2,aps,mondrian,2000,2000,0.0755,151,0.8013,0.018,0.7978,0.0697,0.8016,0.0185,0.8813,0.0291,0.79523,0.97163,0,0,1000.0,1000.0,200
cpsc,IAVB,ptbxl,away,0.2,aps,mondrian,8000,6937,0.04813,385,0.7962,0.013,0.6823,0.0449,0.802,0.0133,0.9072,0.0302,0.79523,0.97163,0,0,1000.0,1000.0,200
cpsc,IAVB,sph,away,0.2,aps,mondrian,8000,7671,0.00838,67,0.7993,0.013,0.8866,0.0419,0.7985,0.0132,0.8401,0.0178,0.79523,0.97163,0,0,1000.0,1000.0,200
cpsc,IAVB,chapman_ningbo,away,0.2,aps,mondrian,7983,7983,0.02869,229,0.8018,0.0131,0.7507,0.0453,0.8033,0.0134,0.8804,0.0275,0.79523,0.97163,0,0,1000.0,1000.0,200
cpsc,IAVB,georgia,away,0.2,aps,mondrian,4115,4115,0.07631,314,0.7986,0.013,0.7547,0.0455,0.8022,0.0134,0.9032,0.0268,0.79523,0.97163,0,0,1000.0,1000.0,200
cpsc,IAVB,cpsc,home,0.2,aps,mondrian,4124,4124,0.08099,334,0.803,0.013,0.8372,0.0354,0.8,0.0139,0.881,0.0221,0.79523,0.97163,0,0,1000.0,1000.0,200
cpsc,IAVB,cpsc-calibration-holdout,calibration holdout,0.2,aps,weighted,2000,2000,0.0755,151,0.8027,0.0193,0.5675,0.053,0.822,0.0188,0.8486,0.0204,0.81545,0.81548,0,0,1000.0,995.8,200
cpsc,IAVB,ptbxl,away,0.2,aps,weighted,8000,6937,0.04813,385,0.7985,0.0123,0.4397,0.0138,0.8166,0.0125,0.8488,0.0137,0.80973,0.80951,0,0,1000.0,994.3,200
cpsc,IAVB,sph,away,0.2,aps,weighted,8000,7671,0.00838,67,0.8009,0.0126,0.6237,0.0382,0.8023,0.0126,0.8132,0.013,0.79908,0.79842,0,0,1000.0,950.6,200
cpsc,IAVB,chapman_ningbo,away,0.2,aps,weighted,7983,7983,0.02869,229,0.8023,0.0131,0.5003,0.0209,0.8112,0.0131,0.8309,0.014,0.80324,0.80276,0,0,1000.0,972.7,200
cpsc,IAVB,georgia,away,0.2,aps,weighted,4115,4115,0.07631,314,0.7962,0.0126,0.4872,0.0173,0.8217,0.0128,0.854,0.0143,0.81482,0.81486,0,0,1000.0,999.0,200
cpsc,IAVB,cpsc,home,0.2,aps,weighted,4124,4124,0.08099,334,0.8076,0.0138,0.6155,0.0197,0.8245,0.0139,0.8561,0.0153,0.81989,0.82008,0,0,1000.0,993.1,200
cpsc,IAVB,cpsc-calibration-holdout,calibration holdout,0.1,lac,none,2000,2000,0.0755,151,0.8988,0.0139,0.1128,0.0363,0.9633,0.0099,0.9117,0.0143,0.06205,0.06205,0,0,1000.0,1000.0,200
cpsc,IAVB,ptbxl,away,0.1,lac,none,8000,6937,0.04813,385,0.8823,0.0085,0.0694,0.0127,0.9234,0.0083,0.8973,0.0095,0.06205,0.06205,0,0,1000.0,1000.0,200
cpsc,IAVB,sph,away,0.1,lac,none,8000,7671,0.00838,67,0.9604,0.0039,0.1503,0.0285,0.9673,0.0037,0.9616,0.004,0.06205,0.06205,0,0,1000.0,1000.0,200
cpsc,IAVB,chapman_ningbo,away,0.1,lac,none,7983,7983,0.02869,229,0.9193,0.0067,0.0278,0.006,0.9456,0.0068,0.9258,0.0071,0.06205,0.06205,0,0,1000.0,1000.0,200
cpsc,IAVB,georgia,away,0.1,lac,none,4115,4115,0.07631,314,0.8759,0.0082,0.0871,0.0216,0.9411,0.0071,0.8919,0.0098,0.06205,0.06205,0,0,1000.0,1000.0,200
cpsc,IAVB,cpsc,home,0.1,lac,none,4124,4124,0.08099,334,0.8938,0.0063,0.109,0.0296,0.9629,0.0043,0.9053,0.007,0.06205,0.06205,0,0,1000.0,1000.0,200
cpsc,IAVB,cpsc-calibration-holdout,calibration holdout,0.1,lac,mondrian,2000,2000,0.0755,151,0.8988,0.0138,0.9053,0.0544,0.8982,0.014,1.0025,0.0443,0.02038,0.97668,0,0,1000.0,1000.0,200
cpsc,IAVB,ptbxl,away,0.1,lac,mondrian,8000,6937,0.04813,385,0.8322,0.0129,0.8129,0.0494,0.8332,0.0133,1.0078,0.0678,0.02038,0.97668,0,0,1000.0,1000.0,200
cpsc,IAVB,sph,away,0.1,lac,mondrian,8000,7671,0.00838,67,0.9269,0.0061,0.977,0.02,0.9265,0.0061,1.0055,0.0343,0.02038,0.97668,0,0,1000.0,1000.0,200
cpsc,IAVB,chapman_ningbo,away,0.1,lac,mondrian,7983,7983,0.02869,229,0.8653,0.0124,0.8677,0.0398,0.8652,0.0127,1.0086,0.0656,0.02038,0.97668,0,0,1000.0,1000.0,200
cpsc,IAVB,georgia,away,0.1,lac,mondrian,4115,4115,0.07631,314,0.8672,0.0113,0.8762,0.037,0.8665,0.0118,1.0067,0.0558,0.02038,0.97668,0,0,1000.0,1000.0,200
cpsc,IAVB,cpsc,home,0.1,lac,mondrian,4124,4124,0.08099,334,0.9068,0.0094,0.9248,0.0228,0.9052,0.01,1.0049,0.046,0.02038,0.97668,0,0,1000.0,1000.0,200
cpsc,IAVB,cpsc-calibration-holdout,calibration holdout,0.1,lac,weighted,2000,2000,0.0755,151,0.9005,0.0153,0.1276,0.06,0.9638,0.0132,0.9141,0.0165,0.06762,0.06793,0,0,1000.0,995.8,200
cpsc,IAVB,ptbxl,away,0.1,lac,weighted,8000,6937,0.04813,385,0.8629,0.0082,0.0452,0.0088,0.9042,0.0082,0.8758,0.0088,0.0444,0.04425,0,0,1000.0,994.3,200
cpsc,IAVB,sph,away,0.1,lac,weighted,8000,7671,0.00838,67,0.9291,0.0038,0.0565,0.0087,0.9365,0.0038,0.9293,0.0039,0.02511,0.02486,0,0,1000.0,950.6,200
cpsc,IAVB,chapman_ningbo,away,0.1,lac,weighted,7983,7983,0.02869,229,0.8792,0.0066,0.0001,0.0005,0.9051,0.0068,0.8839,0.0068,0.03069,0.03042,0,0,1000.0,972.7,200
cpsc,IAVB,georgia,away,0.1,lac,weighted,4115,4115,0.07631,314,0.8765,0.0089,0.0886,0.0244,0.9415,0.0076,0.8925,0.0106,0.06289,0.06292,0,0,1000.0,999.0,200
cpsc,IAVB,cpsc,home,0.1,lac,weighted,4124,4124,0.08099,334,0.9083,0.0074,0.1892,0.0452,0.9717,0.0041,0.9225,0.0093,0.0944,0.09498,0,0,1000.0,993.1,200
cpsc,IAVB,cpsc-calibration-holdout,calibration holdout,0.1,aps,none,2000,2000,0.0755,151,0.8996,0.0137,0.6671,0.0496,0.9186,0.0126,0.9615,0.0158,0.9124,0.9124,0,0,1000.0,1000.0,200
cpsc,IAVB,ptbxl,away,0.1,aps,none,8000,6937,0.04813,385,0.9011,0.0102,0.5429,0.0184,0.9192,0.01,0.9725,0.0134,0.9124,0.9124,0,0,1000.0,1000.0,200
cpsc,IAVB,sph,away,0.1,aps,none,8000,7671,0.00838,67,0.9146,0.0099,0.7654,0.0351,0.9159,0.0099,0.9353,0.0113,0.9124,0.9124,0,0,1000.0,1000.0,200
cpsc,IAVB,chapman_ningbo,away,0.1,aps,none,7983,7983,0.02869,229,0.9115,0.01,0.6219,0.0219,0.9201,0.0098,0.9555,0.0124,0.9124,0.9124,0,0,1000.0,1000.0,200
cpsc,IAVB,georgia,away,0.1,aps,none,4115,4115,0.07631,314,0.8949,0.011,0.6035,0.0213,0.919,0.0107,0.974,0.0141,0.9124,0.9124,0,0,1000.0,1000.0,200
cpsc,IAVB,cpsc,home,0.1,aps,none,4124,4124,0.08099,334,0.9017,0.0105,0.7226,0.02,0.9175,0.0103,0.9684,0.0133,0.9124,0.9124,0,0,1000.0,1000.0,200
cpsc,IAVB,cpsc-calibration-holdout,calibration holdout,0.1,aps,mondrian,2000,2000,0.0755,151,0.9003,0.0134,0.9042,0.0518,0.8999,0.0136,1.0885,0.0724,0.89402,0.99311,0,0,1000.0,1000.0,200
cpsc,IAVB,ptbxl,away,0.1,aps,mondrian,8000,6937,0.04813,385,0.8974,0.0108,0.8276,0.0497,0.901,0.0108,1.1639,0.0944,0.89402,0.99311,0,0,1000.0,1000.0,200
cpsc,IAVB,sph,away,0.1,aps,mondrian,8000,7671,0.00838,67,0.898,0.0108,0.9687,0.0267,0.8974,0.0109,1.0197,0.0586,0.89402,0.99311,0,0,1000.0,1000.0,200
cpsc,IAVB,chapman_ningbo,away,0.1,aps,mondrian,7983,7983,0.02869,229,0.9011,0.011,0.8744,0.0435,0.9019,0.0111,1.1301,0.0952,0.89402,0.99311,0,0,1000.0,1000.0,200
cpsc,IAVB,georgia,away,0.1,aps,mondrian,4115,4115,0.07631,314,0.8992,0.0114,0.8811,0.0411,0.9007,0.0116,1.1359,0.0816,0.89402,0.99311,0,0,1000.0,1000.0,200
cpsc,IAVB,cpsc,home,0.1,aps,mondrian,4124,4124,0.08099,334,0.9009,0.0108,0.9209,0.0245,0.8991,0.0112,1.0882,0.0683,0.89402,0.99311,0,0,1000.0,1000.0,200
cpsc,IAVB,cpsc-calibration-holdout,calibration holdout,0.1,aps,weighted,2000,2000,0.0755,151,0.9006,0.0149,0.6683,0.0519,0.9196,0.0137,0.963,0.018,0.91336,0.91343,0,0,1000.0,995.8,200
cpsc,IAVB,ptbxl,away,0.1,aps,weighted,8000,6937,0.04813,385,0.897,0.0104,0.5371,0.0183,0.9152,0.0103,0.967,0.0135,0.90834,0.90812,0,0,1000.0,994.3,200
cpsc,IAVB,sph,away,0.1,aps,weighted,8000,7671,0.00838,67,0.8999,0.0107,0.7405,0.0341,0.9013,0.0107,0.9187,0.0118,0.89786,0.89712,0,0,1000.0,950.6,200
cpsc,IAVB,chapman_ningbo,away,0.1,aps,weighted,7983,7983,0.02869,229,0.9011,0.0105,0.6079,0.0203,0.9098,0.0104,0.9424,0.0125,0.90195,0.9013,0,0,1000.0,972.7,200
cpsc,IAVB,georgia,away,0.1,aps,weighted,4115,4115,0.07631,314,0.8955,0.0115,0.6045,0.0222,0.9195,0.0111,0.9748,0.0148,0.913,0.91298,0,0,1000.0,999.0,200
cpsc,IAVB,cpsc,home,0.1,aps,weighted,4124,4124,0.08099,334,0.9069,0.011,0.73,0.0207,0.9225,0.0107,0.9754,0.0142,0.91748,0.91773,0,0,1000.0,993.1,200
cpsc,IAVB,cpsc-calibration-holdout,calibration holdout,0.05,lac,none,2000,2000,0.0755,151,0.9499,0.0101,0.4282,0.0746,0.9929,0.0035,0.98,0.0107,0.33999,0.33999,0,0,1000.0,1000.0,200
cpsc,IAVB,ptbxl,away,0.05,lac,none,8000,6937,0.04813,385,0.9449,0.0058,0.2907,0.0306,0.978,0.0045,0.9777,0.0094,0.33999,0.33999,0,0,1000.0,1000.0,200
cpsc,IAVB,sph,away,0.05,lac,none,8000,7671,0.00838,67,0.9861,0.002,0.5004,0.0306,0.9902,0.0017,0.9927,0.003,0.33999,0.33999,0,0,1000.0,1000.0,200
cpsc,IAVB,chapman_ningbo,away,0.05,lac,none,7983,7983,0.02869,229,0.9683,0.0042,0.3076,0.0493,0.9878,0.0029,0.9847,0.0067,0.33999,0.33999,0,0,1000.0,1000.0,200
cpsc,IAVB,georgia,away,0.05,lac,none,4115,4115,0.07631,314,0.9376,0.006,0.3461,0.0381,0.9864,0.0034,0.9791,0.01,0.33999,0.33999,0,0,1000.0,1000.0,200
cpsc,IAVB,cpsc,home,0.05,lac,none,4124,4124,0.08099,334,0.9481,0.0054,0.4699,0.0438,0.9903,0.0021,0.9789,0.0089,0.33999,0.33999,0,0,1000.0,1000.0,200
cpsc,IAVB,cpsc-calibration-holdout,calibration holdout,0.05,lac,mondrian,2000,2000,0.0755,151,0.9499,0.0101,0.9563,0.0376,0.9493,0.0102,1.2292,0.1057,0.04548,0.99379,0,0,1000.0,1000.0,200
cpsc,IAVB,ptbxl,away,0.05,lac,mondrian,8000,6937,0.04813,385,0.9065,0.0071,0.9158,0.038,0.906,0.007,1.3316,0.1397,0.04548,0.99379,0,0,1000.0,1000.0,200
cpsc,IAVB,sph,away,0.05,lac,mondrian,8000,7671,0.00838,67,0.9594,0.003,0.9985,0.0063,0.9591,0.0031,1.187,0.0959,0.04548,0.99379,0,0,1000.0,1000.0,200
cpsc,IAVB,chapman_ningbo,away,0.05,lac,mondrian,7983,7983,0.02869,229,0.9316,0.006,0.9471,0.0285,0.9312,0.0061,1.3291,0.1435,0.04548,0.99379,0,0,1000.0,1000.0,200
cpsc,IAVB,georgia,away,0.05,lac,mondrian,4115,4115,0.07631,314,0.9281,0.0064,0.9515,0.0266,0.9261,0.0064,1.2756,0.1207,0.04548,0.99379,0,0,1000.0,1000.0,200
cpsc,IAVB,cpsc,home,0.05,lac,mondrian,4124,4124,0.08099,334,0.9542,0.004,0.9608,0.0123,0.9536,0.0041,1.2306,0.1051,0.04548,0.99379,0,0,1000.0,1000.0,200
cpsc,IAVB,cpsc-calibration-holdout,calibration holdout,0.05,lac,weighted,2000,2000,0.0755,151,0.9511,0.0134,0.4414,0.1281,0.9928,0.0046,0.9831,0.0189,0.36423,0.36427,0,0,1000.0,995.8,200
cpsc,IAVB,ptbxl,away,0.05,lac,weighted,8000,6937,0.04813,385,0.9285,0.0096,0.2073,0.0447,0.9649,0.0079,0.954,0.0128,0.20994,0.20696,0,0,1000.0,994.3,200
cpsc,IAVB,sph,away,0.05,lac,weighted,8000,7671,0.00838,67,0.96,0.0027,0.1385,0.0241,0.9669,0.0026,0.9611,0.0028,0.05995,0.05878,0,0,1000.0,950.6,200
cpsc,IAVB,chapman_ningbo,away,0.05,lac,weighted,7983,7983,0.02869,229,0.9335,0.0052,0.0448,0.0164,0.9598,0.0049,0.9412,0.0057,0.08926,0.08732,0,0,1000.0,972.7,200
cpsc,IAVB,georgia,away,0.05,lac,weighted,4115,4115,0.07631,314,0.9379,0.008,0.3504,0.053,0.9865,0.0044,0.98,0.0135,0.35102,0.35164,0,0,1000.0,999.0,200
cpsc,IAVB,cpsc,home,0.05,lac,weighted,4124,4124,0.08099,334,0.9587,0.0068,0.5644,0.0621,0.9935,0.002,0.9984,0.0134,0.4836,0.49131,0,0,1000.0,993.1,200
cpsc,IAVB,cpsc-calibration-holdout,calibration holdout,0.05,aps,none,2000,2000,0.0755,151,0.9487,0.0096,0.7558,0.0498,0.9646,0.0081,1.0345,0.0142,0.95916,0.95916,0,0,1000.0,1000.0,200
cpsc,IAVB,ptbxl,away,0.05,aps,none,8000,6937,0.04813,385,0.9496,0.0068,0.6339,0.02,0.9656,0.0064,1.0489,0.0131,0.95916,0.95916,0,0,1000.0,1000.0,200
cpsc,IAVB,sph,away,0.05,aps,none,8000,7671,0.00838,67,0.9615,0.0063,0.8505,0.0299,0.9625,0.0062,0.9939,0.0089,0.95916,0.95916,0,0,1000.0,1000.0,200
cpsc,IAVB,chapman_ningbo,away,0.05,aps,none,7983,7983,0.02869,229,0.9586,0.0062,0.7083,0.0238,0.966,0.0058,1.0248,0.0113,0.95916,0.95916,0,0,1000.0,1000.0,200
cpsc,IAVB,georgia,away,0.05,aps,none,4115,4115,0.07631,314,0.9455,0.007,0.7096,0.0219,0.965,0.0062,1.0515,0.0129,0.95916,0.95916,0,0,1000.0,1000.0,200
cpsc,IAVB,cpsc,home,0.05,aps,none,4124,4124,0.08099,334,0.9506,0.0071,0.8029,0.0178,0.9636,0.0066,1.0405,0.0117,0.95916,0.95916,0,0,1000.0,1000.0,200
cpsc,IAVB,cpsc-calibration-holdout,calibration holdout,0.05,aps,mondrian,2000,2000,0.0755,151,0.9507,0.0096,0.9546,0.0341,0.9504,0.0101,1.3466,0.1357,0.94426,0.99815,0,0,1000.0,1000.0,200
cpsc,IAVB,ptbxl,away,0.05,aps,mondrian,8000,6937,0.04813,385,0.9493,0.0076,0.9175,0.0405,0.9509,0.0078,1.473,0.1484,0.94426,0.99815,0,0,1000.0,1000.0,200
cpsc,IAVB,sph,away,0.05,aps,mondrian,8000,7671,0.00838,67,0.9482,0.0078,0.9914,0.0128,0.9478,0.0078,1.2573,0.135,0.94426,0.99815,0,0,1000.0,1000.0,200
cpsc,IAVB,chapman_ningbo,away,0.05,aps,mondrian,7983,7983,0.02869,229,0.9512,0.0075,0.9439,0.0288,0.9514,0.0077,1.4389,0.1479,0.94426,0.99815,0,0,1000.0,1000.0,200
cpsc,IAVB,georgia,away,0.05,aps,mondrian,4115,4115,0.07631,314,0.9503,0.0076,0.9471,0.0262,0.9506,0.0081,1.4181,0.1404,0.94426,0.99815,0,0,1000.0,1000.0,200
cpsc,IAVB,cpsc,home,0.05,aps,mondrian,4124,4124,0.08099,334,0.9496,0.0077,0.9585,0.015,0.9488,0.0083,1.3445,0.1323,0.94426,0.99815,0,0,1000.0,1000.0,200
cpsc,IAVB,cpsc-calibration-holdout,calibration holdout,0.05,aps,weighted,2000,2000,0.0755,151,0.9494,0.0103,0.7577,0.0529,0.9651,0.0085,1.0363,0.0171,0.9598,0.95988,0,0,1000.0,995.8,200
cpsc,IAVB,ptbxl,away,0.05,aps,weighted,8000,6937,0.04813,385,0.9461,0.0072,0.6246,0.0206,0.9624,0.0067,1.0419,0.013,0.95591,0.95554,0,0,1000.0,994.3,200
cpsc,IAVB,sph,away,0.05,aps,weighted,8000,7671,0.00838,67,0.9499,0.0074,0.8251,0.0317,0.951,0.0073,0.9775,0.0093,0.9475,0.94671,0,0,1000.0,950.6,200
cpsc,IAVB,chapman_ningbo,away,0.05,aps,weighted,7983,7983,0.02869,229,0.95,0.0069,0.6869,0.0227,0.9578,0.0066,1.0095,0.0109,0.95065,0.95015,0,0,1000.0,972.7,200
cpsc,IAVB,georgia,away,0.05,aps,weighted,4115,4115,0.07631,314,0.946,0.0074,0.7111,0.0231,0.9654,0.0066,1.0526,0.0139,0.95957,0.95961,0,0,1000.0,999.0,200
cpsc,IAVB,cpsc,home,0.05,aps,weighted,4124,4124,0.08099,334,0.9549,0.0073,0.8117,0.0189,0.9675,0.0066,1.0485,0.013,0.9631,0.96334,0,0,1000.0,993.1,200
